[20:12:03] [main/WARN] (FabricLoader/Knot) Class path entries reference missing files: C:\Users\0pcho\Downloads\ZXVXZ\Vurst-Visual-CRACKED\build\classes\java\main, C:\Users\0pcho\Downloads\ZXVXZ\Vurst-Visual-CRACKED\build\resources\main - the game may not load properly!
[20:12:03] [main/INFO] (FabricLoader/GameProvider) Loading Minecraft 1.21.4 with Fabric Loader 0.16.14
[20:12:03] [main/DEBUG] (FabricLoader/GamePatch) Found game constructor: net.minecraft.client.main.Main -> net.minecraft.client.MinecraftClient
[20:12:03] [main/DEBUG] (FabricLoader/GamePatch) Patching game constructor <init>(Lnet/minecraft/client/RunArgs;)V
[20:12:03] [main/DEBUG] (FabricLoader/GamePatch) Run directory field is thought to be net/minecraft/client/MinecraftClient/runDirectory
[20:12:03] [main/DEBUG] (FabricLoader/GamePatch) Applying brand name hook to net/minecraft/client/ClientBrandRetriever::getClientModName
[20:12:03] [main/DEBUG] (FabricLoader/GamePatch) Applying brand name hook to net/minecraft/server/MinecraftServer::getServerModName
[20:12:03] [main/DEBUG] (FabricLoader/Mappings) Loading mappings took 129 ms
[20:12:03] [main/DEBUG] (FabricLoader/GamePatch) Patched 3 classs
[20:12:03] [main/DEBUG] (FabricLoader/Discovery) Mod discovery time: 35,8 ms
[20:12:03] [main/DEBUG] (FabricLoader/Resolution) Mod resolution time: 61,4 ms
[20:12:03] [main/INFO] (FabricLoader) Loading 55 mods:
	- fabric-api 0.119.4+1.21.4
	- fabric-api-base 0.4.54+b47eab6b04
	- fabric-api-lookup-api-v1 1.6.86+b1caf1e904
	- fabric-biome-api-v1 15.0.6+b1c29d8e04
	- fabric-block-api-v1 1.0.31+7feeb73304
	- fabric-block-view-api-v2 1.0.20+9c49cc8c04
	- fabric-blockrenderlayer-v1 2.0.8+7feeb73304
	- fabric-client-gametest-api-v1 4.1.1+6816ccd404
	- fabric-client-tags-api-v1 1.1.29+20ea1e2304
	- fabric-command-api-v1 1.2.62+f71b366f04
	- fabric-command-api-v2 2.2.41+e496eb1504
	- fabric-commands-v0 0.2.79+df3654b304
	- fabric-content-registries-v0 9.1.19+25d1a67604
	- fabric-convention-tags-v1 2.1.20+7f945d5b04
	- fabric-convention-tags-v2 2.14.1+aebda09404
	- fabric-crash-report-info-v1 0.3.6+7feeb73304
	- fabric-data-attachment-api-v1 1.6.2+e99da0f704
	- fabric-data-generation-api-v1 22.3.1+0f4e5f5504
	- fabric-dimensions-v1 4.0.10+7feeb73304
	- fabric-entity-events-v1 2.0.15+62245bef04
	- fabric-events-interaction-v0 4.0.4+a4eebcf004
	- fabric-game-rule-api-v1 1.0.63+7d48d43904
	- fabric-gametest-api-v1 2.0.26+7feeb73304
	- fabric-item-api-v1 11.4.0+189dd6fe04
	- fabric-item-group-api-v1 4.2.2+fcb9601404
	- fabric-key-binding-api-v1 1.0.57+7d48d43904
	- fabric-keybindings-v0 0.2.55+df3654b304
	- fabric-lifecycle-events-v1 2.5.4+bf2a60eb04
	- fabric-loot-api-v2 3.0.38+3f89f5a504
	- fabric-loot-api-v3 1.0.26+203e6b2304
	- fabric-message-api-v1 6.0.26+238a33c004
	- fabric-model-loading-api-v1 4.3.0+ae23723504
	- fabric-networking-api-v1 4.4.0+db5e668204
	- fabric-object-builder-api-v1 18.0.14+38b0d59804
	- fabric-particles-v1 4.0.14+7feeb73304
	- fabric-recipe-api-v1 8.1.1+640e77ae04
	- fabric-registry-sync-v0 6.1.11+4a9c1ece04
	- fabric-renderer-api-v1 5.0.3+50f0feb204
	- fabric-renderer-indigo 2.0.3+50f0feb204
	- fabric-rendering-data-attachment-v1 0.3.58+73761d2e04
	- fabric-rendering-fluids-v1 3.1.19+7feeb73304
	- fabric-rendering-v1 10.2.1+0d31b09f04
	- fabric-resource-conditions-api-v1 5.0.13+203e6b2304
	- fabric-resource-loader-v0 3.1.1+360374ac04
	- fabric-screen-api-v1 2.0.38+7feeb73304
	- fabric-screen-handler-api-v1 1.3.118+7feeb73304
	- fabric-sound-api-v1 1.0.32+7feeb73304
	- fabric-tag-api-v1 1.0.7+7d48d43904
	- fabric-transfer-api-v1 5.4.9+efa825c904
	- fabric-transitive-access-wideners-v1 6.3.2+56e78b9b04
	- fabricloader 0.16.14
	- java 21
	- minecraft 1.21.4
	- mixinextras 0.4.1
	- vurstvisual 1.0-SNAPSHOT
[20:12:06] [main/DEBUG] (FabricLoader/Knot) Adding C:\Users\0pcho\Downloads\ZXVXZ\Vurst-Visual-CRACKED\.gradle\loom-cache\remapped_mods\remapped\net\fabricmc\fabric-api\fabric-loot-api-v3-7bb1627f\1.0.26+203e6b2304\fabric-loot-api-v3-7bb1627f-1.0.26+203e6b2304.jar to classpath.
[20:12:06] [main/DEBUG] (FabricLoader/Knot) Adding C:\Users\0pcho\Downloads\ZXVXZ\Vurst-Visual-CRACKED\.gradle\loom-cache\remapped_mods\remapped\net\fabricmc\fabric-api\fabric-crash-report-info-v1-7bb1627f\0.3.6+7feeb73304\fabric-crash-report-info-v1-7bb1627f-0.3.6+7feeb73304.jar to classpath.
[20:12:06] [main/DEBUG] (FabricLoader/Knot) Adding C:\Users\0pcho\Downloads\ZXVXZ\Vurst-Visual-CRACKED\.gradle\loom-cache\remapped_mods\remapped\net\fabricmc\fabric-api\fabric-block-api-v1-7bb1627f\1.0.31+7feeb73304\fabric-block-api-v1-7bb1627f-1.0.31+7feeb73304.jar to classpath.
[20:12:06] [main/DEBUG] (FabricLoader/Knot) Adding C:\Users\0pcho\Downloads\ZXVXZ\Vurst-Visual-CRACKED\.gradle\loom-cache\remapped_mods\remapped\net\fabricmc\fabric-api\fabric-rendering-fluids-v1-7bb1627f\3.1.19+7feeb73304\fabric-rendering-fluids-v1-7bb1627f-3.1.19+7feeb73304.jar to classpath.
[20:12:06] [main/DEBUG] (FabricLoader/Knot) Adding C:\Users\0pcho\Downloads\ZXVXZ\Vurst-Visual-CRACKED\.gradle\loom-cache\remapped_mods\remapped\net\fabricmc\fabric-api\fabric-data-attachment-api-v1-7bb1627f\1.6.2+e99da0f704\fabric-data-attachment-api-v1-7bb1627f-1.6.2+e99da0f704.jar to classpath.
[20:12:06] [main/DEBUG] (FabricLoader/Knot) Adding C:\Users\0pcho\Downloads\ZXVXZ\Vurst-Visual-CRACKED\run\.fabric\processedMods\fabric-api-0.119.4+1.21.4-64b5720b4b825f21.jar to classpath.
[20:12:06] [main/DEBUG] (FabricLoader/Knot) Adding C:\Users\0pcho\Downloads\ZXVXZ\Vurst-Visual-CRACKED\.gradle\loom-cache\remapped_mods\remapped\net\fabricmc\fabric-api\fabric-api-lookup-api-v1-7bb1627f\1.6.86+b1caf1e904\fabric-api-lookup-api-v1-7bb1627f-1.6.86+b1caf1e904.jar to classpath.
[20:12:06] [main/DEBUG] (FabricLoader/Knot) Adding C:\Users\0pcho\Downloads\ZXVXZ\Vurst-Visual-CRACKED\.gradle\loom-cache\remapped_mods\remapped\net\fabricmc\fabric-api\fabric-tag-api-v1-7bb1627f\1.0.7+7d48d43904\fabric-tag-api-v1-7bb1627f-1.0.7+7d48d43904.jar to classpath.
[20:12:06] [main/DEBUG] (FabricLoader/Knot) Adding C:\Users\0pcho\Downloads\ZXVXZ\Vurst-Visual-CRACKED\.gradle\loom-cache\remapped_mods\remapped\net\fabricmc\fabric-api\fabric-convention-tags-v1-7bb1627f\2.1.20+7f945d5b04\fabric-convention-tags-v1-7bb1627f-2.1.20+7f945d5b04.jar to classpath.
[20:12:06] [main/DEBUG] (FabricLoader/Knot) Adding C:\Users\0pcho\Downloads\ZXVXZ\Vurst-Visual-CRACKED\.gradle\loom-cache\remapped_mods\remapped\net\fabricmc\fabric-api\fabric-registry-sync-v0-7bb1627f\6.1.11+4a9c1ece04\fabric-registry-sync-v0-7bb1627f-6.1.11+4a9c1ece04.jar to classpath.
[20:12:06] [main/DEBUG] (FabricLoader/Knot) Adding C:\Users\0pcho\Downloads\ZXVXZ\Vurst-Visual-CRACKED\.gradle\loom-cache\remapped_mods\remapped\net\fabricmc\fabric-api\fabric-particles-v1-7bb1627f\4.0.14+7feeb73304\fabric-particles-v1-7bb1627f-4.0.14+7feeb73304.jar to classpath.
[20:12:06] [main/DEBUG] (FabricLoader/Knot) Adding C:\Users\0pcho\Downloads\ZXVXZ\Vurst-Visual-CRACKED\.gradle\loom-cache\remapped_mods\remapped\net\fabricmc\fabric-api\fabric-client-gametest-api-v1-7bb1627f\4.1.1+6816ccd404\fabric-client-gametest-api-v1-7bb1627f-4.1.1+6816ccd404.jar to classpath.
[20:12:06] [main/DEBUG] (FabricLoader/Knot) Adding C:\Users\0pcho\Downloads\ZXVXZ\Vurst-Visual-CRACKED\.gradle\loom-cache\remapped_mods\remapped\net\fabricmc\fabric-api\fabric-events-interaction-v0-7bb1627f\4.0.4+a4eebcf004\fabric-events-interaction-v0-7bb1627f-4.0.4+a4eebcf004.jar to classpath.
[20:12:06] [main/DEBUG] (FabricLoader/Knot) Adding C:\Users\0pcho\Downloads\ZXVXZ\Vurst-Visual-CRACKED\.gradle\loom-cache\remapped_mods\remapped\net\fabricmc\fabric-api\fabric-rendering-v1-7bb1627f\10.2.1+0d31b09f04\fabric-rendering-v1-7bb1627f-10.2.1+0d31b09f04.jar to classpath.
[20:12:06] [main/DEBUG] (FabricLoader/Knot) Adding C:\Users\0pcho\Downloads\ZXVXZ\Vurst-Visual-CRACKED\.gradle\loom-cache\remapped_mods\remapped\net\fabricmc\fabric-api\fabric-rendering-data-attachment-v1-7bb1627f\0.3.58+73761d2e04\fabric-rendering-data-attachment-v1-7bb1627f-0.3.58+73761d2e04.jar to classpath.
[20:12:06] [main/DEBUG] (FabricLoader/Knot) Adding C:\Users\0pcho\Downloads\ZXVXZ\Vurst-Visual-CRACKED\.gradle\loom-cache\remapped_mods\remapped\net\fabricmc\fabric-api\fabric-dimensions-v1-7bb1627f\4.0.10+7feeb73304\fabric-dimensions-v1-7bb1627f-4.0.10+7feeb73304.jar to classpath.
[20:12:06] [main/DEBUG] (FabricLoader/Knot) Adding C:\Users\0pcho\Downloads\ZXVXZ\Vurst-Visual-CRACKED\.gradle\loom-cache\remapped_mods\remapped\net\fabricmc\fabric-api\fabric-transitive-access-wideners-v1-7bb1627f\6.3.2+56e78b9b04\fabric-transitive-access-wideners-v1-7bb1627f-6.3.2+56e78b9b04.jar to classpath.
[20:12:06] [main/DEBUG] (FabricLoader/Knot) Adding C:\Users\0pcho\Downloads\ZXVXZ\Vurst-Visual-CRACKED\.gradle\loom-cache\remapped_mods\remapped\net\fabricmc\fabric-api\fabric-resource-conditions-api-v1-7bb1627f\5.0.13+203e6b2304\fabric-resource-conditions-api-v1-7bb1627f-5.0.13+203e6b2304.jar to classpath.
[20:12:06] [main/DEBUG] (FabricLoader/Knot) Adding C:\Users\0pcho\Downloads\ZXVXZ\Vurst-Visual-CRACKED\.gradle\loom-cache\remapped_mods\remapped\net\fabricmc\fabric-api\fabric-blockrenderlayer-v1-7bb1627f\2.0.8+7feeb73304\fabric-blockrenderlayer-v1-7bb1627f-2.0.8+7feeb73304.jar to classpath.
[20:12:06] [main/DEBUG] (FabricLoader/Knot) Adding C:\Users\0pcho\Downloads\ZXVXZ\Vurst-Visual-CRACKED\.gradle\loom-cache\remapped_mods\remapped\net\fabricmc\fabric-api\fabric-keybindings-v0-7bb1627f\0.2.55+df3654b304\fabric-keybindings-v0-7bb1627f-0.2.55+df3654b304.jar to classpath.
[20:12:06] [main/DEBUG] (FabricLoader/Knot) Adding C:\Users\0pcho\Downloads\ZXVXZ\Vurst-Visual-CRACKED\.gradle\loom-cache\remapped_mods\remapped\net\fabricmc\fabric-api\fabric-networking-api-v1-7bb1627f\4.4.0+db5e668204\fabric-networking-api-v1-7bb1627f-4.4.0+db5e668204.jar to classpath.
[20:12:06] [main/DEBUG] (FabricLoader/Knot) Adding C:\Users\0pcho\Downloads\ZXVXZ\Vurst-Visual-CRACKED\.gradle\loom-cache\remapped_mods\remapped\net\fabricmc\fabric-api\fabric-gametest-api-v1-7bb1627f\2.0.26+7feeb73304\fabric-gametest-api-v1-7bb1627f-2.0.26+7feeb73304.jar to classpath.
[20:12:06] [main/DEBUG] (FabricLoader/Knot) Adding C:\Users\0pcho\Downloads\ZXVXZ\Vurst-Visual-CRACKED\.gradle\loom-cache\remapped_mods\remapped\net\fabricmc\fabric-api\fabric-message-api-v1-7bb1627f\6.0.26+238a33c004\fabric-message-api-v1-7bb1627f-6.0.26+238a33c004.jar to classpath.
[20:12:06] [main/DEBUG] (FabricLoader/Knot) Adding C:\Users\0pcho\Downloads\ZXVXZ\Vurst-Visual-CRACKED\.gradle\loom-cache\remapped_mods\remapped\net\fabricmc\fabric-api\fabric-convention-tags-v2-7bb1627f\2.14.1+aebda09404\fabric-convention-tags-v2-7bb1627f-2.14.1+aebda09404.jar to classpath.
[20:12:06] [main/DEBUG] (FabricLoader/Knot) Adding C:\Users\0pcho\Downloads\ZXVXZ\Vurst-Visual-CRACKED\.gradle\loom-cache\remapped_mods\remapped\net\fabricmc\fabric-api\fabric-item-api-v1-7bb1627f\11.4.0+189dd6fe04\fabric-item-api-v1-7bb1627f-11.4.0+189dd6fe04.jar to classpath.
[20:12:06] [main/DEBUG] (FabricLoader/Knot) Adding C:\Users\0pcho\Downloads\ZXVXZ\Vurst-Visual-CRACKED\.gradle\loom-cache\remapped_mods\remapped\net\fabricmc\fabric-api\fabric-recipe-api-v1-7bb1627f\8.1.1+640e77ae04\fabric-recipe-api-v1-7bb1627f-8.1.1+640e77ae04.jar to classpath.
[20:12:06] [main/DEBUG] (FabricLoader/Knot) Adding C:\Users\0pcho\Downloads\ZXVXZ\Vurst-Visual-CRACKED\.gradle\loom-cache\remapped_mods\remapped\net\fabricmc\fabric-api\fabric-lifecycle-events-v1-7bb1627f\2.5.4+bf2a60eb04\fabric-lifecycle-events-v1-7bb1627f-2.5.4+bf2a60eb04.jar to classpath.
[20:12:06] [main/DEBUG] (FabricLoader/Knot) Adding C:\Users\0pcho\Downloads\ZXVXZ\Vurst-Visual-CRACKED\.gradle\loom-cache\remapped_mods\remapped\net\fabricmc\fabric-api\fabric-screen-handler-api-v1-7bb1627f\1.3.118+7feeb73304\fabric-screen-handler-api-v1-7bb1627f-1.3.118+7feeb73304.jar to classpath.
[20:12:06] [main/DEBUG] (FabricLoader/Knot) Adding C:\Users\0pcho\Downloads\ZXVXZ\Vurst-Visual-CRACKED\.gradle\loom-cache\remapped_mods\remapped\net\fabricmc\fabric-api\fabric-entity-events-v1-7bb1627f\2.0.15+62245bef04\fabric-entity-events-v1-7bb1627f-2.0.15+62245bef04.jar to classpath.
[20:12:06] [main/DEBUG] (FabricLoader/Knot) Adding C:\Users\0pcho\Downloads\ZXVXZ\Vurst-Visual-CRACKED\.gradle\loom-cache\remapped_mods\remapped\net\fabricmc\fabric-api\fabric-loot-api-v2-7bb1627f\3.0.38+3f89f5a504\fabric-loot-api-v2-7bb1627f-3.0.38+3f89f5a504.jar to classpath.
[20:12:06] [main/DEBUG] (FabricLoader/Knot) Adding C:\Users\0pcho\Downloads\ZXVXZ\Vurst-Visual-CRACKED\.gradle\loom-cache\remapped_mods\remapped\net\fabricmc\fabric-api\fabric-game-rule-api-v1-7bb1627f\1.0.63+7d48d43904\fabric-game-rule-api-v1-7bb1627f-1.0.63+7d48d43904.jar to classpath.
[20:12:06] [main/DEBUG] (FabricLoader/Knot) Adding C:\Users\0pcho\Downloads\ZXVXZ\Vurst-Visual-CRACKED\.gradle\loom-cache\remapped_mods\remapped\net\fabricmc\fabric-api\fabric-item-group-api-v1-7bb1627f\4.2.2+fcb9601404\fabric-item-group-api-v1-7bb1627f-4.2.2+fcb9601404.jar to classpath.
[20:12:06] [main/DEBUG] (FabricLoader/Knot) Adding C:\Users\0pcho\Downloads\ZXVXZ\Vurst-Visual-CRACKED\.gradle\loom-cache\remapped_mods\remapped\net\fabricmc\fabric-api\fabric-object-builder-api-v1-7bb1627f\18.0.14+38b0d59804\fabric-object-builder-api-v1-7bb1627f-18.0.14+38b0d59804.jar to classpath.
[20:12:06] [main/DEBUG] (FabricLoader/Knot) Adding C:\Users\0pcho\.gradle\caches\modules-2\files-2.1\io.github.llamalad7\mixinextras-fabric\0.4.1\8d1a9e96afb990367fa1f904d17580d164da72e3\mixinextras-fabric-0.4.1.jar to classpath.
[20:12:06] [main/DEBUG] (FabricLoader/Knot) Adding C:\Users\0pcho\Downloads\ZXVXZ\Vurst-Visual-CRACKED\.gradle\loom-cache\remapped_mods\remapped\net\fabricmc\fabric-api\fabric-commands-v0-7bb1627f\0.2.79+df3654b304\fabric-commands-v0-7bb1627f-0.2.79+df3654b304.jar to classpath.
[20:12:06] [main/DEBUG] (FabricLoader/Knot) Adding C:\Users\0pcho\Downloads\ZXVXZ\Vurst-Visual-CRACKED\.gradle\loom-cache\remapped_mods\remapped\net\fabricmc\fabric-api\fabric-resource-loader-v0-7bb1627f\3.1.1+360374ac04\fabric-resource-loader-v0-7bb1627f-3.1.1+360374ac04.jar to classpath.
[20:12:06] [main/DEBUG] (FabricLoader/Knot) Adding C:\Users\0pcho\Downloads\ZXVXZ\Vurst-Visual-CRACKED\.gradle\loom-cache\remapped_mods\remapped\net\fabricmc\fabric-api\fabric-transfer-api-v1-7bb1627f\5.4.9+efa825c904\fabric-transfer-api-v1-7bb1627f-5.4.9+efa825c904.jar to classpath.
[20:12:06] [main/DEBUG] (FabricLoader/Knot) Adding C:\Users\0pcho\Downloads\ZXVXZ\Vurst-Visual-CRACKED\.gradle\loom-cache\remapped_mods\remapped\net\fabricmc\fabric-api\fabric-data-generation-api-v1-7bb1627f\22.3.1+0f4e5f5504\fabric-data-generation-api-v1-7bb1627f-22.3.1+0f4e5f5504.jar to classpath.
[20:12:06] [main/DEBUG] (FabricLoader/Knot) Adding C:\Users\0pcho\Downloads\ZXVXZ\Vurst-Visual-CRACKED\.gradle\loom-cache\remapped_mods\remapped\net\fabricmc\fabric-api\fabric-key-binding-api-v1-7bb1627f\1.0.57+7d48d43904\fabric-key-binding-api-v1-7bb1627f-1.0.57+7d48d43904.jar to classpath.
[20:12:06] [main/DEBUG] (FabricLoader/Knot) Adding C:\Users\0pcho\Downloads\ZXVXZ\Vurst-Visual-CRACKED\.gradle\loom-cache\remapped_mods\remapped\net\fabricmc\fabric-api\fabric-block-view-api-v2-7bb1627f\1.0.20+9c49cc8c04\fabric-block-view-api-v2-7bb1627f-1.0.20+9c49cc8c04.jar to classpath.
[20:12:06] [main/DEBUG] (FabricLoader/Knot) Adding C:\Users\0pcho\Downloads\ZXVXZ\Vurst-Visual-CRACKED\.gradle\loom-cache\remapped_mods\remapped\net\fabricmc\fabric-api\fabric-client-tags-api-v1-7bb1627f\1.1.29+20ea1e2304\fabric-client-tags-api-v1-7bb1627f-1.1.29+20ea1e2304.jar to classpath.
[20:12:06] [main/DEBUG] (FabricLoader/Knot) Adding C:\Users\0pcho\Downloads\ZXVXZ\Vurst-Visual-CRACKED\.gradle\loom-cache\remapped_mods\remapped\net\fabricmc\fabric-api\fabric-biome-api-v1-7bb1627f\15.0.6+b1c29d8e04\fabric-biome-api-v1-7bb1627f-15.0.6+b1c29d8e04.jar to classpath.
[20:12:06] [main/DEBUG] (FabricLoader/Knot) Adding C:\Users\0pcho\Downloads\ZXVXZ\Vurst-Visual-CRACKED\.gradle\loom-cache\remapped_mods\remapped\net\fabricmc\fabric-api\fabric-model-loading-api-v1-7bb1627f\4.3.0+ae23723504\fabric-model-loading-api-v1-7bb1627f-4.3.0+ae23723504.jar to classpath.
[20:12:06] [main/DEBUG] (FabricLoader/Knot) Adding C:\Users\0pcho\Downloads\ZXVXZ\Vurst-Visual-CRACKED\.gradle\loom-cache\remapped_mods\remapped\unspecified\Vurst-Visual-patched-7bb1627f\2138188d28\Vurst-Visual-patched-7bb1627f-2138188d28.jar to classpath.
[20:12:06] [main/DEBUG] (FabricLoader/Knot) Adding C:\Users\0pcho\Downloads\ZXVXZ\Vurst-Visual-CRACKED\.gradle\loom-cache\remapped_mods\remapped\net\fabricmc\fabric-api\fabric-content-registries-v0-7bb1627f\9.1.19+25d1a67604\fabric-content-registries-v0-7bb1627f-9.1.19+25d1a67604.jar to classpath.
[20:12:06] [main/DEBUG] (FabricLoader/Knot) Adding C:\Users\0pcho\Downloads\ZXVXZ\Vurst-Visual-CRACKED\.gradle\loom-cache\remapped_mods\remapped\net\fabricmc\fabric-api\fabric-sound-api-v1-7bb1627f\1.0.32+7feeb73304\fabric-sound-api-v1-7bb1627f-1.0.32+7feeb73304.jar to classpath.
[20:12:06] [main/DEBUG] (FabricLoader/Knot) Adding C:\Users\0pcho\Downloads\ZXVXZ\Vurst-Visual-CRACKED\.gradle\loom-cache\remapped_mods\remapped\net\fabricmc\fabric-api\fabric-renderer-indigo-7bb1627f\2.0.3+50f0feb204\fabric-renderer-indigo-7bb1627f-2.0.3+50f0feb204.jar to classpath.
[20:12:06] [main/DEBUG] (FabricLoader/Knot) Adding C:\Users\0pcho\Downloads\ZXVXZ\Vurst-Visual-CRACKED\.gradle\loom-cache\remapped_mods\remapped\net\fabricmc\fabric-api\fabric-command-api-v1-7bb1627f\1.2.62+f71b366f04\fabric-command-api-v1-7bb1627f-1.2.62+f71b366f04.jar to classpath.
[20:12:06] [main/DEBUG] (FabricLoader/Knot) Adding C:\Users\0pcho\Downloads\ZXVXZ\Vurst-Visual-CRACKED\.gradle\loom-cache\remapped_mods\remapped\net\fabricmc\fabric-api\fabric-command-api-v2-7bb1627f\2.2.41+e496eb1504\fabric-command-api-v2-7bb1627f-2.2.41+e496eb1504.jar to classpath.
[20:12:06] [main/DEBUG] (FabricLoader/Knot) Adding C:\Users\0pcho\Downloads\ZXVXZ\Vurst-Visual-CRACKED\.gradle\loom-cache\remapped_mods\remapped\net\fabricmc\fabric-api\fabric-renderer-api-v1-7bb1627f\5.0.3+50f0feb204\fabric-renderer-api-v1-7bb1627f-5.0.3+50f0feb204.jar to classpath.
[20:12:06] [main/DEBUG] (FabricLoader/Knot) Adding C:\Users\0pcho\Downloads\ZXVXZ\Vurst-Visual-CRACKED\.gradle\loom-cache\remapped_mods\remapped\net\fabricmc\fabric-api\fabric-api-base-7bb1627f\0.4.54+b47eab6b04\fabric-api-base-7bb1627f-0.4.54+b47eab6b04.jar to classpath.
[20:12:06] [main/DEBUG] (FabricLoader/Knot) Adding C:\Users\0pcho\Downloads\ZXVXZ\Vurst-Visual-CRACKED\.gradle\loom-cache\remapped_mods\remapped\net\fabricmc\fabric-api\fabric-screen-api-v1-7bb1627f\2.0.38+7feeb73304\fabric-screen-api-v1-7bb1627f-2.0.38+7feeb73304.jar to classpath.
[20:12:06] [main/DEBUG] (FabricLoader/Entrypoint) Registering new-style initializer net.fabricmc.fabric.impl.attachment.client.AttachmentSyncClient for mod fabric-data-attachment-api-v1 (key client)
[20:12:06] [main/DEBUG] (FabricLoader/Entrypoint) Registering new-style initializer net.fabricmc.fabric.impl.attachment.AttachmentEntrypoint for mod fabric-data-attachment-api-v1 (key main)
[20:12:06] [main/DEBUG] (FabricLoader/Entrypoint) Registering new-style initializer net.fabricmc.fabric.impl.attachment.sync.AttachmentSync for mod fabric-data-attachment-api-v1 (key main)
[20:12:06] [main/DEBUG] (FabricLoader/Entrypoint) Registering new-style initializer net.fabricmc.fabric.impl.lookup.ApiLookupImpl for mod fabric-api-lookup-api-v1 (key main)
[20:12:06] [main/DEBUG] (FabricLoader/Entrypoint) Registering new-style initializer net.fabricmc.fabric.impl.tag.TagInit for mod fabric-tag-api-v1 (key main)
[20:12:06] [main/DEBUG] (FabricLoader/Entrypoint) Registering new-style initializer net.fabricmc.fabric.impl.tag.convention.ConventionLogWarnings for mod fabric-convention-tags-v1 (key main)
[20:12:06] [main/DEBUG] (FabricLoader/Entrypoint) Registering new-style initializer net.fabricmc.fabric.impl.client.registry.sync.FabricRegistryClientInit for mod fabric-registry-sync-v0 (key client)
[20:12:06] [main/DEBUG] (FabricLoader/Entrypoint) Registering new-style initializer net.fabricmc.fabric.impl.registry.sync.FabricRegistryInit for mod fabric-registry-sync-v0 (key main)
[20:12:06] [main/DEBUG] (FabricLoader/Entrypoint) Registering new-style initializer net.fabricmc.fabric.impl.event.interaction.InteractionEventsRouter for mod fabric-events-interaction-v0 (key main)
[20:12:06] [main/DEBUG] (FabricLoader/Entrypoint) Registering new-style initializer net.fabricmc.fabric.impl.resource.conditions.ResourceConditionsImpl for mod fabric-resource-conditions-api-v1 (key main)
[20:12:06] [main/DEBUG] (FabricLoader/Entrypoint) Registering new-style initializer net.fabricmc.fabric.impl.networking.client.ClientNetworkingImpl::clientInit for mod fabric-networking-api-v1 (key client)
[20:12:06] [main/DEBUG] (FabricLoader/Entrypoint) Registering new-style initializer net.fabricmc.fabric.impl.networking.CommonPacketsImpl::init for mod fabric-networking-api-v1 (key main)
[20:12:06] [main/DEBUG] (FabricLoader/Entrypoint) Registering new-style initializer net.fabricmc.fabric.impl.networking.NetworkingImpl::init for mod fabric-networking-api-v1 (key main)
[20:12:06] [main/DEBUG] (FabricLoader/Entrypoint) Registering new-style initializer net.fabricmc.fabric.impl.gametest.FabricGameTestModInitializer for mod fabric-gametest-api-v1 (key main)
[20:12:06] [main/DEBUG] (FabricLoader/Entrypoint) Registering new-style initializer net.fabricmc.fabric.impl.tag.convention.v2.TranslationConventionLogWarnings for mod fabric-convention-tags-v2 (key main)
[20:12:06] [main/DEBUG] (FabricLoader/Entrypoint) Registering new-style initializer net.fabricmc.fabric.impl.recipe.ingredient.client.CustomIngredientSyncClient for mod fabric-recipe-api-v1 (key client)
[20:12:06] [main/DEBUG] (FabricLoader/Entrypoint) Registering new-style initializer net.fabricmc.fabric.impl.recipe.ingredient.CustomIngredientInit for mod fabric-recipe-api-v1 (key main)
[20:12:06] [main/DEBUG] (FabricLoader/Entrypoint) Registering new-style initializer net.fabricmc.fabric.impl.recipe.ingredient.CustomIngredientSync for mod fabric-recipe-api-v1 (key main)
[20:12:06] [main/DEBUG] (FabricLoader/Entrypoint) Registering new-style initializer net.fabricmc.fabric.impl.client.event.lifecycle.ClientLifecycleEventsImpl for mod fabric-lifecycle-events-v1 (key client)
[20:12:06] [main/DEBUG] (FabricLoader/Entrypoint) Registering new-style initializer net.fabricmc.fabric.impl.event.lifecycle.LifecycleEventsImpl for mod fabric-lifecycle-events-v1 (key main)
[20:12:06] [main/DEBUG] (FabricLoader/Entrypoint) Registering new-style initializer net.fabricmc.fabric.impl.screenhandler.client.ClientNetworking for mod fabric-screen-handler-api-v1 (key client)
[20:12:06] [main/DEBUG] (FabricLoader/Entrypoint) Registering new-style initializer net.fabricmc.fabric.impl.screenhandler.Networking for mod fabric-screen-handler-api-v1 (key main)
[20:12:06] [main/DEBUG] (FabricLoader/Entrypoint) Registering new-style initializer net.fabricmc.fabric.impl.loot.v2.LootInitializer for mod fabric-loot-api-v2 (key main)
[20:12:06] [main/DEBUG] (FabricLoader/Entrypoint) Registering new-style initializer vurst.visual.VurstVisualClientEntrypoint for mod vurstvisual (key client)
[20:12:06] [main/DEBUG] (FabricLoader/Entrypoint) Registering new-style initializer net.fabricmc.fabric.impl.client.indigo.Indigo for mod fabric-renderer-indigo (key client)
[20:12:06] [main/DEBUG] (FabricLoader/Entrypoint) Registering new-style initializer net.fabricmc.fabric.impl.command.v1.LegacyHandler for mod fabric-command-api-v1 (key main)
[20:12:06] [main/INFO] (FabricLoader/Mixin) SpongePowered MIXIN Subsystem Version=0.8.7 Source=file:/C:/Users/0pcho/.gradle/caches/modules-2/files-2.1/net.fabricmc/sponge-mixin/0.15.5+mixin.0.8.7/22f9eb729e216a091673a574a5906dc1b9027fb3/sponge-mixin-0.15.5+mixin.0.8.7.jar Service=Knot/Fabric Env=CLIENT
[20:12:06] [main/DEBUG] (FabricLoader/Mixin) Initialising Mixin Platform Manager
[20:12:06] [main/DEBUG] (FabricLoader/Mixin) Adding mixin platform agents for container ContainerHandleURI(file:///C:/Users/0pcho/.gradle/caches/modules-2/files-2.1/net.fabricmc/fabric-loader/0.16.14/5778d47f536bf2c63ed2abc1a56f5a1c129e34a/fabric-loader-0.16.14.jar)
[20:12:06] [main/DEBUG] (FabricLoader/Mixin) Instancing new MixinPlatformAgentDefault for ContainerHandleURI(file:///C:/Users/0pcho/.gradle/caches/modules-2/files-2.1/net.fabricmc/fabric-loader/0.16.14/5778d47f536bf2c63ed2abc1a56f5a1c129e34a/fabric-loader-0.16.14.jar)
[20:12:06] [main/DEBUG] (FabricLoader/Mixin) MixinPlatformAgentDefault accepted container ContainerHandleURI(file:///C:/Users/0pcho/.gradle/caches/modules-2/files-2.1/net.fabricmc/fabric-loader/0.16.14/5778d47f536bf2c63ed2abc1a56f5a1c129e34a/fabric-loader-0.16.14.jar)
[20:12:06] [main/DEBUG] (FabricLoader/Mixin) Instancing new MixinPlatformAgentDefault for ContainerHandleURI(file:///C:/Users/0pcho/.gradle/caches/modules-2/files-2.1/net.fabricmc/fabric-loader/0.16.14/5778d47f536bf2c63ed2abc1a56f5a1c129e34a/fabric-loader-0.16.14.jar)
[20:12:06] [main/DEBUG] (FabricLoader/Mixin) MixinPlatformAgentDefault accepted container ContainerHandleURI(file:///C:/Users/0pcho/.gradle/caches/modules-2/files-2.1/net.fabricmc/fabric-loader/0.16.14/5778d47f536bf2c63ed2abc1a56f5a1c129e34a/fabric-loader-0.16.14.jar)
[20:12:06] [main/DEBUG] (FabricLoader/Mixin) Processing prepare() for PlatformAgent[MixinPlatformAgentDefault:ContainerHandleURI(file:///C:/Users/0pcho/.gradle/caches/modules-2/files-2.1/net.fabricmc/fabric-loader/0.16.14/5778d47f536bf2c63ed2abc1a56f5a1c129e34a/fabric-loader-0.16.14.jar)]
[20:12:06] [main/DEBUG] (FabricLoader/Mixin) Processing prepare() for PlatformAgent[MixinPlatformAgentDefault:ContainerHandleURI(file:///C:/Users/0pcho/.gradle/caches/modules-2/files-2.1/net.fabricmc/fabric-loader/0.16.14/5778d47f536bf2c63ed2abc1a56f5a1c129e34a/fabric-loader-0.16.14.jar)]
[20:12:06] [main/INFO] (FabricLoader/Mixin) Loaded Fabric development mappings for mixin remapper!
[20:12:06] [main/DEBUG] (FabricLoader/Mixin) Compatibility level JAVA_21 specified by fabric-loot-api-v3.mixins.json is higher than the maximum level supported by this version of mixin (JAVA_13).
[20:12:06] [main/INFO] (FabricLoader/Mixin) Compatibility level set to JAVA_21
[20:12:06] [main/DEBUG] (FabricLoader/Mixin) Mixin config fabric-loot-api-v3.mixins.json does not specify "minVersion" or "requiredFeatures" property
[20:12:07] [main/DEBUG] (FabricLoader/Mixin) Mixin config fabric-crash-report-info-v1.mixins.json does not specify "minVersion" or "requiredFeatures" property
[20:12:07] [main/DEBUG] (FabricLoader/Mixin) Mixin config fabric-block-api-v1.mixins.json does not specify "minVersion" or "requiredFeatures" property
[20:12:07] [main/DEBUG] (FabricLoader/Mixin) Mixin config fabric-rendering-fluids-v1.mixins.json does not specify "minVersion" or "requiredFeatures" property
[20:12:07] [main/DEBUG] (FabricLoader/Mixin) Mixin config fabric-data-attachment-api-v1.mixins.json does not specify "minVersion" or "requiredFeatures" property
[20:12:07] [main/DEBUG] (FabricLoader/Mixin) Mixin config fabric-data-attachment-api-v1.client.mixins.json does not specify "minVersion" or "requiredFeatures" property
[20:12:07] [main/DEBUG] (FabricLoader/Mixin) Mixin config fabric-api-lookup-api-v1.mixins.json does not specify "minVersion" or "requiredFeatures" property
[20:12:07] [main/DEBUG] (FabricLoader/Mixin) Mixin config fabric-tag-api-v1.mixins.json does not specify "minVersion" or "requiredFeatures" property
[20:12:07] [main/DEBUG] (FabricLoader/Mixin) Mixin config fabric-registry-sync-v0.mixins.json does not specify "minVersion" or "requiredFeatures" property
[20:12:07] [main/DEBUG] (FabricLoader/Mixin) Mixin config fabric-registry-sync-v0.client.mixins.json does not specify "minVersion" or "requiredFeatures" property
[20:12:07] [main/DEBUG] (FabricLoader/Mixin) Mixin config fabric-particles-v1.client.mixins.json does not specify "minVersion" or "requiredFeatures" property
[20:12:07] [main/DEBUG] (FabricLoader/Mixin) Mixin config fabric-client-gametest-api-v1.mixins.json does not specify "minVersion" or "requiredFeatures" property
[20:12:07] [main/DEBUG] (FabricLoader/Mixin) Mixin config fabric-events-interaction-v0.mixins.json does not specify "minVersion" or "requiredFeatures" property
[20:12:07] [main/DEBUG] (FabricLoader/Mixin) Mixin config fabric-events-interaction-v0.client.mixins.json does not specify "minVersion" or "requiredFeatures" property
[20:12:07] [main/DEBUG] (FabricLoader/Mixin) Mixin config fabric-rendering-v1.mixins.json does not specify "minVersion" or "requiredFeatures" property
[20:12:07] [main/DEBUG] (FabricLoader/Mixin) Mixin config fabric-rendering-data-attachment-v1.mixins.json does not specify "minVersion" or "requiredFeatures" property
[20:12:07] [main/DEBUG] (FabricLoader/Mixin) Mixin config fabric-rendering-data-attachment-v1.client.mixins.json does not specify "minVersion" or "requiredFeatures" property
[20:12:07] [main/DEBUG] (FabricLoader/Mixin) Mixin config fabric-dimensions-v1.mixins.json does not specify "minVersion" or "requiredFeatures" property
[20:12:07] [main/DEBUG] (FabricLoader/Mixin) Mixin config fabric-resource-conditions-api-v1.mixins.json does not specify "minVersion" or "requiredFeatures" property
[20:12:07] [main/DEBUG] (FabricLoader/Mixin) Mixin config fabric-blockrenderlayer-v1.mixins.json does not specify "minVersion" or "requiredFeatures" property
[20:12:07] [main/DEBUG] (FabricLoader/Mixin) Mixin config fabric-networking-api-v1.mixins.json does not specify "minVersion" or "requiredFeatures" property
[20:12:07] [main/DEBUG] (FabricLoader/Mixin) Mixin config fabric-networking-api-v1.client.mixins.json does not specify "minVersion" or "requiredFeatures" property
[20:12:07] [main/DEBUG] (FabricLoader/Mixin) Mixin config fabric-gametest-api-v1.mixins.json does not specify "minVersion" or "requiredFeatures" property
[20:12:07] [main/DEBUG] (FabricLoader/Mixin) Mixin config fabric-message-api-v1.mixins.json does not specify "minVersion" or "requiredFeatures" property
[20:12:07] [main/DEBUG] (FabricLoader/Mixin) Mixin config fabric-message-api-v1.client.mixins.json does not specify "minVersion" or "requiredFeatures" property
[20:12:07] [main/DEBUG] (FabricLoader/Mixin) Mixin config fabric-convention-tags-api-v2.mixins.json does not specify "minVersion" or "requiredFeatures" property
[20:12:07] [main/DEBUG] (FabricLoader/Mixin) Mixin config fabric-item-api-v1.mixins.json does not specify "minVersion" or "requiredFeatures" property
[20:12:07] [main/DEBUG] (FabricLoader/Mixin) Mixin config fabric-item-api-v1.client.mixins.json does not specify "minVersion" or "requiredFeatures" property
[20:12:07] [main/DEBUG] (FabricLoader/Mixin) Mixin config fabric-recipe-api-v1.mixins.json does not specify "minVersion" or "requiredFeatures" property
[20:12:07] [main/DEBUG] (FabricLoader/Mixin) Mixin config fabric-lifecycle-events-v1.mixins.json does not specify "minVersion" or "requiredFeatures" property
[20:12:07] [main/DEBUG] (FabricLoader/Mixin) Mixin config fabric-lifecycle-events-v1.client.mixins.json does not specify "minVersion" or "requiredFeatures" property
[20:12:07] [main/DEBUG] (FabricLoader/Mixin) Mixin config fabric-screen-handler-api-v1.mixins.json does not specify "minVersion" or "requiredFeatures" property
[20:12:07] [main/DEBUG] (FabricLoader/Mixin) Mixin config fabric-entity-events-v1.mixins.json does not specify "minVersion" or "requiredFeatures" property
[20:12:07] [main/DEBUG] (FabricLoader/Mixin) Mixin config fabric-loot-api-v2.mixins.json does not specify "minVersion" or "requiredFeatures" property
[20:12:07] [main/DEBUG] (FabricLoader/Mixin) Mixin config fabric-game-rule-api-v1.mixins.json does not specify "minVersion" or "requiredFeatures" property
[20:12:07] [main/DEBUG] (FabricLoader/Mixin) Mixin config fabric-game-rule-api-v1.client.mixins.json does not specify "minVersion" or "requiredFeatures" property
[20:12:07] [main/DEBUG] (FabricLoader/Mixin) Mixin config fabric-item-group-api-v1.mixins.json does not specify "minVersion" or "requiredFeatures" property
[20:12:07] [main/DEBUG] (FabricLoader/Mixin) Mixin config fabric-item-group-api-v1.client.mixins.json does not specify "minVersion" or "requiredFeatures" property
[20:12:07] [main/DEBUG] (FabricLoader/Mixin) Mixin config fabric-object-builder-v1.mixins.json does not specify "minVersion" or "requiredFeatures" property
[20:12:07] [main/DEBUG] (FabricLoader/Mixin) Mixin config fabric-object-builder-v1.client.mixins.json does not specify "minVersion" or "requiredFeatures" property
[20:12:07] [main/DEBUG] (FabricLoader/Mixin) Mixin config fabric-resource-loader-v0.mixins.json does not specify "minVersion" or "requiredFeatures" property
[20:12:07] [main/DEBUG] (FabricLoader/Mixin) Mixin config fabric-resource-loader-v0.client.mixins.json does not specify "minVersion" or "requiredFeatures" property
[20:12:07] [main/DEBUG] (FabricLoader/Mixin) Mixin config fabric-transfer-api-v1.mixins.json does not specify "minVersion" or "requiredFeatures" property
[20:12:07] [main/DEBUG] (FabricLoader/Mixin) Mixin config fabric-data-generation-api-v1.mixins.json does not specify "minVersion" or "requiredFeatures" property
[20:12:07] [main/DEBUG] (FabricLoader/Mixin) Mixin config fabric-data-generation-api-v1.client.mixins.json does not specify "minVersion" or "requiredFeatures" property
[20:12:07] [main/DEBUG] (FabricLoader/Mixin) Mixin config fabric-key-binding-api-v1.mixins.json does not specify "minVersion" or "requiredFeatures" property
[20:12:07] [main/DEBUG] (FabricLoader/Mixin) Mixin config fabric-block-view-api-v2.mixins.json does not specify "minVersion" or "requiredFeatures" property
[20:12:07] [main/DEBUG] (FabricLoader/Mixin) Mixin config fabric-block-view-api-v2.client.mixins.json does not specify "minVersion" or "requiredFeatures" property
[20:12:07] [main/DEBUG] (FabricLoader/Mixin) Mixin config fabric-biome-api-v1.mixins.json does not specify "minVersion" or "requiredFeatures" property
[20:12:07] [main/DEBUG] (FabricLoader/Mixin) Mixin config fabric-model-loading-api-v1.mixins.json does not specify "minVersion" or "requiredFeatures" property
[20:12:07] [main/DEBUG] (FabricLoader/Mixin) Mixin config fabric-content-registries-v0.mixins.json does not specify "minVersion" or "requiredFeatures" property
[20:12:07] [main/DEBUG] (FabricLoader/Mixin) Mixin config fabric-sound-api-v1.mixins.json does not specify "minVersion" or "requiredFeatures" property
[20:12:07] [main/DEBUG] (FabricLoader/Mixin) Mixin config fabric-renderer-indigo.mixins.json does not specify "minVersion" or "requiredFeatures" property
[20:12:07] [main/DEBUG] (FabricLoader/Mixin) Mixin config fabric-command-api-v2.mixins.json does not specify "minVersion" or "requiredFeatures" property
[20:12:07] [main/DEBUG] (FabricLoader/Mixin) Mixin config fabric-command-api-v2.client.mixins.json does not specify "minVersion" or "requiredFeatures" property
[20:12:07] [main/DEBUG] (FabricLoader/Mixin) Mixin config fabric-renderer-api-v1.mixins.json does not specify "minVersion" or "requiredFeatures" property
[20:12:07] [main/DEBUG] (FabricLoader/Mixin) Mixin config fabric-renderer-api-v1.debughud.mixins.json does not specify "minVersion" or "requiredFeatures" property
[20:12:07] [main/DEBUG] (FabricLoader/Mixin) Mixin config fabric-screen-api-v1.mixins.json does not specify "minVersion" or "requiredFeatures" property
[20:12:07] [main/DEBUG] (FabricLoader/Knot) Adding C:\Users\0pcho\Downloads\ZXVXZ\Vurst-Visual-CRACKED\.gradle\loom-cache\minecraftMaven\net\minecraft\minecraft-merged-5949857ec5\1.21.4-null.unspecified.1_21_4.1.0-v2\minecraft-merged-5949857ec5-1.21.4-null.unspecified.1_21_4.1.0-v2.jar to classpath.
[20:12:07] [main/DEBUG] (FabricLoader/Knot) Adding C:\Users\0pcho\.gradle\caches\fabric-loom\1.21.4\null.unspecified.1_21_4.1.0-v2\mappings.jar to classpath.
[20:12:07] [main/DEBUG] (FabricLoader/Knot) Adding C:\Users\0pcho\.gradle\caches\modules-2\files-2.1\io.github.llamalad7\mixinextras-fabric\0.4.1\8d1a9e96afb990367fa1f904d17580d164da72e3\mixinextras-fabric-0.4.1.jar to classpath.
[20:12:07] [main/DEBUG] (FabricLoader/Knot) Adding C:\Users\0pcho\.gradle\caches\modules-2\files-2.1\net.fabricmc\dev-launch-injector\0.2.1+build.8\da8bef7e6e2f952da707f282bdb46882a0fce5e3\dev-launch-injector-0.2.1+build.8.jar to classpath.
[20:12:07] [main/DEBUG] (FabricLoader/Knot) Adding C:\Users\0pcho\.gradle\caches\modules-2\files-2.1\com.fasterxml.jackson.core\jackson-annotations\2.13.4\858c6cc78e1f08a885b1613e1d817c829df70a6e\jackson-annotations-2.13.4.jar to classpath.
[20:12:07] [main/DEBUG] (FabricLoader/Knot) Adding C:\Users\0pcho\.gradle\caches\modules-2\files-2.1\com.fasterxml.jackson.core\jackson-core\2.13.4\cf934c681294b97ef6d80082faeefbe1edadf56\jackson-core-2.13.4.jar to classpath.
[20:12:07] [main/DEBUG] (FabricLoader/Knot) Adding C:\Users\0pcho\.gradle\caches\modules-2\files-2.1\com.fasterxml.jackson.core\jackson-databind\2.13.4.2\325c06bdfeb628cfb80ebaaf1a26cc1eb558a585\jackson-databind-2.13.4.2.jar to classpath.
[20:12:07] [main/DEBUG] (FabricLoader/Knot) Adding C:\Users\0pcho\.gradle\caches\modules-2\files-2.1\com.github.oshi\oshi-core\6.6.5\e1099981fd15dc4236c4499d82aba1276fb43a9a\oshi-core-6.6.5.jar to classpath.
[20:12:07] [main/DEBUG] (FabricLoader/Knot) Adding C:\Users\0pcho\.gradle\caches\modules-2\files-2.1\com.github.stephenc.jcip\jcip-annotations\1.0-1\ef31541dd28ae2cefdd17c7ebf352d93e9058c63\jcip-annotations-1.0-1.jar to classpath.
[20:12:07] [main/DEBUG] (FabricLoader/Knot) Adding C:\Users\0pcho\.gradle\caches\modules-2\files-2.1\com.google.guava\failureaccess\1.0.2\c4a06a64e650562f30b7bf9aaec1bfed43aca12b\failureaccess-1.0.2.jar to classpath.
[20:12:07] [main/DEBUG] (FabricLoader/Knot) Adding C:\Users\0pcho\.gradle\caches\modules-2\files-2.1\com.google.guava\guava\33.3.1-jre\852f8b363da0111e819460021ca693cacca3e8db\guava-33.3.1-jre.jar to classpath.
[20:12:07] [main/DEBUG] (FabricLoader/Knot) Adding C:\Users\0pcho\.gradle\caches\modules-2\files-2.1\com.ibm.icu\icu4j\76.1\215f3a8e936d4069344bd75f2b1368fd58112894\icu4j-76.1.jar to classpath.
[20:12:07] [main/DEBUG] (FabricLoader/Knot) Adding C:\Users\0pcho\.gradle\caches\modules-2\files-2.1\com.microsoft.azure\msal4j\1.17.2\a6211e3d71d0388929babaa0ff0951b30d001852\msal4j-1.17.2.jar to classpath.
[20:12:07] [main/DEBUG] (FabricLoader/Knot) Adding C:\Users\0pcho\.gradle\caches\modules-2\files-2.1\com.mojang\blocklist\1.0.10\5c685c5ffa94c4cd39496c7184c1d122e515ecef\blocklist-1.0.10.jar to classpath.
[20:12:07] [main/DEBUG] (FabricLoader/Knot) Adding C:\Users\0pcho\.gradle\caches\modules-2\files-2.1\com.mojang\brigadier\1.3.10\d15b53a14cf20fdcaa98f731af5dda654452c010\brigadier-1.3.10.jar to classpath.
[20:12:07] [main/DEBUG] (FabricLoader/Knot) Adding C:\Users\0pcho\.gradle\caches\modules-2\files-2.1\com.mojang\datafixerupper\8.0.16\67d4de6d7f95d89bcf5862995fb854ebaec02a34\datafixerupper-8.0.16.jar to classpath.
[20:12:07] [main/DEBUG] (FabricLoader/Knot) Adding C:\Users\0pcho\.gradle\caches\modules-2\files-2.1\com.mojang\jtracy\1.0.29\6f07dcb6a2e595c7ee2ca43b67e5d1c018ca0770\jtracy-1.0.29.jar to classpath.
[20:12:07] [main/DEBUG] (FabricLoader/Knot) Adding C:\Users\0pcho\.gradle\caches\modules-2\files-2.1\com.mojang\jtracy\1.0.29\e05332cb31c7ae582dc8d8bd1bffd47c2ff7636f\jtracy-1.0.29-natives-windows.jar to classpath.
[20:12:07] [main/DEBUG] (FabricLoader/Knot) Adding C:\Users\0pcho\.gradle\caches\modules-2\files-2.1\com.mojang\patchy\2.2.10\da05971b07cbb379d002cf7eaec6a2048211fefc\patchy-2.2.10.jar to classpath.
[20:12:07] [main/DEBUG] (FabricLoader/Knot) Adding C:\Users\0pcho\.gradle\caches\modules-2\files-2.1\com.mojang\text2speech\1.17.9\3cad216e3a7f0c19b4b394388bc9ffc446f13b14\text2speech-1.17.9.jar to classpath.
[20:12:07] [main/DEBUG] (FabricLoader/Knot) Adding C:\Users\0pcho\.gradle\caches\modules-2\files-2.1\com.nimbusds\content-type\2.3\e3aa0be212d7a42839a8f3f506f5b990bcce0222\content-type-2.3.jar to classpath.
[20:12:07] [main/DEBUG] (FabricLoader/Knot) Adding C:\Users\0pcho\.gradle\caches\modules-2\files-2.1\com.nimbusds\lang-tag\1.7\97c73ecd70bc7e8eefb26c5eea84f251a63f1031\lang-tag-1.7.jar to classpath.
[20:12:07] [main/DEBUG] (FabricLoader/Knot) Adding C:\Users\0pcho\.gradle\caches\modules-2\files-2.1\com.nimbusds\nimbus-jose-jwt\9.40\42b1dfa0360e4062951b070bac52dd8d96fd7b38\nimbus-jose-jwt-9.40.jar to classpath.
[20:12:07] [main/DEBUG] (FabricLoader/Knot) Adding C:\Users\0pcho\.gradle\caches\modules-2\files-2.1\com.nimbusds\oauth2-oidc-sdk\11.18\7c7ec4f4066625ff07a711ad856fa04da1ff9de\oauth2-oidc-sdk-11.18.jar to classpath.
[20:12:07] [main/DEBUG] (FabricLoader/Knot) Adding C:\Users\0pcho\.gradle\caches\modules-2\files-2.1\commons-codec\commons-codec\1.17.1\973638b7149d333563584137ebf13a691bb60579\commons-codec-1.17.1.jar to classpath.
[20:12:07] [main/DEBUG] (FabricLoader/Knot) Adding C:\Users\0pcho\.gradle\caches\modules-2\files-2.1\commons-io\commons-io\2.17.0\ddcc8433eb019fb48fe25207c0278143f3e1d7e2\commons-io-2.17.0.jar to classpath.
[20:12:07] [main/DEBUG] (FabricLoader/Knot) Adding C:\Users\0pcho\.gradle\caches\modules-2\files-2.1\commons-logging\commons-logging\1.3.4\b9fc14968d63a8b8a8a2c1885fe3e90564239708\commons-logging-1.3.4.jar to classpath.
[20:12:07] [main/DEBUG] (FabricLoader/Knot) Adding C:\Users\0pcho\.gradle\caches\modules-2\files-2.1\io.netty\netty-buffer\4.1.115.Final\d5daf1030e5c36d198caf7562da2441a97ec0df6\netty-buffer-4.1.115.Final.jar to classpath.
[20:12:07] [main/DEBUG] (FabricLoader/Knot) Adding C:\Users\0pcho\.gradle\caches\modules-2\files-2.1\io.netty\netty-codec\4.1.115.Final\d326bf3a4c785b272da3db6941779a1bd5448378\netty-codec-4.1.115.Final.jar to classpath.
[20:12:07] [main/DEBUG] (FabricLoader/Knot) Adding C:\Users\0pcho\.gradle\caches\modules-2\files-2.1\io.netty\netty-common\4.1.115.Final\9da10a9f72e3f87e181d91b525174007a6fc4f11\netty-common-4.1.115.Final.jar to classpath.
[20:12:07] [main/DEBUG] (FabricLoader/Knot) Adding C:\Users\0pcho\.gradle\caches\modules-2\files-2.1\io.netty\netty-handler\4.1.115.Final\d54dbf68b9d88a98240107758c6b63da5e46e23a\netty-handler-4.1.115.Final.jar to classpath.
[20:12:07] [main/DEBUG] (FabricLoader/Knot) Adding C:\Users\0pcho\.gradle\caches\modules-2\files-2.1\io.netty\netty-resolver\4.1.115.Final\e33b4d476c03975957f5d8d0319d592bf2bc5e96\netty-resolver-4.1.115.Final.jar to classpath.
[20:12:07] [main/DEBUG] (FabricLoader/Knot) Adding C:\Users\0pcho\.gradle\caches\modules-2\files-2.1\io.netty\netty-transport-classes-epoll\4.1.115.Final\11fea00408ecbd8b8d1f0698d708e37db4a01841\netty-transport-classes-epoll-4.1.115.Final.jar to classpath.
[20:12:07] [main/DEBUG] (FabricLoader/Knot) Adding C:\Users\0pcho\.gradle\caches\modules-2\files-2.1\io.netty\netty-transport-native-unix-common\4.1.115.Final\dc96c67d06cd6b5eb677f2728f27bf2e3d9a7284\netty-transport-native-unix-common-4.1.115.Final.jar to classpath.
[20:12:07] [main/DEBUG] (FabricLoader/Knot) Adding C:\Users\0pcho\.gradle\caches\modules-2\files-2.1\io.netty\netty-transport\4.1.115.Final\39cef77c1a25908ac1abf4960c2e789f0bf70ff9\netty-transport-4.1.115.Final.jar to classpath.
[20:12:07] [main/DEBUG] (FabricLoader/Knot) Adding C:\Users\0pcho\.gradle\caches\modules-2\files-2.1\it.unimi.dsi\fastutil\8.5.15\1e885b40c9563ab0d3899b871fd0b30e958705dc\fastutil-8.5.15.jar to classpath.
[20:12:07] [main/DEBUG] (FabricLoader/Knot) Adding C:\Users\0pcho\.gradle\caches\modules-2\files-2.1\net.java.dev.jna\jna-platform\5.15.0\86b502cad57d45da172b5e3231c537b042e296ef\jna-platform-5.15.0.jar to classpath.
[20:12:07] [main/DEBUG] (FabricLoader/Knot) Adding C:\Users\0pcho\.gradle\caches\modules-2\files-2.1\net.java.dev.jna\jna\5.15.0\1ee1d80ff44f08280188f7c0e740d57207841ac\jna-5.15.0.jar to classpath.
[20:12:07] [main/DEBUG] (FabricLoader/Knot) Adding C:\Users\0pcho\.gradle\caches\modules-2\files-2.1\net.minidev\accessors-smart\2.5.1\19b820261eb2e7de7d5bde11d1c06e4501dd7e5f\accessors-smart-2.5.1.jar to classpath.
[20:12:07] [main/DEBUG] (FabricLoader/Knot) Adding C:\Users\0pcho\.gradle\caches\modules-2\files-2.1\net.minidev\json-smart\2.5.1\4c11d2808d009132dfbbf947ebf37de6bf266c8e\json-smart-2.5.1.jar to classpath.
[20:12:07] [main/DEBUG] (FabricLoader/Knot) Adding C:\Users\0pcho\.gradle\caches\modules-2\files-2.1\net.sf.jopt-simple\jopt-simple\5.0.4\4fdac2fbe92dfad86aa6e9301736f6b4342a3f5c\jopt-simple-5.0.4.jar to classpath.
[20:12:07] [main/DEBUG] (FabricLoader/Knot) Adding C:\Users\0pcho\.gradle\caches\modules-2\files-2.1\org.apache.commons\commons-compress\1.27.1\a19151084758e2fbb6b41eddaa88e7b8ff4e6599\commons-compress-1.27.1.jar to classpath.
[20:12:07] [main/DEBUG] (FabricLoader/Knot) Adding C:\Users\0pcho\.gradle\caches\modules-2\files-2.1\org.apache.commons\commons-lang3\3.17.0\b17d2136f0460dcc0d2016ceefca8723bdf4ee70\commons-lang3-3.17.0.jar to classpath.
[20:12:07] [main/DEBUG] (FabricLoader/Knot) Adding C:\Users\0pcho\.gradle\caches\modules-2\files-2.1\org.apache.httpcomponents\httpclient\4.5.14\1194890e6f56ec29177673f2f12d0b8e627dec98\httpclient-4.5.14.jar to classpath.
[20:12:07] [main/DEBUG] (FabricLoader/Knot) Adding C:\Users\0pcho\.gradle\caches\modules-2\files-2.1\org.apache.httpcomponents\httpcore\4.4.16\51cf043c87253c9f58b539c9f7e44c8894223850\httpcore-4.4.16.jar to classpath.
[20:12:07] [main/DEBUG] (FabricLoader/Knot) Adding C:\Users\0pcho\.gradle\caches\modules-2\files-2.1\org.jcraft\jorbis\0.0.17\8872d22b293e8f5d7d56ff92be966e6dc28ebdc6\jorbis-0.0.17.jar to classpath.
[20:12:07] [main/DEBUG] (FabricLoader/Knot) Adding C:\Users\0pcho\.gradle\caches\modules-2\files-2.1\org.joml\joml\1.10.8\fc0a71dad90a2cf41d82a76156a0e700af8e4f8d\joml-1.10.8.jar to classpath.
[20:12:07] [main/DEBUG] (FabricLoader/Knot) Adding C:\Users\0pcho\.gradle\caches\modules-2\files-2.1\org.lwjgl\lwjgl-freetype\3.3.3\a0db6c84a8becc8ca05f9dbfa985edc348a824c7\lwjgl-freetype-3.3.3.jar to classpath.
[20:12:07] [main/DEBUG] (FabricLoader/Knot) Adding C:\Users\0pcho\.gradle\caches\modules-2\files-2.1\org.lwjgl\lwjgl-freetype\3.3.3\81091b006dbb43fab04c8c638e9ac87c51b4096d\lwjgl-freetype-3.3.3-natives-windows.jar to classpath.
[20:12:07] [main/DEBUG] (FabricLoader/Knot) Adding C:\Users\0pcho\.gradle\caches\modules-2\files-2.1\org.lwjgl\lwjgl-freetype\3.3.3\82028265a0a2ff33523ca75137ada7dc176e5210\lwjgl-freetype-3.3.3-natives-windows-arm64.jar to classpath.
[20:12:07] [main/DEBUG] (FabricLoader/Knot) Adding C:\Users\0pcho\.gradle\caches\modules-2\files-2.1\org.lwjgl\lwjgl-freetype\3.3.3\15a8c1de7f51d07a92eae7ce1222557073a0c0c3\lwjgl-freetype-3.3.3-natives-windows-x86.jar to classpath.
[20:12:07] [main/DEBUG] (FabricLoader/Knot) Adding C:\Users\0pcho\.gradle\caches\modules-2\files-2.1\org.lwjgl\lwjgl-glfw\3.3.3\efa1eb78c5ccd840e9f329717109b5e892d72f8e\lwjgl-glfw-3.3.3.jar to classpath.
[20:12:07] [main/DEBUG] (FabricLoader/Knot) Adding C:\Users\0pcho\.gradle\caches\modules-2\files-2.1\org.lwjgl\lwjgl-glfw\3.3.3\e449e28b4891fc423c54c85fbc5bb0b9efece67a\lwjgl-glfw-3.3.3-natives-windows.jar to classpath.
[20:12:07] [main/DEBUG] (FabricLoader/Knot) Adding C:\Users\0pcho\.gradle\caches\modules-2\files-2.1\org.lwjgl\lwjgl-glfw\3.3.3\f27018dc74f6289574502b46cce55d52817554e2\lwjgl-glfw-3.3.3-natives-windows-arm64.jar to classpath.
[20:12:07] [main/DEBUG] (FabricLoader/Knot) Adding C:\Users\0pcho\.gradle\caches\modules-2\files-2.1\org.lwjgl\lwjgl-glfw\3.3.3\32334f3fd5270a59bad9939a93115acb6de36dcf\lwjgl-glfw-3.3.3-natives-windows-x86.jar to classpath.
[20:12:07] [main/DEBUG] (FabricLoader/Knot) Adding C:\Users\0pcho\.gradle\caches\modules-2\files-2.1\org.lwjgl\lwjgl-jemalloc\3.3.3\b543467b7ff3c6920539a88ee602d34098628be5\lwjgl-jemalloc-3.3.3.jar to classpath.
[20:12:07] [main/DEBUG] (FabricLoader/Knot) Adding C:\Users\0pcho\.gradle\caches\modules-2\files-2.1\org.lwjgl\lwjgl-jemalloc\3.3.3\426222fc027602a5f21b9c0fe79cde6a4c7a011f\lwjgl-jemalloc-3.3.3-natives-windows.jar to classpath.
[20:12:07] [main/DEBUG] (FabricLoader/Knot) Adding C:\Users\0pcho\.gradle\caches\modules-2\files-2.1\org.lwjgl\lwjgl-jemalloc\3.3.3\ba1f3fed0ee4be0217eaa41c5bbfb4b9b1383c33\lwjgl-jemalloc-3.3.3-natives-windows-arm64.jar to classpath.
[20:12:07] [main/DEBUG] (FabricLoader/Knot) Adding C:\Users\0pcho\.gradle\caches\modules-2\files-2.1\org.lwjgl\lwjgl-jemalloc\3.3.3\f6063b6e0f23be483c5c88d84ce51b39dc69126c\lwjgl-jemalloc-3.3.3-natives-windows-x86.jar to classpath.
[20:12:07] [main/DEBUG] (FabricLoader/Knot) Adding C:\Users\0pcho\.gradle\caches\modules-2\files-2.1\org.lwjgl\lwjgl-openal\3.3.3\daada81ceb5fc0c291fbfdd4433cb8d9423577f2\lwjgl-openal-3.3.3.jar to classpath.
[20:12:07] [main/DEBUG] (FabricLoader/Knot) Adding C:\Users\0pcho\.gradle\caches\modules-2\files-2.1\org.lwjgl\lwjgl-openal\3.3.3\cf83862ae95d98496b26915024c7e666d8ab1c8f\lwjgl-openal-3.3.3-natives-windows.jar to classpath.
[20:12:07] [main/DEBUG] (FabricLoader/Knot) Adding C:\Users\0pcho\.gradle\caches\modules-2\files-2.1\org.lwjgl\lwjgl-openal\3.3.3\8e0615235116b9e4160dfe87bec90f5f6378bf72\lwjgl-openal-3.3.3-natives-windows-arm64.jar to classpath.
[20:12:07] [main/DEBUG] (FabricLoader/Knot) Adding C:\Users\0pcho\.gradle\caches\modules-2\files-2.1\org.lwjgl\lwjgl-openal\3.3.3\87b8d5050e3adb46bb58fe1cb2669a4a48fce10d\lwjgl-openal-3.3.3-natives-windows-x86.jar to classpath.
[20:12:07] [main/DEBUG] (FabricLoader/Knot) Adding C:\Users\0pcho\.gradle\caches\modules-2\files-2.1\org.lwjgl\lwjgl-opengl\3.3.3\2f6b0147078396a58979125a4c947664e98293a\lwjgl-opengl-3.3.3.jar to classpath.
[20:12:07] [main/DEBUG] (FabricLoader/Knot) Adding C:\Users\0pcho\.gradle\caches\modules-2\files-2.1\org.lwjgl\lwjgl-opengl\3.3.3\e6c1eec8be8a71951b830a4d69efc01c6531900c\lwjgl-opengl-3.3.3-natives-windows.jar to classpath.
[20:12:07] [main/DEBUG] (FabricLoader/Knot) Adding C:\Users\0pcho\.gradle\caches\modules-2\files-2.1\org.lwjgl\lwjgl-opengl\3.3.3\65e956d3735a1abdc82eff4baec1b61174697d4b\lwjgl-opengl-3.3.3-natives-windows-arm64.jar to classpath.
[20:12:07] [main/DEBUG] (FabricLoader/Knot) Adding C:\Users\0pcho\.gradle\caches\modules-2\files-2.1\org.lwjgl\lwjgl-opengl\3.3.3\d32d833dcaa2f355a886eaf21f0408b5f03241d\lwjgl-opengl-3.3.3-natives-windows-x86.jar to classpath.
[20:12:07] [main/DEBUG] (FabricLoader/Knot) Adding C:\Users\0pcho\.gradle\caches\modules-2\files-2.1\org.lwjgl\lwjgl-stb\3.3.3\25dd6161988d7e65f71d5065c99902402ee32746\lwjgl-stb-3.3.3.jar to classpath.
[20:12:07] [main/DEBUG] (FabricLoader/Knot) Adding C:\Users\0pcho\.gradle\caches\modules-2\files-2.1\org.lwjgl\lwjgl-stb\3.3.3\1d9facdf6541de114b0f963be33505b7679c78cb\lwjgl-stb-3.3.3-natives-windows.jar to classpath.
[20:12:07] [main/DEBUG] (FabricLoader/Knot) Adding C:\Users\0pcho\.gradle\caches\modules-2\files-2.1\org.lwjgl\lwjgl-stb\3.3.3\a584ab44de569708871f0a79561f4d8c37487f2c\lwjgl-stb-3.3.3-natives-windows-arm64.jar to classpath.
[20:12:07] [main/DEBUG] (FabricLoader/Knot) Adding C:\Users\0pcho\.gradle\caches\modules-2\files-2.1\org.lwjgl\lwjgl-stb\3.3.3\b5c874687b9aac1a936501d4ed2c49567fd1b575\lwjgl-stb-3.3.3-natives-windows-x86.jar to classpath.
[20:12:07] [main/DEBUG] (FabricLoader/Knot) Adding C:\Users\0pcho\.gradle\caches\modules-2\files-2.1\org.lwjgl\lwjgl-tinyfd\3.3.3\82d755ca94b102e9ca77283b9e2dc46d1b15fbe5\lwjgl-tinyfd-3.3.3.jar to classpath.
[20:12:07] [main/DEBUG] (FabricLoader/Knot) Adding C:\Users\0pcho\.gradle\caches\modules-2\files-2.1\org.lwjgl\lwjgl-tinyfd\3.3.3\a6697981b0449a5087c1d546fc08b4f73e8f98c9\lwjgl-tinyfd-3.3.3-natives-windows.jar to classpath.
[20:12:07] [main/DEBUG] (FabricLoader/Knot) Adding C:\Users\0pcho\.gradle\caches\modules-2\files-2.1\org.lwjgl\lwjgl-tinyfd\3.3.3\a88c494f3006eb91a7433b12a3a55a9a6c20788b\lwjgl-tinyfd-3.3.3-natives-windows-arm64.jar to classpath.
[20:12:07] [main/DEBUG] (FabricLoader/Knot) Adding C:\Users\0pcho\.gradle\caches\modules-2\files-2.1\org.lwjgl\lwjgl-tinyfd\3.3.3\c336c84ee88cccb495c6ffa112395509e7378e8a\lwjgl-tinyfd-3.3.3-natives-windows-x86.jar to classpath.
[20:12:07] [main/DEBUG] (FabricLoader/Knot) Adding C:\Users\0pcho\.gradle\caches\modules-2\files-2.1\org.lwjgl\lwjgl\3.3.3\29589b5f87ed335a6c7e7ee6a5775f81f97ecb84\lwjgl-3.3.3.jar to classpath.
[20:12:07] [main/DEBUG] (FabricLoader/Knot) Adding C:\Users\0pcho\.gradle\caches\modules-2\files-2.1\org.lwjgl\lwjgl\3.3.3\a5ed18a2b82fc91b81f40d717cb1f64c9dcb0540\lwjgl-3.3.3-natives-windows.jar to classpath.
[20:12:07] [main/DEBUG] (FabricLoader/Knot) Adding C:\Users\0pcho\.gradle\caches\modules-2\files-2.1\org.lwjgl\lwjgl\3.3.3\e9aca8c5479b520a2a7f0d542a118140e812c5e8\lwjgl-3.3.3-natives-windows-arm64.jar to classpath.
[20:12:07] [main/DEBUG] (FabricLoader/Knot) Adding C:\Users\0pcho\.gradle\caches\modules-2\files-2.1\org.lwjgl\lwjgl\3.3.3\9e670718e050aeaeea0c2d5b907cffb142f2e58f\lwjgl-3.3.3-natives-windows-x86.jar to classpath.
[20:12:07] [main/DEBUG] (FabricLoader/Knot) Adding C:\Users\0pcho\.gradle\caches\modules-2\files-2.1\org.lz4\lz4-java\1.8.0\4b986a99445e49ea5fbf5d149c4b63f6ed6c6780\lz4-java-1.8.0.jar to classpath.
[20:12:07] [main/DEBUG] (FabricLoader/Knot) Adding C:\Users\0pcho\.gradle\caches\modules-2\files-2.1\io.netty\netty-transport-native-epoll\4.1.115.Final\a6cc58c4a259bad159cbb06120cea9b3474e86a0\netty-transport-native-epoll-4.1.115.Final-linux-x86_64.jar to classpath.
[20:12:07] [main/DEBUG] (FabricLoader/Knot) Adding C:\Users\0pcho\.gradle\caches\modules-2\files-2.1\io.netty\netty-transport-native-epoll\4.1.115.Final\a80b32f98ceb4e27958c0ceaf22ddad9ea6c0d4e\netty-transport-native-epoll-4.1.115.Final-linux-aarch_64.jar to classpath.
[20:12:07] [main/DEBUG] (FabricLoader/Knot) Adding C:\Users\0pcho\Downloads\ZXVXZ\Vurst-Visual-CRACKED\.gradle\loom-cache\remapped_mods\remapped\net\fabricmc\fabric-api\fabric-api-7bb1627f\0.119.4+1.21.4\fabric-api-7bb1627f-0.119.4+1.21.4.jar to classpath.
[20:12:07] [main/DEBUG] (FabricLoader/Knot) Adding C:\Users\0pcho\Downloads\ZXVXZ\Vurst-Visual-CRACKED\.gradle\loom-cache\remapped_mods\remapped\net\fabricmc\fabric-api\fabric-transfer-api-v1-7bb1627f\5.4.9+efa825c904\fabric-transfer-api-v1-7bb1627f-5.4.9+efa825c904.jar to classpath.
[20:12:07] [main/DEBUG] (FabricLoader/Knot) Adding C:\Users\0pcho\Downloads\ZXVXZ\Vurst-Visual-CRACKED\.gradle\loom-cache\remapped_mods\remapped\net\fabricmc\fabric-api\fabric-api-lookup-api-v1-7bb1627f\1.6.86+b1caf1e904\fabric-api-lookup-api-v1-7bb1627f-1.6.86+b1caf1e904.jar to classpath.
[20:12:07] [main/DEBUG] (FabricLoader/Knot) Adding C:\Users\0pcho\Downloads\ZXVXZ\Vurst-Visual-CRACKED\.gradle\loom-cache\remapped_mods\remapped\net\fabricmc\fabric-api\fabric-blockrenderlayer-v1-7bb1627f\2.0.8+7feeb73304\fabric-blockrenderlayer-v1-7bb1627f-2.0.8+7feeb73304.jar to classpath.
[20:12:07] [main/DEBUG] (FabricLoader/Knot) Adding C:\Users\0pcho\Downloads\ZXVXZ\Vurst-Visual-CRACKED\.gradle\loom-cache\remapped_mods\remapped\net\fabricmc\fabric-api\fabric-client-tags-api-v1-7bb1627f\1.1.29+20ea1e2304\fabric-client-tags-api-v1-7bb1627f-1.1.29+20ea1e2304.jar to classpath.
[20:12:07] [main/DEBUG] (FabricLoader/Knot) Adding C:\Users\0pcho\Downloads\ZXVXZ\Vurst-Visual-CRACKED\.gradle\loom-cache\remapped_mods\remapped\net\fabricmc\fabric-api\fabric-command-api-v1-7bb1627f\1.2.62+f71b366f04\fabric-command-api-v1-7bb1627f-1.2.62+f71b366f04.jar to classpath.
[20:12:07] [main/DEBUG] (FabricLoader/Knot) Adding C:\Users\0pcho\Downloads\ZXVXZ\Vurst-Visual-CRACKED\.gradle\loom-cache\remapped_mods\remapped\net\fabricmc\fabric-api\fabric-commands-v0-7bb1627f\0.2.79+df3654b304\fabric-commands-v0-7bb1627f-0.2.79+df3654b304.jar to classpath.
[20:12:07] [main/DEBUG] (FabricLoader/Knot) Adding C:\Users\0pcho\Downloads\ZXVXZ\Vurst-Visual-CRACKED\.gradle\loom-cache\remapped_mods\remapped\net\fabricmc\fabric-api\fabric-command-api-v2-7bb1627f\2.2.41+e496eb1504\fabric-command-api-v2-7bb1627f-2.2.41+e496eb1504.jar to classpath.
[20:12:07] [main/DEBUG] (FabricLoader/Knot) Adding C:\Users\0pcho\Downloads\ZXVXZ\Vurst-Visual-CRACKED\.gradle\loom-cache\remapped_mods\remapped\net\fabricmc\fabric-api\fabric-content-registries-v0-7bb1627f\9.1.19+25d1a67604\fabric-content-registries-v0-7bb1627f-9.1.19+25d1a67604.jar to classpath.
[20:12:07] [main/DEBUG] (FabricLoader/Knot) Adding C:\Users\0pcho\Downloads\ZXVXZ\Vurst-Visual-CRACKED\.gradle\loom-cache\remapped_mods\remapped\net\fabricmc\fabric-api\fabric-data-generation-api-v1-7bb1627f\22.3.1+0f4e5f5504\fabric-data-generation-api-v1-7bb1627f-22.3.1+0f4e5f5504.jar to classpath.
[20:12:07] [main/DEBUG] (FabricLoader/Knot) Adding C:\Users\0pcho\Downloads\ZXVXZ\Vurst-Visual-CRACKED\.gradle\loom-cache\remapped_mods\remapped\net\fabricmc\fabric-api\fabric-convention-tags-v1-7bb1627f\2.1.20+7f945d5b04\fabric-convention-tags-v1-7bb1627f-2.1.20+7f945d5b04.jar to classpath.
[20:12:07] [main/DEBUG] (FabricLoader/Knot) Adding C:\Users\0pcho\Downloads\ZXVXZ\Vurst-Visual-CRACKED\.gradle\loom-cache\remapped_mods\remapped\net\fabricmc\fabric-api\fabric-convention-tags-v2-7bb1627f\2.14.1+aebda09404\fabric-convention-tags-v2-7bb1627f-2.14.1+aebda09404.jar to classpath.
[20:12:07] [main/DEBUG] (FabricLoader/Knot) Adding C:\Users\0pcho\Downloads\ZXVXZ\Vurst-Visual-CRACKED\.gradle\loom-cache\remapped_mods\remapped\net\fabricmc\fabric-api\fabric-data-attachment-api-v1-7bb1627f\1.6.2+e99da0f704\fabric-data-attachment-api-v1-7bb1627f-1.6.2+e99da0f704.jar to classpath.
[20:12:07] [main/DEBUG] (FabricLoader/Knot) Adding C:\Users\0pcho\Downloads\ZXVXZ\Vurst-Visual-CRACKED\.gradle\loom-cache\remapped_mods\remapped\net\fabricmc\fabric-api\fabric-entity-events-v1-7bb1627f\2.0.15+62245bef04\fabric-entity-events-v1-7bb1627f-2.0.15+62245bef04.jar to classpath.
[20:12:07] [main/DEBUG] (FabricLoader/Knot) Adding C:\Users\0pcho\Downloads\ZXVXZ\Vurst-Visual-CRACKED\.gradle\loom-cache\remapped_mods\remapped\net\fabricmc\fabric-api\fabric-events-interaction-v0-7bb1627f\4.0.4+a4eebcf004\fabric-events-interaction-v0-7bb1627f-4.0.4+a4eebcf004.jar to classpath.
[20:12:07] [main/DEBUG] (FabricLoader/Knot) Adding C:\Users\0pcho\Downloads\ZXVXZ\Vurst-Visual-CRACKED\.gradle\loom-cache\remapped_mods\remapped\net\fabricmc\fabric-api\fabric-gametest-api-v1-7bb1627f\2.0.26+7feeb73304\fabric-gametest-api-v1-7bb1627f-2.0.26+7feeb73304.jar to classpath.
[20:12:07] [main/DEBUG] (FabricLoader/Knot) Adding C:\Users\0pcho\Downloads\ZXVXZ\Vurst-Visual-CRACKED\.gradle\loom-cache\remapped_mods\remapped\net\fabricmc\fabric-api\fabric-item-api-v1-7bb1627f\11.4.0+189dd6fe04\fabric-item-api-v1-7bb1627f-11.4.0+189dd6fe04.jar to classpath.
[20:12:07] [main/DEBUG] (FabricLoader/Knot) Adding C:\Users\0pcho\Downloads\ZXVXZ\Vurst-Visual-CRACKED\.gradle\loom-cache\remapped_mods\remapped\net\fabricmc\fabric-api\fabric-item-group-api-v1-7bb1627f\4.2.2+fcb9601404\fabric-item-group-api-v1-7bb1627f-4.2.2+fcb9601404.jar to classpath.
[20:12:07] [main/DEBUG] (FabricLoader/Knot) Adding C:\Users\0pcho\Downloads\ZXVXZ\Vurst-Visual-CRACKED\.gradle\loom-cache\remapped_mods\remapped\net\fabricmc\fabric-api\fabric-lifecycle-events-v1-7bb1627f\2.5.4+bf2a60eb04\fabric-lifecycle-events-v1-7bb1627f-2.5.4+bf2a60eb04.jar to classpath.
[20:12:07] [main/DEBUG] (FabricLoader/Knot) Adding C:\Users\0pcho\Downloads\ZXVXZ\Vurst-Visual-CRACKED\.gradle\loom-cache\remapped_mods\remapped\net\fabricmc\fabric-api\fabric-loot-api-v2-7bb1627f\3.0.38+3f89f5a504\fabric-loot-api-v2-7bb1627f-3.0.38+3f89f5a504.jar to classpath.
[20:12:07] [main/DEBUG] (FabricLoader/Knot) Adding C:\Users\0pcho\Downloads\ZXVXZ\Vurst-Visual-CRACKED\.gradle\loom-cache\remapped_mods\remapped\net\fabricmc\fabric-api\fabric-loot-api-v3-7bb1627f\1.0.26+203e6b2304\fabric-loot-api-v3-7bb1627f-1.0.26+203e6b2304.jar to classpath.
[20:12:07] [main/DEBUG] (FabricLoader/Knot) Adding C:\Users\0pcho\Downloads\ZXVXZ\Vurst-Visual-CRACKED\.gradle\loom-cache\remapped_mods\remapped\net\fabricmc\fabric-api\fabric-message-api-v1-7bb1627f\6.0.26+238a33c004\fabric-message-api-v1-7bb1627f-6.0.26+238a33c004.jar to classpath.
[20:12:07] [main/DEBUG] (FabricLoader/Knot) Adding C:\Users\0pcho\Downloads\ZXVXZ\Vurst-Visual-CRACKED\.gradle\loom-cache\remapped_mods\remapped\net\fabricmc\fabric-api\fabric-model-loading-api-v1-7bb1627f\4.3.0+ae23723504\fabric-model-loading-api-v1-7bb1627f-4.3.0+ae23723504.jar to classpath.
[20:12:07] [main/DEBUG] (FabricLoader/Knot) Adding C:\Users\0pcho\Downloads\ZXVXZ\Vurst-Visual-CRACKED\.gradle\loom-cache\remapped_mods\remapped\net\fabricmc\fabric-api\fabric-recipe-api-v1-7bb1627f\8.1.1+640e77ae04\fabric-recipe-api-v1-7bb1627f-8.1.1+640e77ae04.jar to classpath.
[20:12:07] [main/DEBUG] (FabricLoader/Knot) Adding C:\Users\0pcho\Downloads\ZXVXZ\Vurst-Visual-CRACKED\.gradle\loom-cache\remapped_mods\remapped\net\fabricmc\fabric-api\fabric-screen-handler-api-v1-7bb1627f\1.3.118+7feeb73304\fabric-screen-handler-api-v1-7bb1627f-1.3.118+7feeb73304.jar to classpath.
[20:12:07] [main/DEBUG] (FabricLoader/Knot) Adding C:\Users\0pcho\Downloads\ZXVXZ\Vurst-Visual-CRACKED\.gradle\loom-cache\remapped_mods\remapped\net\fabricmc\fabric-api\fabric-registry-sync-v0-7bb1627f\6.1.11+4a9c1ece04\fabric-registry-sync-v0-7bb1627f-6.1.11+4a9c1ece04.jar to classpath.
[20:12:07] [main/DEBUG] (FabricLoader/Knot) Adding C:\Users\0pcho\Downloads\ZXVXZ\Vurst-Visual-CRACKED\.gradle\loom-cache\remapped_mods\remapped\net\fabricmc\fabric-api\fabric-networking-api-v1-7bb1627f\4.4.0+db5e668204\fabric-networking-api-v1-7bb1627f-4.4.0+db5e668204.jar to classpath.
[20:12:07] [main/DEBUG] (FabricLoader/Knot) Adding C:\Users\0pcho\Downloads\ZXVXZ\Vurst-Visual-CRACKED\.gradle\loom-cache\remapped_mods\remapped\net\fabricmc\fabric-api\fabric-object-builder-api-v1-7bb1627f\18.0.14+38b0d59804\fabric-object-builder-api-v1-7bb1627f-18.0.14+38b0d59804.jar to classpath.
[20:12:07] [main/DEBUG] (FabricLoader/Knot) Adding C:\Users\0pcho\Downloads\ZXVXZ\Vurst-Visual-CRACKED\.gradle\loom-cache\remapped_mods\remapped\net\fabricmc\fabric-api\fabric-particles-v1-7bb1627f\4.0.14+7feeb73304\fabric-particles-v1-7bb1627f-4.0.14+7feeb73304.jar to classpath.
[20:12:07] [main/DEBUG] (FabricLoader/Knot) Adding C:\Users\0pcho\Downloads\ZXVXZ\Vurst-Visual-CRACKED\.gradle\loom-cache\remapped_mods\remapped\net\fabricmc\fabric-api\fabric-renderer-indigo-7bb1627f\2.0.3+50f0feb204\fabric-renderer-indigo-7bb1627f-2.0.3+50f0feb204.jar to classpath.
[20:12:07] [main/DEBUG] (FabricLoader/Knot) Adding C:\Users\0pcho\Downloads\ZXVXZ\Vurst-Visual-CRACKED\.gradle\loom-cache\remapped_mods\remapped\net\fabricmc\fabric-api\fabric-renderer-api-v1-7bb1627f\5.0.3+50f0feb204\fabric-renderer-api-v1-7bb1627f-5.0.3+50f0feb204.jar to classpath.
[20:12:07] [main/DEBUG] (FabricLoader/Knot) Adding C:\Users\0pcho\Downloads\ZXVXZ\Vurst-Visual-CRACKED\.gradle\loom-cache\remapped_mods\remapped\net\fabricmc\fabric-api\fabric-rendering-fluids-v1-7bb1627f\3.1.19+7feeb73304\fabric-rendering-fluids-v1-7bb1627f-3.1.19+7feeb73304.jar to classpath.
[20:12:07] [main/DEBUG] (FabricLoader/Knot) Adding C:\Users\0pcho\Downloads\ZXVXZ\Vurst-Visual-CRACKED\.gradle\loom-cache\remapped_mods\remapped\net\fabricmc\fabric-api\fabric-rendering-v1-7bb1627f\10.2.1+0d31b09f04\fabric-rendering-v1-7bb1627f-10.2.1+0d31b09f04.jar to classpath.
[20:12:07] [main/DEBUG] (FabricLoader/Knot) Adding C:\Users\0pcho\Downloads\ZXVXZ\Vurst-Visual-CRACKED\.gradle\loom-cache\remapped_mods\remapped\net\fabricmc\fabric-api\fabric-tag-api-v1-7bb1627f\1.0.7+7d48d43904\fabric-tag-api-v1-7bb1627f-1.0.7+7d48d43904.jar to classpath.
[20:12:07] [main/DEBUG] (FabricLoader/Knot) Adding C:\Users\0pcho\Downloads\ZXVXZ\Vurst-Visual-CRACKED\.gradle\loom-cache\remapped_mods\remapped\net\fabricmc\fabric-api\fabric-resource-loader-v0-7bb1627f\3.1.1+360374ac04\fabric-resource-loader-v0-7bb1627f-3.1.1+360374ac04.jar to classpath.
[20:12:07] [main/DEBUG] (FabricLoader/Knot) Adding C:\Users\0pcho\Downloads\ZXVXZ\Vurst-Visual-CRACKED\.gradle\loom-cache\remapped_mods\remapped\net\fabricmc\fabric-api\fabric-screen-api-v1-7bb1627f\2.0.38+7feeb73304\fabric-screen-api-v1-7bb1627f-2.0.38+7feeb73304.jar to classpath.
[20:12:07] [main/DEBUG] (FabricLoader/Knot) Adding C:\Users\0pcho\Downloads\ZXVXZ\Vurst-Visual-CRACKED\.gradle\loom-cache\remapped_mods\remapped\net\fabricmc\fabric-api\fabric-api-base-7bb1627f\0.4.54+b47eab6b04\fabric-api-base-7bb1627f-0.4.54+b47eab6b04.jar to classpath.
[20:12:07] [main/DEBUG] (FabricLoader/Knot) Adding C:\Users\0pcho\Downloads\ZXVXZ\Vurst-Visual-CRACKED\.gradle\loom-cache\remapped_mods\remapped\net\fabricmc\fabric-api\fabric-biome-api-v1-7bb1627f\15.0.6+b1c29d8e04\fabric-biome-api-v1-7bb1627f-15.0.6+b1c29d8e04.jar to classpath.
[20:12:07] [main/DEBUG] (FabricLoader/Knot) Adding C:\Users\0pcho\Downloads\ZXVXZ\Vurst-Visual-CRACKED\.gradle\loom-cache\remapped_mods\remapped\net\fabricmc\fabric-api\fabric-block-api-v1-7bb1627f\1.0.31+7feeb73304\fabric-block-api-v1-7bb1627f-1.0.31+7feeb73304.jar to classpath.
[20:12:07] [main/DEBUG] (FabricLoader/Knot) Adding C:\Users\0pcho\Downloads\ZXVXZ\Vurst-Visual-CRACKED\.gradle\loom-cache\remapped_mods\remapped\net\fabricmc\fabric-api\fabric-rendering-data-attachment-v1-7bb1627f\0.3.58+73761d2e04\fabric-rendering-data-attachment-v1-7bb1627f-0.3.58+73761d2e04.jar to classpath.
[20:12:07] [main/DEBUG] (FabricLoader/Knot) Adding C:\Users\0pcho\Downloads\ZXVXZ\Vurst-Visual-CRACKED\.gradle\loom-cache\remapped_mods\remapped\net\fabricmc\fabric-api\fabric-block-view-api-v2-7bb1627f\1.0.20+9c49cc8c04\fabric-block-view-api-v2-7bb1627f-1.0.20+9c49cc8c04.jar to classpath.
[20:12:07] [main/DEBUG] (FabricLoader/Knot) Adding C:\Users\0pcho\Downloads\ZXVXZ\Vurst-Visual-CRACKED\.gradle\loom-cache\remapped_mods\remapped\net\fabricmc\fabric-api\fabric-client-gametest-api-v1-7bb1627f\4.1.1+6816ccd404\fabric-client-gametest-api-v1-7bb1627f-4.1.1+6816ccd404.jar to classpath.
[20:12:07] [main/DEBUG] (FabricLoader/Knot) Adding C:\Users\0pcho\Downloads\ZXVXZ\Vurst-Visual-CRACKED\.gradle\loom-cache\remapped_mods\remapped\net\fabricmc\fabric-api\fabric-crash-report-info-v1-7bb1627f\0.3.6+7feeb73304\fabric-crash-report-info-v1-7bb1627f-0.3.6+7feeb73304.jar to classpath.
[20:12:07] [main/DEBUG] (FabricLoader/Knot) Adding C:\Users\0pcho\Downloads\ZXVXZ\Vurst-Visual-CRACKED\.gradle\loom-cache\remapped_mods\remapped\net\fabricmc\fabric-api\fabric-dimensions-v1-7bb1627f\4.0.10+7feeb73304\fabric-dimensions-v1-7bb1627f-4.0.10+7feeb73304.jar to classpath.
[20:12:07] [main/DEBUG] (FabricLoader/Knot) Adding C:\Users\0pcho\Downloads\ZXVXZ\Vurst-Visual-CRACKED\.gradle\loom-cache\remapped_mods\remapped\net\fabricmc\fabric-api\fabric-game-rule-api-v1-7bb1627f\1.0.63+7d48d43904\fabric-game-rule-api-v1-7bb1627f-1.0.63+7d48d43904.jar to classpath.
[20:12:07] [main/DEBUG] (FabricLoader/Knot) Adding C:\Users\0pcho\Downloads\ZXVXZ\Vurst-Visual-CRACKED\.gradle\loom-cache\remapped_mods\remapped\net\fabricmc\fabric-api\fabric-keybindings-v0-7bb1627f\0.2.55+df3654b304\fabric-keybindings-v0-7bb1627f-0.2.55+df3654b304.jar to classpath.
[20:12:07] [main/DEBUG] (FabricLoader/Knot) Adding C:\Users\0pcho\Downloads\ZXVXZ\Vurst-Visual-CRACKED\.gradle\loom-cache\remapped_mods\remapped\net\fabricmc\fabric-api\fabric-key-binding-api-v1-7bb1627f\1.0.57+7d48d43904\fabric-key-binding-api-v1-7bb1627f-1.0.57+7d48d43904.jar to classpath.
[20:12:07] [main/DEBUG] (FabricLoader/Knot) Adding C:\Users\0pcho\Downloads\ZXVXZ\Vurst-Visual-CRACKED\.gradle\loom-cache\remapped_mods\remapped\net\fabricmc\fabric-api\fabric-resource-conditions-api-v1-7bb1627f\5.0.13+203e6b2304\fabric-resource-conditions-api-v1-7bb1627f-5.0.13+203e6b2304.jar to classpath.
[20:12:07] [main/DEBUG] (FabricLoader/Knot) Adding C:\Users\0pcho\Downloads\ZXVXZ\Vurst-Visual-CRACKED\.gradle\loom-cache\remapped_mods\remapped\net\fabricmc\fabric-api\fabric-sound-api-v1-7bb1627f\1.0.32+7feeb73304\fabric-sound-api-v1-7bb1627f-1.0.32+7feeb73304.jar to classpath.
[20:12:07] [main/DEBUG] (FabricLoader/Knot) Adding C:\Users\0pcho\Downloads\ZXVXZ\Vurst-Visual-CRACKED\.gradle\loom-cache\remapped_mods\remapped\net\fabricmc\fabric-api\fabric-transitive-access-wideners-v1-7bb1627f\6.3.2+56e78b9b04\fabric-transitive-access-wideners-v1-7bb1627f-6.3.2+56e78b9b04.jar to classpath.
[20:12:07] [main/DEBUG] (FabricLoader/Knot) Adding C:\Users\0pcho\Downloads\ZXVXZ\Vurst-Visual-CRACKED\.gradle\loom-cache\remapped_mods\remapped\unspecified\Vurst-Visual-patched-7bb1627f\2138188d28\Vurst-Visual-patched-7bb1627f-2138188d28.jar to classpath.
[20:12:07] [main/DEBUG] (FabricLoader/Knot) Adding C:\Users\0pcho\.gradle\caches\modules-2\files-2.1\org.jline\jline-reader\3.20.0\8f15415b022a25b473e8e16c28ae913186ffb9c4\jline-reader-3.20.0.jar to classpath.
[20:12:07] [main/DEBUG] (FabricLoader/Knot) Adding C:\Users\0pcho\.gradle\caches\modules-2\files-2.1\org.jline\jline-terminal\3.20.0\d0ddcc708ddf527a3454c941b7b9225cc83a15ff\jline-terminal-3.20.0.jar to classpath.
[20:12:07] [main/DEBUG] (FabricLoader/Entrypoint) No subscribers for entrypoint 'preLaunch'
[20:12:07] [main/DEBUG] (FabricLoader/Mixin) Preparing mixins for MixinEnvironment[DEFAULT]
[20:12:07] [main/DEBUG] (FabricLoader/Mixin) Selecting config fabric-loot-api-v3.mixins.json
[20:12:07] [main/DEBUG] (FabricLoader/Mixin) Remapping refMap fabric-loot-api-v3-refmap.json using remapper chain
[20:12:07] [main/DEBUG] (FabricLoader/Mixin) Selecting config fabric-crash-report-info-v1.mixins.json
[20:12:07] [main/DEBUG] (FabricLoader/Mixin) Remapping refMap fabric-crash-report-info-v1-refmap.json using remapper chain
[20:12:07] [main/DEBUG] (FabricLoader/Mixin) Selecting config fabric-block-api-v1.mixins.json
[20:12:07] [main/DEBUG] (FabricLoader/Mixin) Remapping refMap fabric-block-api-v1-refmap.json using remapper chain
[20:12:07] [main/DEBUG] (FabricLoader/Mixin) Selecting config fabric-rendering-fluids-v1.mixins.json
[20:12:07] [main/DEBUG] (FabricLoader/Mixin) Remapping refMap client-fabric-rendering-fluids-v1-refmap.json using remapper chain
[20:12:07] [main/DEBUG] (FabricLoader/Mixin) Selecting config fabric-data-attachment-api-v1.mixins.json
[20:12:07] [main/DEBUG] (FabricLoader/Mixin) Remapping refMap fabric-data-attachment-api-v1-refmap.json using remapper chain
[20:12:07] [main/DEBUG] (FabricLoader/Mixin) Selecting config fabric-data-attachment-api-v1.client.mixins.json
[20:12:07] [main/DEBUG] (FabricLoader/Mixin) Remapping refMap client-fabric-data-attachment-api-v1-refmap.json using remapper chain
[20:12:07] [main/DEBUG] (FabricLoader/Mixin) Selecting config fabric-api-lookup-api-v1.mixins.json
[20:12:07] [main/DEBUG] (FabricLoader/Mixin) Remapping refMap fabric-api-lookup-api-v1-refmap.json using remapper chain
[20:12:07] [main/DEBUG] (FabricLoader/Mixin) Selecting config fabric-tag-api-v1.mixins.json
[20:12:07] [main/DEBUG] (FabricLoader/Mixin) Remapping refMap fabric-tag-api-v1-refmap.json using remapper chain
[20:12:07] [main/DEBUG] (FabricLoader/Mixin) Selecting config fabric-registry-sync-v0.mixins.json
[20:12:07] [main/DEBUG] (FabricLoader/Mixin) Remapping refMap fabric-registry-sync-v0-refmap.json using remapper chain
[20:12:07] [main/DEBUG] (FabricLoader/Mixin) Selecting config fabric-registry-sync-v0.client.mixins.json
[20:12:07] [main/DEBUG] (FabricLoader/Mixin) Remapping refMap client-fabric-registry-sync-v0-refmap.json using remapper chain
[20:12:07] [main/DEBUG] (FabricLoader/Mixin) Selecting config fabric-particles-v1.client.mixins.json
[20:12:07] [main/DEBUG] (FabricLoader/Mixin) Remapping refMap client-fabric-particles-v1-refmap.json using remapper chain
[20:12:07] [main/DEBUG] (FabricLoader/Mixin) Selecting config fabric-client-gametest-api-v1.mixins.json
[20:12:07] [main/DEBUG] (FabricLoader/Mixin) Remapping refMap client-fabric-client-gametest-api-v1-refmap.json using remapper chain
[20:12:07] [main/DEBUG] (FabricLoader/Mixin) Selecting config fabric-events-interaction-v0.mixins.json
[20:12:07] [main/DEBUG] (FabricLoader/Mixin) Remapping refMap fabric-events-interaction-v0-refmap.json using remapper chain
[20:12:07] [main/DEBUG] (FabricLoader/Mixin) Selecting config fabric-events-interaction-v0.client.mixins.json
[20:12:07] [main/DEBUG] (FabricLoader/Mixin) Remapping refMap client-fabric-events-interaction-v0-refmap.json using remapper chain
[20:12:07] [main/DEBUG] (FabricLoader/Mixin) Selecting config fabric-rendering-v1.mixins.json
[20:12:07] [main/DEBUG] (FabricLoader/Mixin) Remapping refMap client-fabric-rendering-v1-refmap.json using remapper chain
[20:12:07] [main/DEBUG] (FabricLoader/Mixin) Selecting config fabric-rendering-data-attachment-v1.mixins.json
[20:12:07] [main/DEBUG] (FabricLoader/Mixin) Remapping refMap fabric-rendering-data-attachment-v1-refmap.json using remapper chain
[20:12:07] [main/DEBUG] (FabricLoader/Mixin) Selecting config fabric-rendering-data-attachment-v1.client.mixins.json
[20:12:07] [main/DEBUG] (FabricLoader/Mixin) Remapping refMap client-fabric-rendering-data-attachment-v1-refmap.json using remapper chain
[20:12:07] [main/DEBUG] (FabricLoader/Mixin) Selecting config fabric-dimensions-v1.mixins.json
[20:12:07] [main/DEBUG] (FabricLoader/Mixin) Remapping refMap fabric-dimensions-v1-refmap.json using remapper chain
[20:12:07] [main/DEBUG] (FabricLoader/Mixin) Selecting config fabric-resource-conditions-api-v1.mixins.json
[20:12:07] [main/DEBUG] (FabricLoader/Mixin) Remapping refMap fabric-resource-conditions-api-v1-refmap.json using remapper chain
[20:12:07] [main/DEBUG] (FabricLoader/Mixin) Selecting config fabric-blockrenderlayer-v1.mixins.json
[20:12:07] [main/DEBUG] (FabricLoader/Mixin) Remapping refMap client-fabric-blockrenderlayer-v1-refmap.json using remapper chain
[20:12:07] [main/DEBUG] (FabricLoader/Mixin) Selecting config fabric-networking-api-v1.mixins.json
[20:12:07] [main/DEBUG] (FabricLoader/Mixin) Remapping refMap fabric-networking-api-v1-refmap.json using remapper chain
[20:12:07] [main/DEBUG] (FabricLoader/Mixin) Selecting config fabric-networking-api-v1.client.mixins.json
[20:12:07] [main/DEBUG] (FabricLoader/Mixin) Remapping refMap client-fabric-networking-api-v1-refmap.json using remapper chain
[20:12:07] [main/DEBUG] (FabricLoader/Mixin) Selecting config fabric-gametest-api-v1.mixins.json
[20:12:07] [main/DEBUG] (FabricLoader/Mixin) Remapping refMap fabric-gametest-api-v1-refmap.json using remapper chain
[20:12:07] [main/DEBUG] (FabricLoader/Mixin) Selecting config fabric-message-api-v1.mixins.json
[20:12:07] [main/DEBUG] (FabricLoader/Mixin) Remapping refMap fabric-message-api-v1-refmap.json using remapper chain
[20:12:07] [main/DEBUG] (FabricLoader/Mixin) Selecting config fabric-message-api-v1.client.mixins.json
[20:12:07] [main/DEBUG] (FabricLoader/Mixin) Remapping refMap client-fabric-message-api-v1-refmap.json using remapper chain
[20:12:07] [main/DEBUG] (FabricLoader/Mixin) Selecting config fabric-convention-tags-api-v2.mixins.json
[20:12:07] [main/DEBUG] (FabricLoader/Mixin) Remapping refMap fabric-convention-tags-v2-refmap.json using remapper chain
[20:12:07] [main/DEBUG] (FabricLoader/Mixin) Selecting config fabric-item-api-v1.mixins.json
[20:12:07] [main/DEBUG] (FabricLoader/Mixin) Remapping refMap fabric-item-api-v1-refmap.json using remapper chain
[20:12:07] [main/DEBUG] (FabricLoader/Mixin) Selecting config fabric-item-api-v1.client.mixins.json
[20:12:07] [main/DEBUG] (FabricLoader/Mixin) Remapping refMap client-fabric-item-api-v1-refmap.json using remapper chain
[20:12:07] [main/DEBUG] (FabricLoader/Mixin) Selecting config fabric-recipe-api-v1.mixins.json
[20:12:07] [main/DEBUG] (FabricLoader/Mixin) Remapping refMap fabric-recipe-api-v1-refmap.json using remapper chain
[20:12:07] [main/DEBUG] (FabricLoader/Mixin) Selecting config fabric-lifecycle-events-v1.mixins.json
[20:12:07] [main/DEBUG] (FabricLoader/Mixin) Remapping refMap fabric-lifecycle-events-v1-refmap.json using remapper chain
[20:12:07] [main/DEBUG] (FabricLoader/Mixin) Selecting config fabric-lifecycle-events-v1.client.mixins.json
[20:12:07] [main/DEBUG] (FabricLoader/Mixin) Remapping refMap client-fabric-lifecycle-events-v1-refmap.json using remapper chain
[20:12:07] [main/DEBUG] (FabricLoader/Mixin) Selecting config fabric-screen-handler-api-v1.mixins.json
[20:12:07] [main/DEBUG] (FabricLoader/Mixin) Remapping refMap fabric-screen-handler-api-v1-refmap.json using remapper chain
[20:12:07] [main/DEBUG] (FabricLoader/Mixin) Selecting config fabric-entity-events-v1.mixins.json
[20:12:07] [main/DEBUG] (FabricLoader/Mixin) Remapping refMap fabric-entity-events-v1-refmap.json using remapper chain
[20:12:07] [main/DEBUG] (FabricLoader/Mixin) Selecting config fabric-loot-api-v2.mixins.json
[20:12:07] [main/DEBUG] (FabricLoader/Mixin) Remapping refMap fabric-loot-api-v2-refmap.json using remapper chain
[20:12:07] [main/DEBUG] (FabricLoader/Mixin) Selecting config fabric-game-rule-api-v1.mixins.json
[20:12:07] [main/DEBUG] (FabricLoader/Mixin) Remapping refMap fabric-game-rule-api-v1-refmap.json using remapper chain
[20:12:07] [main/DEBUG] (FabricLoader/Mixin) Selecting config fabric-game-rule-api-v1.client.mixins.json
[20:12:07] [main/DEBUG] (FabricLoader/Mixin) Remapping refMap client-fabric-game-rule-api-v1-refmap.json using remapper chain
[20:12:07] [main/DEBUG] (FabricLoader/Mixin) Selecting config fabric-item-group-api-v1.mixins.json
[20:12:07] [main/DEBUG] (FabricLoader/Mixin) Remapping refMap fabric-item-group-api-v1-refmap.json using remapper chain
[20:12:07] [main/DEBUG] (FabricLoader/Mixin) Selecting config fabric-item-group-api-v1.client.mixins.json
[20:12:07] [main/DEBUG] (FabricLoader/Mixin) Remapping refMap client-fabric-item-group-api-v1-refmap.json using remapper chain
[20:12:07] [main/DEBUG] (FabricLoader/Mixin) Selecting config fabric-object-builder-v1.mixins.json
[20:12:07] [main/DEBUG] (FabricLoader/Mixin) Remapping refMap fabric-object-builder-api-v1-refmap.json using remapper chain
[20:12:07] [main/DEBUG] (FabricLoader/Mixin) Selecting config fabric-object-builder-v1.client.mixins.json
[20:12:07] [main/DEBUG] (FabricLoader/Mixin) Remapping refMap client-fabric-object-builder-api-v1-refmap.json using remapper chain
[20:12:07] [main/DEBUG] (FabricLoader/Mixin) Selecting config mixinextras.init.mixins.json
[20:12:07] [main/DEBUG] (FabricLoader/MixinExtras|Service) com.llamalad7.mixinextras.service.MixinExtrasServiceImpl(version=0.4.1) is taking over from null
[20:12:07] [main/DEBUG] (FabricLoader/Mixin) Registering new injector for @Inject with org.spongepowered.asm.mixin.injection.struct.CallbackInjectionInfo
[20:12:07] [main/DEBUG] (FabricLoader/Mixin) Registering new injector for @ModifyArg with org.spongepowered.asm.mixin.injection.struct.ModifyArgInjectionInfo
[20:12:07] [main/DEBUG] (FabricLoader/Mixin) Registering new injector for @ModifyArgs with org.spongepowered.asm.mixin.injection.struct.ModifyArgsInjectionInfo
[20:12:07] [main/DEBUG] (FabricLoader/Mixin) Registering new injector for @Redirect with org.spongepowered.asm.mixin.injection.struct.RedirectInjectionInfo
[20:12:07] [main/DEBUG] (FabricLoader/Mixin) Registering new injector for @ModifyVariable with org.spongepowered.asm.mixin.injection.struct.ModifyVariableInjectionInfo
[20:12:07] [main/DEBUG] (FabricLoader/Mixin) Registering new injector for @ModifyConstant with org.spongepowered.asm.mixin.injection.struct.ModifyConstantInjectionInfo
[20:12:07] [main/DEBUG] (FabricLoader/Mixin) Selecting config fabric-resource-loader-v0.mixins.json
[20:12:07] [main/DEBUG] (FabricLoader/Mixin) Remapping refMap fabric-resource-loader-v0-refmap.json using remapper chain
[20:12:07] [main/DEBUG] (FabricLoader/Mixin) Selecting config fabric-resource-loader-v0.client.mixins.json
[20:12:07] [main/DEBUG] (FabricLoader/Mixin) Remapping refMap client-fabric-resource-loader-v0-refmap.json using remapper chain
[20:12:07] [main/DEBUG] (FabricLoader/Mixin) Selecting config fabric-transfer-api-v1.mixins.json
[20:12:07] [main/DEBUG] (FabricLoader/Mixin) Remapping refMap fabric-transfer-api-v1-refmap.json using remapper chain
[20:12:07] [main/DEBUG] (FabricLoader/Mixin) Selecting config fabric-data-generation-api-v1.mixins.json
[20:12:07] [main/DEBUG] (FabricLoader/Mixin) Remapping refMap fabric-data-generation-api-v1-refmap.json using remapper chain
[20:12:07] [main/DEBUG] (FabricLoader/Mixin) Selecting config fabric-data-generation-api-v1.client.mixins.json
[20:12:07] [main/DEBUG] (FabricLoader/Mixin) Remapping refMap client-fabric-data-generation-api-v1-refmap.json using remapper chain
[20:12:07] [main/DEBUG] (FabricLoader/Mixin) Selecting config fabric-key-binding-api-v1.mixins.json
[20:12:07] [main/DEBUG] (FabricLoader/Mixin) Remapping refMap client-fabric-key-binding-api-v1-refmap.json using remapper chain
[20:12:07] [main/DEBUG] (FabricLoader/Mixin) Selecting config fabric-block-view-api-v2.mixins.json
[20:12:07] [main/DEBUG] (FabricLoader/Mixin) Remapping refMap fabric-block-view-api-v2-refmap.json using remapper chain
[20:12:07] [main/DEBUG] (FabricLoader/Mixin) Selecting config fabric-block-view-api-v2.client.mixins.json
[20:12:07] [main/DEBUG] (FabricLoader/Mixin) Remapping refMap client-fabric-block-view-api-v2-refmap.json using remapper chain
[20:12:07] [main/DEBUG] (FabricLoader/Mixin) Selecting config fabric-biome-api-v1.mixins.json
[20:12:07] [main/DEBUG] (FabricLoader/Mixin) Remapping refMap fabric-biome-api-v1-refmap.json using remapper chain
[20:12:07] [main/DEBUG] (FabricLoader/Mixin) Selecting config fabric-model-loading-api-v1.mixins.json
[20:12:07] [main/DEBUG] (FabricLoader/Mixin) Remapping refMap client-fabric-model-loading-api-v1-refmap.json using remapper chain
[20:12:07] [main/DEBUG] (FabricLoader/Mixin) Selecting config vurstvisual.mixins.json
[20:12:07] [main/DEBUG] (FabricLoader/Mixin) Remapping refMap vurstvisual-refmap.json using remapper chain
[20:12:07] [main/DEBUG] (FabricLoader/Mixin) Selecting config fabric-content-registries-v0.mixins.json
[20:12:07] [main/DEBUG] (FabricLoader/Mixin) Remapping refMap fabric-content-registries-v0-refmap.json using remapper chain
[20:12:07] [main/DEBUG] (FabricLoader/Mixin) Selecting config fabric-sound-api-v1.mixins.json
[20:12:07] [main/DEBUG] (FabricLoader/Mixin) Remapping refMap client-fabric-sound-api-v1-refmap.json using remapper chain
[20:12:07] [main/DEBUG] (FabricLoader/Mixin) Selecting config fabric-renderer-indigo.mixins.json
[20:12:07] [main/DEBUG] (FabricLoader/Mixin) Remapping refMap client-fabric-renderer-indigo-refmap.json using remapper chain
[20:12:07] [main/DEBUG] (FabricLoader/Mixin) Selecting config fabric-command-api-v2.mixins.json
[20:12:07] [main/DEBUG] (FabricLoader/Mixin) Remapping refMap fabric-command-api-v2-refmap.json using remapper chain
[20:12:07] [main/DEBUG] (FabricLoader/Mixin) Selecting config fabric-command-api-v2.client.mixins.json
[20:12:07] [main/DEBUG] (FabricLoader/Mixin) Remapping refMap client-fabric-command-api-v2-refmap.json using remapper chain
[20:12:07] [main/DEBUG] (FabricLoader/Mixin) Selecting config fabric-renderer-api-v1.mixins.json
[20:12:07] [main/DEBUG] (FabricLoader/Mixin) Remapping refMap client-fabric-renderer-api-v1-refmap.json using remapper chain
[20:12:07] [main/DEBUG] (FabricLoader/Mixin) Selecting config fabric-renderer-api-v1.debughud.mixins.json
[20:12:07] [main/DEBUG] (FabricLoader/Mixin) Remapping refMap client-fabric-renderer-api-v1-refmap.json using remapper chain
[20:12:07] [main/DEBUG] (FabricLoader/Mixin) Selecting config fabric-screen-api-v1.mixins.json
[20:12:07] [main/DEBUG] (FabricLoader/Mixin) Remapping refMap client-fabric-screen-api-v1-refmap.json using remapper chain
[20:12:07] [main/DEBUG] (FabricLoader/Mixin) Preparing fabric-loot-api-v3.mixins.json (7)
[20:12:07] [main/DEBUG] (FabricLoader/Mixin) Preparing fabric-crash-report-info-v1.mixins.json (2)
[20:12:07] [main/DEBUG] (FabricLoader/Mixin) Preparing fabric-block-api-v1.mixins.json (4)
[20:12:07] [main/DEBUG] (FabricLoader/Mixin) @Mixin target net/minecraft/world/chunk/ChunkSection$BlockStateCounter is public in fabric-block-api-v1.mixins.json:ChunkSectionBlockStateCounterMixin from mod fabric-block-api-v1 and should be specified in value
[20:12:07] [main/DEBUG] (FabricLoader/Mixin) Preparing fabric-rendering-fluids-v1.mixins.json (1)
[20:12:07] [main/DEBUG] (FabricLoader/Mixin) Preparing fabric-data-attachment-api-v1.mixins.json (14)
[20:12:07] [main/DEBUG] (FabricLoader/Mixin) Preparing fabric-data-attachment-api-v1.client.mixins.json (1)
[20:12:07] [main/DEBUG] (FabricLoader/Mixin) Preparing fabric-api-lookup-api-v1.mixins.json (2)
[20:12:07] [main/DEBUG] (FabricLoader/Mixin) Preparing fabric-tag-api-v1.mixins.json (5)
[20:12:07] [main/DEBUG] (FabricLoader/Mixin) @Mixin target net/minecraft/registry/SimpleRegistry$2 is public in fabric-tag-api-v1.mixins.json:SimpleRegistry2Mixin from mod fabric-tag-api-v1 and should be specified in value
[20:12:07] [main/DEBUG] (FabricLoader/Mixin) @Mixin target net/minecraft/registry/SimpleRegistry$3 is public in fabric-tag-api-v1.mixins.json:SimpleRegistry3Mixin from mod fabric-tag-api-v1 and should be specified in value
[20:12:07] [main/DEBUG] (FabricLoader/Mixin) @Mixin target net/minecraft/registry/SimpleRegistry$TagLookup$2 is public in fabric-tag-api-v1.mixins.json:SimpleRegistryTagLookup2Accessor from mod fabric-tag-api-v1 and should be specified in value
[20:12:07] [main/DEBUG] (FabricLoader/Mixin) Preparing fabric-registry-sync-v0.mixins.json (16)
[20:12:07] [main/DEBUG] (FabricLoader/Mixin) Preparing fabric-registry-sync-v0.client.mixins.json (5)
[20:12:07] [main/DEBUG] (FabricLoader/Mixin) @Mixin target net/minecraft/client/network/ClientRegistries$DynamicRegistries is public in fabric-registry-sync-v0.client.mixins.json:ClientRegistriesDynamicRegistriesAccessor from mod fabric-registry-sync-v0 and should be specified in value
[20:12:07] [main/DEBUG] (FabricLoader/Mixin) Preparing fabric-particles-v1.client.mixins.json (4)
[20:12:07] [main/DEBUG] (FabricLoader/Mixin) Preparing fabric-client-gametest-api-v1.mixins.json (26)
[20:12:07] [main/DEBUG] (FabricLoader/Mixin) Preparing fabric-events-interaction-v0.mixins.json (5)
[20:12:07] [main/DEBUG] (FabricLoader/Mixin) @Mixin target net/minecraft/server/network/ServerPlayNetworkHandler$1 is public in fabric-events-interaction-v0.mixins.json:ServerPlayNetworkHandlerInteractEntityHandlerMixin from mod fabric-events-interaction-v0 and should be specified in value
[20:12:07] [main/DEBUG] (FabricLoader/Mixin) Preparing fabric-events-interaction-v0.client.mixins.json (3)
[20:12:07] [main/DEBUG] (FabricLoader/Mixin) Preparing fabric-rendering-v1.mixins.json (17)
[20:12:07] [main/DEBUG] (FabricLoader/Mixin) Preparing fabric-rendering-data-attachment-v1.mixins.json (2)
[20:12:07] [main/DEBUG] (FabricLoader/Mixin) Preparing fabric-rendering-data-attachment-v1.client.mixins.json (1)
[20:12:07] [main/DEBUG] (FabricLoader/Mixin) Preparing fabric-dimensions-v1.mixins.json (4)
[20:12:07] [main/DEBUG] (FabricLoader/Mixin) Preparing fabric-resource-conditions-api-v1.mixins.json (8)
[20:12:07] [main/DEBUG] (FabricLoader/Mixin) Preparing fabric-blockrenderlayer-v1.mixins.json (1)
[20:12:07] [main/DEBUG] (FabricLoader/Mixin) Preparing fabric-networking-api-v1.mixins.json (18)
[20:12:07] [main/DEBUG] (FabricLoader/Mixin) @Mixin target net/minecraft/network/packet/CustomPayload$1 is public in fabric-networking-api-v1.mixins.json:CustomPayloadPacketCodecMixin from mod fabric-networking-api-v1 and should be specified in value
[20:12:07] [main/DEBUG] (FabricLoader/Mixin) @Mixin target net/minecraft/server/world/ServerChunkLoadingManager$EntityTracker is public in fabric-networking-api-v1.mixins.json:accessor.EntityTrackerAccessor from mod fabric-networking-api-v1 and should be specified in value
[20:12:07] [main/DEBUG] (FabricLoader/Mixin) Preparing fabric-networking-api-v1.client.mixins.json (9)
[20:12:07] [main/DEBUG] (FabricLoader/Mixin) Preparing fabric-gametest-api-v1.mixins.json (8)
[20:12:07] [main/DEBUG] (FabricLoader/Mixin) Preparing fabric-message-api-v1.mixins.json (2)
[20:12:07] [main/DEBUG] (FabricLoader/Mixin) Preparing fabric-message-api-v1.client.mixins.json (2)
[20:12:07] [main/DEBUG] (FabricLoader/Mixin) Preparing fabric-convention-tags-api-v2.mixins.json (1)
[20:12:07] [main/DEBUG] (FabricLoader/Mixin) Preparing fabric-item-api-v1.mixins.json (16)
[20:12:07] [main/DEBUG] (FabricLoader/Mixin) Preparing fabric-item-api-v1.client.mixins.json (3)
[20:12:07] [main/DEBUG] (FabricLoader/Mixin) Preparing fabric-recipe-api-v1.mixins.json (5)
[20:12:07] [main/DEBUG] (FabricLoader/Mixin) Preparing fabric-lifecycle-events-v1.mixins.json (10)
[20:12:07] [main/DEBUG] (FabricLoader/Mixin) @Mixin target net/minecraft/server/world/ServerWorld$ServerEntityHandler is public in fabric-lifecycle-events-v1.mixins.json:ServerWorldServerEntityHandlerMixin from mod fabric-lifecycle-events-v1 and should be specified in value
[20:12:07] [main/DEBUG] (FabricLoader/Mixin) Preparing fabric-lifecycle-events-v1.client.mixins.json (7)
[20:12:07] [main/DEBUG] (FabricLoader/Mixin) @Mixin target net/minecraft/client/world/ClientWorld$ClientEntityHandler is public in fabric-lifecycle-events-v1.client.mixins.json:ClientWorldClientEntityHandlerMixin from mod fabric-lifecycle-events-v1 and should be specified in value
[20:12:07] [main/DEBUG] (FabricLoader/Mixin) Preparing fabric-screen-handler-api-v1.mixins.json (2)
[20:12:07] [main/DEBUG] (FabricLoader/Mixin) Preparing fabric-entity-events-v1.mixins.json (7)
[20:12:07] [main/DEBUG] (FabricLoader/Mixin) Preparing fabric-loot-api-v2.mixins.json (2)
[20:12:07] [main/DEBUG] (FabricLoader/Mixin) Preparing fabric-game-rule-api-v1.mixins.json (6)
[20:12:07] [main/DEBUG] (FabricLoader/Mixin) @Mixin target net/minecraft/server/command/GameRuleCommand$1 is public in fabric-game-rule-api-v1.mixins.json:GameRuleCommandVisitorMixin from mod fabric-game-rule-api-v1 and should be specified in value
[20:12:07] [main/DEBUG] (FabricLoader/Mixin) Preparing fabric-game-rule-api-v1.client.mixins.json (3)
[20:12:07] [main/DEBUG] (FabricLoader/Mixin) @Mixin target net/minecraft/client/gui/screen/world/EditGameRulesScreen$RuleListWidget$1 is public in fabric-game-rule-api-v1.client.mixins.json:RuleListWidgetVisitorMixin from mod fabric-game-rule-api-v1 and should be specified in value
[20:12:07] [main/DEBUG] (FabricLoader/Mixin) Preparing fabric-item-group-api-v1.mixins.json (3)
[20:12:07] [main/DEBUG] (FabricLoader/Mixin) Preparing fabric-item-group-api-v1.client.mixins.json (1)
[20:12:07] [main/DEBUG] (FabricLoader/Mixin) Preparing fabric-object-builder-v1.mixins.json (9)
[20:12:07] [main/DEBUG] (FabricLoader/Mixin) Preparing fabric-object-builder-v1.client.mixins.json (4)
[20:12:07] [main/DEBUG] (FabricLoader/Mixin) Preparing mixinextras.init.mixins.json (0)
[20:12:07] [main/DEBUG] (FabricLoader/Mixin) Preparing fabric-resource-loader-v0.mixins.json (15)
[20:12:07] [main/DEBUG] (FabricLoader/Mixin) Preparing fabric-resource-loader-v0.client.mixins.json (8)
[20:12:07] [main/DEBUG] (FabricLoader/Mixin) @Mixin target net/minecraft/client/option/GameOptions$3 is public in fabric-resource-loader-v0.client.mixins.json:GameOptionsWriteVisitorMixin from mod fabric-resource-loader-v0 and should be specified in value
[20:12:07] [main/DEBUG] (FabricLoader/Mixin) Preparing fabric-transfer-api-v1.mixins.json (15)
[20:12:07] [main/DEBUG] (FabricLoader/Mixin) Preparing fabric-data-generation-api-v1.mixins.json (10)
[20:12:07] [main/DEBUG] (FabricLoader/Mixin) @Mixin target net/minecraft/data/DataCache$CachedData is public in fabric-data-generation-api-v1.mixins.json:DataCacheCachedDataMixin from mod fabric-data-generation-api-v1 and should be specified in value
[20:12:07] [main/DEBUG] (FabricLoader/Mixin) Preparing fabric-data-generation-api-v1.client.mixins.json (4)
[20:12:07] [main/DEBUG] (FabricLoader/Mixin) Preparing fabric-key-binding-api-v1.mixins.json (2)
[20:12:07] [main/DEBUG] (FabricLoader/Mixin) Preparing fabric-block-view-api-v2.mixins.json (3)
[20:12:07] [main/DEBUG] (FabricLoader/Mixin) Preparing fabric-block-view-api-v2.client.mixins.json (2)
[20:12:07] [main/DEBUG] (FabricLoader/Mixin) Preparing fabric-biome-api-v1.mixins.json (9)
[20:12:07] [main/DEBUG] (FabricLoader/Mixin) @Mixin target net/minecraft/world/biome/source/MultiNoiseBiomeSourceParameterList$Preset$1 is public in fabric-biome-api-v1.mixins.json:NetherBiomePresetMixin from mod fabric-biome-api-v1 and should be specified in value
[20:12:07] [main/DEBUG] (FabricLoader/Mixin) Preparing fabric-model-loading-api-v1.mixins.json (8)
[20:12:07] [main/DEBUG] (FabricLoader/Mixin) Preparing vurstvisual.mixins.json (53)
[20:12:07] [main/DEBUG] (FabricLoader/Mixin) @Mixin target net/minecraft/client/gui/hud/InGameHud$HeartType is public in vurstvisual.mixins.json:client.render.gui.hud.InGameHudHeartTypeMixin from mod vurstvisual and should be specified in value
[20:12:07] [main/DEBUG] (FabricLoader/Mixin) Preparing fabric-content-registries-v0.mixins.json (17)
[20:12:07] [main/DEBUG] (FabricLoader/Mixin) Preparing fabric-sound-api-v1.mixins.json (2)
[20:12:07] [main/DEBUG] (FabricLoader/Mixin) Preparing fabric-renderer-indigo.mixins.json (5)
[20:12:07] [main/DEBUG] (FabricLoader/Mixin) Preparing fabric-command-api-v2.mixins.json (5)
[20:12:07] [main/DEBUG] (FabricLoader/Mixin) Preparing fabric-command-api-v2.client.mixins.json (2)
[20:12:07] [main/DEBUG] (FabricLoader/Mixin) Preparing fabric-renderer-api-v1.mixins.json (5)
[20:12:07] [main/DEBUG] (FabricLoader/Mixin) Preparing fabric-renderer-api-v1.debughud.mixins.json (1)
[20:12:07] [main/DEBUG] (FabricLoader/Mixin) Preparing fabric-screen-api-v1.mixins.json (7)
[20:12:07] [main/DEBUG] (FabricLoader/Mixin) Inner class net/fabricmc/fabric/mixin/itemgroup/ItemGroupsMixin$1ItemGroupPosition in net/fabricmc/fabric/mixin/itemgroup/ItemGroupsMixin on net/minecraft/item/ItemGroups gets unique name net/minecraft/item/ItemGroups$1ItemGroupPosition$46a0665c3d3340cb9ce82ebee076fd0c
[20:12:07] [main/DEBUG] (FabricLoader/Mixin) Inner class net/fabricmc/fabric/mixin/transfer/ChiseledBookshelfBlockEntityMixin$1 in net/fabricmc/fabric/mixin/transfer/ChiseledBookshelfBlockEntityMixin on net/minecraft/block/entity/ChiseledBookshelfBlockEntity gets unique name net/minecraft/block/entity/ChiseledBookshelfBlockEntity$Anonymous$ff629329146749e396954fe80ccb52d5
[20:12:07] [main/DEBUG] (FabricLoader/Mixin) Prepared 389 mixins in 0,742 sec (1,9ms avg) (0ms load, 0ms transform, 0ms plugin)
[20:12:08] [main/DEBUG] (io.netty.util.internal.logging.InternalLoggerFactory) Using SLF4J as the default logging framework
[20:12:08] [main/DEBUG] (io.netty.util.ResourceLeakDetector) -Dio.netty.leakDetection.level: simple
[20:12:08] [main/DEBUG] (io.netty.util.ResourceLeakDetector) -Dio.netty.leakDetection.targetRecords: 4
[20:12:08] [main/INFO] (FabricLoader/MixinExtras|Service) Initializing MixinExtras via com.llamalad7.mixinextras.service.MixinExtrasServiceImpl(version=0.4.1).
[20:12:08] [main/DEBUG] (FabricLoader/Mixin) Registering new injector for @SugarWrapper with com.llamalad7.mixinextras.sugar.impl.SugarWrapperInjectionInfo
[20:12:08] [main/DEBUG] (FabricLoader/Mixin) Registering new injector for @FactoryRedirectWrapper with com.llamalad7.mixinextras.wrapper.factory.FactoryRedirectWrapperInjectionInfo
[20:12:08] [main/DEBUG] (FabricLoader/Mixin) Mixing TaggedChoiceMixin from fabric-dimensions-v1.mixins.json into com.mojang.datafixers.types.templates.TaggedChoice
[20:12:08] [main/DEBUG] (FabricLoader/Mixin) fabric-dimensions-v1.mixins.json:TaggedChoiceMixin from mod fabric-dimensions-v1->@Inject::onApply(Lcom/mojang/datafixers/util/Pair;Lorg/spongepowered/asm/mixin/injection/callback/CallbackInfoReturnable;)V does use it's CallbackInfoReturnable
[20:12:08] [main/DEBUG] (FabricLoader/Mixin) Mixing TaggedChoiceTypeMixin from fabric-dimensions-v1.mixins.json into com.mojang.datafixers.types.templates.TaggedChoice$TaggedChoiceType
[20:12:08] [main/DEBUG] (FabricLoader/Mixin) fabric-dimensions-v1.mixins.json:TaggedChoiceTypeMixin from mod fabric-dimensions-v1->@Inject::onGetCodec(Ljava/lang/Object;Lorg/spongepowered/asm/mixin/injection/callback/CallbackInfoReturnable;)V does use it's CallbackInfoReturnable
[20:12:09] [main/DEBUG] (FabricLoader/Mixin) Mixing Schema2832Mixin from fabric-dimensions-v1.mixins.json into net.minecraft.datafixer.schema.Schema2832
[20:12:09] [main/DEBUG] (FabricLoader/Mixin) Mixing SystemDetailsMixin from fabric-crash-report-info-v1.mixins.json into net.minecraft.util.SystemDetails
[20:12:09] [main/DEBUG] (FabricLoader/Mixin) Renaming synthetic method lambda$appendMods$1(Lnet/fabricmc/loader/api/ModContainer;)Ljava/lang/String; to md24ae71$fabric-crash-report-info-v1$lambda$appendMods$1$0 in fabric-crash-report-info-v1.mixins.json:SystemDetailsMixin from mod fabric-crash-report-info-v1
[20:12:09] [main/DEBUG] (FabricLoader/Mixin) Renaming synthetic method lambda$fillSystemDetails$0()Ljava/lang/String; to md24ae71$fabric-crash-report-info-v1$lambda$fillSystemDetails$0$1 in fabric-crash-report-info-v1.mixins.json:SystemDetailsMixin from mod fabric-crash-report-info-v1
[20:12:09] [main/DEBUG] (FabricLoader/Mixin) fabric-crash-report-info-v1.mixins.json:SystemDetailsMixin from mod fabric-crash-report-info-v1->@Inject::fillSystemDetails(Lorg/spongepowered/asm/mixin/injection/callback/CallbackInfo;)V doesn't use it's CallbackInfo
[20:12:09] [main/DEBUG] (FabricLoader/Mixin) fabric-crash-report-info-v1.mixins.json:SystemDetailsMixin from mod fabric-crash-report-info-v1->@Inject::fillSystemDetails(Lorg/spongepowered/asm/mixin/injection/callback/CallbackInfo;)V has 0 override(s) in child classes
[20:12:09] [main/DEBUG] (FabricLoader/Mixin) fabric-crash-report-info-v1.mixins.json:SystemDetailsMixin from mod fabric-crash-report-info-v1->@Inject::fillSystemDetails(Lorg/spongepowered/asm/mixin/injection/callback/CallbackInfo;)V won't be passed a CallbackInfo as a result
[20:12:09] [Datafixer Bootstrap/INFO] (com.mojang.datafixers.DataFixerBuilder) 243 Datafixer optimizations took 299 milliseconds
[20:12:09] [main/DEBUG] (FabricLoader/Mixin) Mixing BootstrapMixin from fabric-registry-sync-v0.mixins.json into net.minecraft.Bootstrap
[20:12:09] [main/DEBUG] (FabricLoader/Mixin) Renaming synthetic method lambda$initialize$1(Lnet/minecraft/fluid/Fluid;)Ljava/util/Collection; to md24ae71$fabric-registry-sync-v0$lambda$initialize$1$0 in fabric-registry-sync-v0.mixins.json:BootstrapMixin from mod fabric-registry-sync-v0
[20:12:09] [main/DEBUG] (FabricLoader/Mixin) Renaming synthetic method lambda$initialize$0(Lnet/minecraft/block/Block;)Ljava/util/Collection; to md24ae71$fabric-registry-sync-v0$lambda$initialize$0$1 in fabric-registry-sync-v0.mixins.json:BootstrapMixin from mod fabric-registry-sync-v0
[20:12:09] [main/DEBUG] (FabricLoader/Mixin) fabric-registry-sync-v0.mixins.json:BootstrapMixin from mod fabric-registry-sync-v0->@Inject::initialize(Lorg/spongepowered/asm/mixin/injection/callback/CallbackInfo;)V doesn't use it's CallbackInfo
[20:12:09] [main/DEBUG] (FabricLoader/Mixin) Mixing RegistryMixin from fabric-registry-sync-v0.mixins.json into net.minecraft.registry.Registry
[20:12:09] [main/DEBUG] (FabricLoader/Mixin) Mixing RegistriesAccessor from fabric-registry-sync-v0.mixins.json into net.minecraft.registry.Registries
[20:12:09] [main/DEBUG] (FabricLoader/Mixin) Renaming @Accessor method getROOT()Lnet/minecraft/registry/MutableRegistry; to getROOT$fabric-registry-sync-v0_$md$24ae71$0 in fabric-registry-sync-v0.mixins.json:RegistriesAccessor from mod fabric-registry-sync-v0
[20:12:09] [main/DEBUG] (FabricLoader/Mixin) Mixing RegistriesMixin from fabric-registry-sync-v0.mixins.json into net.minecraft.registry.Registries
[20:12:09] [main/DEBUG] (FabricLoader/Mixin) Mixing RegistriesMixin from fabric-item-api-v1.mixins.json into net.minecraft.registry.Registries
[20:12:09] [main/DEBUG] (FabricLoader/Mixin) fabric-registry-sync-v0.mixins.json:RegistriesMixin from mod fabric-registry-sync-v0->@Inject::init(Lorg/spongepowered/asm/mixin/injection/callback/CallbackInfo;)V does use it's CallbackInfo
[20:12:09] [main/DEBUG] (FabricLoader/Mixin) fabric-item-api-v1.mixins.json:RegistriesMixin from mod fabric-item-api-v1->@Inject::modifyDefaultItemComponents(Lorg/spongepowered/asm/mixin/injection/callback/CallbackInfo;)V doesn't use it's CallbackInfo
[20:12:09] [main/DEBUG] (FabricLoader/Mixin) Mixing SimpleRegistryMixin from fabric-tag-api-v1.mixins.json into net.minecraft.registry.SimpleRegistry
[20:12:09] [main/DEBUG] (FabricLoader/Mixin) Mixing SimpleRegistryAccessor from fabric-registry-sync-v0.mixins.json into net.minecraft.registry.SimpleRegistry
[20:12:09] [main/DEBUG] (FabricLoader/Mixin) Mixing SimpleRegistryMixin from fabric-registry-sync-v0.mixins.json into net.minecraft.registry.SimpleRegistry
[20:12:09] [main/DEBUG] (FabricLoader/Mixin) Renaming synthetic method lambda$init$4([Lnet/fabricmc/fabric/api/event/registry/RegistryIdRemapCallback;)Lnet/fabricmc/fabric/api/event/registry/RegistryIdRemapCallback; to md24ae71$fabric-registry-sync-v0$lambda$init$4$0 in fabric-registry-sync-v0.mixins.json:SimpleRegistryMixin from mod fabric-registry-sync-v0
[20:12:09] [main/DEBUG] (FabricLoader/Mixin) Renaming synthetic method lambda$init$3([Lnet/fabricmc/fabric/api/event/registry/RegistryIdRemapCallback;Lnet/fabricmc/fabric/api/event/registry/RegistryIdRemapCallback$RemapState;)V to md24ae71$fabric-registry-sync-v0$lambda$init$3$1 in fabric-registry-sync-v0.mixins.json:SimpleRegistryMixin from mod fabric-registry-sync-v0
[20:12:09] [main/DEBUG] (FabricLoader/Mixin) Renaming synthetic method lambda$init$2(ILnet/minecraft/util/Identifier;Ljava/lang/Object;)V to md24ae71$fabric-registry-sync-v0$lambda$init$2$2 in fabric-registry-sync-v0.mixins.json:SimpleRegistryMixin from mod fabric-registry-sync-v0
[20:12:09] [main/DEBUG] (FabricLoader/Mixin) Renaming synthetic method lambda$init$1([Lnet/fabricmc/fabric/api/event/registry/RegistryEntryAddedCallback;)Lnet/fabricmc/fabric/api/event/registry/RegistryEntryAddedCallback; to md24ae71$fabric-registry-sync-v0$lambda$init$1$3 in fabric-registry-sync-v0.mixins.json:SimpleRegistryMixin from mod fabric-registry-sync-v0
[20:12:09] [main/DEBUG] (FabricLoader/Mixin) Renaming synthetic method lambda$init$0([Lnet/fabricmc/fabric/api/event/registry/RegistryEntryAddedCallback;ILnet/minecraft/util/Identifier;Ljava/lang/Object;)V to md24ae71$fabric-registry-sync-v0$lambda$init$0$4 in fabric-registry-sync-v0.mixins.json:SimpleRegistryMixin from mod fabric-registry-sync-v0
[20:12:10] [main/DEBUG] (FabricLoader/Mixin) fabric-registry-sync-v0.mixins.json:SimpleRegistryMixin from mod fabric-registry-sync-v0->@Inject::init(Lnet/minecraft/registry/RegistryKey;Lcom/mojang/serialization/Lifecycle;ZLorg/spongepowered/asm/mixin/injection/callback/CallbackInfo;)V doesn't use it's CallbackInfo
[20:12:10] [main/DEBUG] (FabricLoader/Mixin) fabric-registry-sync-v0.mixins.json:SimpleRegistryMixin from mod fabric-registry-sync-v0->@Inject::init(Lnet/minecraft/registry/RegistryKey;Lcom/mojang/serialization/Lifecycle;ZLorg/spongepowered/asm/mixin/injection/callback/CallbackInfo;)V has 0 override(s) in child classes
[20:12:10] [main/DEBUG] (FabricLoader/Mixin) fabric-registry-sync-v0.mixins.json:SimpleRegistryMixin from mod fabric-registry-sync-v0->@Inject::init(Lnet/minecraft/registry/RegistryKey;Lcom/mojang/serialization/Lifecycle;ZLorg/spongepowered/asm/mixin/injection/callback/CallbackInfo;)V won't be passed a CallbackInfo as a result
[20:12:10] [main/DEBUG] (FabricLoader/Mixin) fabric-registry-sync-v0.mixins.json:SimpleRegistryMixin from mod fabric-registry-sync-v0->@Inject::set(Lnet/minecraft/registry/RegistryKey;Ljava/lang/Object;Lnet/minecraft/registry/entry/RegistryEntryInfo;Lorg/spongepowered/asm/mixin/injection/callback/CallbackInfoReturnable;)V does use it's CallbackInfoReturnable
[20:12:10] [main/DEBUG] (FabricLoader/Mixin) Mixing RegistryKeysMixin from fabric-registry-sync-v0.mixins.json into net.minecraft.registry.RegistryKeys
[20:12:10] [main/DEBUG] (FabricLoader/Mixin) Mixing ArgumentTypesMixin from fabric-gametest-api-v1.mixins.json into net.minecraft.command.argument.ArgumentTypes
[20:12:10] [main/DEBUG] (FabricLoader/Mixin) Mixing ArgumentTypesAccessor from fabric-command-api-v2.mixins.json into net.minecraft.command.argument.ArgumentTypes
[20:12:10] [main/DEBUG] (FabricLoader/Mixin) Renaming @Accessor method fabric_getClassMap()Ljava/util/Map; to fabric_getClassMap$fabric-command-api-v2_$md$24ae71$0 in fabric-command-api-v2.mixins.json:ArgumentTypesAccessor from mod fabric-command-api-v2
[20:12:10] [main/DEBUG] (FabricLoader/Mixin) fabric-gametest-api-v1.mixins.json:ArgumentTypesMixin from mod fabric-gametest-api-v1->@Inject::register(Lnet/minecraft/registry/Registry;Lorg/spongepowered/asm/mixin/injection/callback/CallbackInfoReturnable;)V doesn't use it's CallbackInfoReturnable
[20:12:10] [main/DEBUG] (FabricLoader/Mixin) Mixing ItemGroupsMixin from fabric-item-group-api-v1.mixins.json into net.minecraft.item.ItemGroups
[20:12:10] [main/DEBUG] (FabricLoader/Mixin) Renaming synthetic method lambda$paginateGroups$0(Lnet/minecraft/registry/entry/RegistryEntry$Reference;Lnet/minecraft/registry/entry/RegistryEntry$Reference;)I to md24ae71$fabric-item-group-api-v1$lambda$paginateGroups$0$0 in fabric-item-group-api-v1.mixins.json:ItemGroupsMixin from mod fabric-item-group-api-v1
[20:12:10] [main/DEBUG] (FabricLoader/Mixin) fabric-item-group-api-v1.mixins.json:ItemGroupsMixin from mod fabric-item-group-api-v1->@Inject::deferDuplicateCheck(Lorg/spongepowered/asm/mixin/injection/callback/CallbackInfo;)V does use it's CallbackInfo
[20:12:10] [main/DEBUG] (FabricLoader/Mixin) fabric-item-group-api-v1.mixins.json:ItemGroupsMixin from mod fabric-item-group-api-v1->@Inject::paginateGroups(Lorg/spongepowered/asm/mixin/injection/callback/CallbackInfo;)V doesn't use it's CallbackInfo
[20:12:10] [main/DEBUG] (FabricLoader/Mixin) Mixing ItemGroupAccessor from fabric-item-group-api-v1.mixins.json into net.minecraft.item.ItemGroup
[20:12:10] [main/DEBUG] (FabricLoader/Mixin) Mixing ItemGroupMixin from fabric-item-group-api-v1.mixins.json into net.minecraft.item.ItemGroup
[20:12:10] [main/DEBUG] (FabricLoader/Mixin) Renaming synthetic method lambda$getStacks$0(Lnet/minecraft/item/ItemGroup;)Ljava/lang/IllegalStateException; to md24ae71$fabric-item-group-api-v1$lambda$getStacks$0$0 in fabric-item-group-api-v1.mixins.json:ItemGroupMixin from mod fabric-item-group-api-v1
[20:12:10] [main/DEBUG] (FabricLoader/Mixin) fabric-item-group-api-v1.mixins.json:ItemGroupMixin from mod fabric-item-group-api-v1->@Inject::getStacks(Lnet/minecraft/item/ItemGroup$DisplayContext;Lorg/spongepowered/asm/mixin/injection/callback/CallbackInfo;)V doesn't use it's CallbackInfo
[20:12:10] [main/DEBUG] (FabricLoader/Mixin) fabric-item-group-api-v1.mixins.json:ItemGroupMixin from mod fabric-item-group-api-v1->@Inject::getStacks(Lnet/minecraft/item/ItemGroup$DisplayContext;Lorg/spongepowered/asm/mixin/injection/callback/CallbackInfo;)V has 0 override(s) in child classes
[20:12:10] [main/DEBUG] (FabricLoader/Mixin) fabric-item-group-api-v1.mixins.json:ItemGroupMixin from mod fabric-item-group-api-v1->@Inject::getStacks(Lnet/minecraft/item/ItemGroup$DisplayContext;Lorg/spongepowered/asm/mixin/injection/callback/CallbackInfo;)V won't be passed a CallbackInfo as a result
[20:12:10] [main/DEBUG] (FabricLoader/Mixin) Mixing FireBlockMixin from fabric-content-registries-v0.mixins.json into net.minecraft.block.FireBlock
[20:12:10] [main/DEBUG] (FabricLoader/Mixin) fabric-content-registries-v0.mixins.json:FireBlockMixin from mod fabric-content-registries-v0->@Inject::afterConstruct(Lnet/minecraft/block/AbstractBlock$Settings;Lorg/spongepowered/asm/mixin/injection/callback/CallbackInfo;)V doesn't use it's CallbackInfo
[20:12:10] [main/DEBUG] (FabricLoader/Mixin) fabric-content-registries-v0.mixins.json:FireBlockMixin from mod fabric-content-registries-v0->@Inject::afterConstruct(Lnet/minecraft/block/AbstractBlock$Settings;Lorg/spongepowered/asm/mixin/injection/callback/CallbackInfo;)V has 0 override(s) in child classes
[20:12:10] [main/DEBUG] (FabricLoader/Mixin) fabric-content-registries-v0.mixins.json:FireBlockMixin from mod fabric-content-registries-v0->@Inject::afterConstruct(Lnet/minecraft/block/AbstractBlock$Settings;Lorg/spongepowered/asm/mixin/injection/callback/CallbackInfo;)V won't be passed a CallbackInfo as a result
[20:12:10] [main/DEBUG] (FabricLoader/Mixin) fabric-content-registries-v0.mixins.json:FireBlockMixin from mod fabric-content-registries-v0->@Inject::getFabricBurnChance(Lnet/minecraft/block/BlockState;Lorg/spongepowered/asm/mixin/injection/callback/CallbackInfoReturnable;)V does use it's CallbackInfoReturnable
[20:12:10] [main/DEBUG] (FabricLoader/Mixin) fabric-content-registries-v0.mixins.json:FireBlockMixin from mod fabric-content-registries-v0->@Inject::getFabricSpreadChance(Lnet/minecraft/block/BlockState;Lorg/spongepowered/asm/mixin/injection/callback/CallbackInfoReturnable;)V does use it's CallbackInfoReturnable
[20:12:10] [main/DEBUG] (FabricLoader/Mixin) Mixing BlockMixin from fabric-block-api-v1.mixins.json into net.minecraft.block.Block
[20:12:10] [main/DEBUG] (FabricLoader/Mixin) Mixing AbstractBlockAccessor from fabric-object-builder-v1.mixins.json into net.minecraft.block.AbstractBlock
[20:12:10] [main/DEBUG] (FabricLoader/Mixin) Mixing AbstractBlockMixin from fabric-content-registries-v0.mixins.json into net.minecraft.block.AbstractBlock
[20:12:10] [main/DEBUG] (FabricLoader/Mixin) Mixing BlockViewMixin from fabric-block-view-api-v2.mixins.json into net.minecraft.world.BlockView
[20:12:10] [main/DEBUG] (FabricLoader/Mixin) Mixing WorldViewMixin from fabric-rendering-data-attachment-v1.mixins.json into net.minecraft.world.WorldView
[20:12:10] [main/DEBUG] (FabricLoader/Mixin) Mixing WorldViewMixin from fabric-block-view-api-v2.mixins.json into net.minecraft.world.WorldView
[20:12:10] [main/DEBUG] (FabricLoader/Mixin) Mixing AttachmentTargetsMixin from fabric-data-attachment-api-v1.mixins.json into net.minecraft.world.World
[20:12:10] [main/DEBUG] (FabricLoader/Mixin) Renaming synthetic method lambda$fabric_readAttachmentsFromNbt$0(Lnet/minecraft/registry/RegistryWrapper$WrapperLookup;Lnet/fabricmc/fabric/api/attachment/v1/AttachmentType;Ljava/lang/Object;)V to md24ae71$fabric-data-attachment-api-v1$lambda$fabric_readAttachmentsFromNbt$0$0 in fabric-data-attachment-api-v1.mixins.json:AttachmentTargetsMixin from mod fabric-data-attachment-api-v1
[20:12:10] [main/DEBUG] (FabricLoader/Mixin) Mixing WorldMixin from fabric-data-attachment-api-v1.mixins.json into net.minecraft.world.World
[20:12:10] [main/DEBUG] (FabricLoader/Mixin) Mixing WorldMixin from fabric-lifecycle-events-v1.mixins.json into net.minecraft.world.World
[20:12:10] [main/DEBUG] (FabricLoader/Mixin) Mixing ServerWorldMixin from fabric-data-attachment-api-v1.mixins.json into net.minecraft.server.world.ServerWorld
[20:12:10] [main/DEBUG] (FabricLoader/Mixin) Renaming synthetic method lambda$fabric_syncChange$2(Lnet/fabricmc/fabric/api/attachment/v1/AttachmentType;Lnet/fabricmc/fabric/impl/attachment/sync/s2c/AttachmentSyncPayloadS2C;Lnet/minecraft/server/network/ServerPlayerEntity;)V to md24ae71$fabric-data-attachment-api-v1$lambda$fabric_syncChange$2$0 in fabric-data-attachment-api-v1.mixins.json:ServerWorldMixin from mod fabric-data-attachment-api-v1
[20:12:10] [main/DEBUG] (FabricLoader/Mixin) Renaming synthetic method lambda$createAttachmentsPersistentState$1(Lnet/minecraft/server/world/ServerWorld;Lnet/minecraft/nbt/NbtCompound;Lnet/minecraft/registry/RegistryWrapper$WrapperLookup;)Lnet/fabricmc/fabric/impl/attachment/AttachmentPersistentState; to md24ae71$fabric-data-attachment-api-v1$lambda$createAttachmentsPersistentState$1$1 in fabric-data-attachment-api-v1.mixins.json:ServerWorldMixin from mod fabric-data-attachment-api-v1
[20:12:10] [main/DEBUG] (FabricLoader/Mixin) Renaming synthetic method lambda$createAttachmentsPersistentState$0(Lnet/minecraft/server/world/ServerWorld;)Lnet/fabricmc/fabric/impl/attachment/AttachmentPersistentState; to md24ae71$fabric-data-attachment-api-v1$lambda$createAttachmentsPersistentState$0$2 in fabric-data-attachment-api-v1.mixins.json:ServerWorldMixin from mod fabric-data-attachment-api-v1
[20:12:10] [main/DEBUG] (FabricLoader/Mixin) Mixing ServerWorldMixin from fabric-api-lookup-api-v1.mixins.json into net.minecraft.server.world.ServerWorld
[20:12:10] [main/DEBUG] (FabricLoader/Mixin) Renaming synthetic method lambda$fabric_invalidateCache$5(Ljava/util/Map$Entry;)Z to md24ae71$fabric-api-lookup-api-v1$lambda$fabric_invalidateCache$5$3 in fabric-api-lookup-api-v1.mixins.json:ServerWorldMixin from mod fabric-api-lookup-api-v1
[20:12:10] [main/DEBUG] (FabricLoader/Mixin) Renaming synthetic method lambda$fabric_invalidateCache$4(Ljava/lang/ref/WeakReference;)Z to md24ae71$fabric-api-lookup-api-v1$lambda$fabric_invalidateCache$4$4 in fabric-api-lookup-api-v1.mixins.json:ServerWorldMixin from mod fabric-api-lookup-api-v1
[20:12:10] [main/DEBUG] (FabricLoader/Mixin) Renaming synthetic method lambda$fabric_invalidateCache$3(Ljava/lang/ref/WeakReference;)V to md24ae71$fabric-api-lookup-api-v1$lambda$fabric_invalidateCache$3$5 in fabric-api-lookup-api-v1.mixins.json:ServerWorldMixin from mod fabric-api-lookup-api-v1
[20:12:10] [main/DEBUG] (FabricLoader/Mixin) Renaming synthetic method lambda$fabric_invalidateCache$2(Ljava/lang/ref/WeakReference;)Z to md24ae71$fabric-api-lookup-api-v1$lambda$fabric_invalidateCache$2$6 in fabric-api-lookup-api-v1.mixins.json:ServerWorldMixin from mod fabric-api-lookup-api-v1
[20:12:10] [main/DEBUG] (FabricLoader/Mixin) Renaming synthetic method lambda$fabric_registerCache$1(Ljava/lang/ref/WeakReference;)Z to md24ae71$fabric-api-lookup-api-v1$lambda$fabric_registerCache$1$7 in fabric-api-lookup-api-v1.mixins.json:ServerWorldMixin from mod fabric-api-lookup-api-v1
[20:12:10] [main/DEBUG] (FabricLoader/Mixin) Renaming synthetic method lambda$fabric_registerCache$0(Lnet/minecraft/util/math/BlockPos;)Ljava/util/List; to md24ae71$fabric-api-lookup-api-v1$lambda$fabric_registerCache$0$8 in fabric-api-lookup-api-v1.mixins.json:ServerWorldMixin from mod fabric-api-lookup-api-v1
[20:12:10] [main/DEBUG] (FabricLoader/Mixin) Mixing ServerWorldMixin from fabric-lifecycle-events-v1.mixins.json into net.minecraft.server.world.ServerWorld
[20:12:10] [main/DEBUG] (FabricLoader/Mixin) fabric-data-attachment-api-v1.mixins.json:ServerWorldMixin from mod fabric-data-attachment-api-v1->@Inject::createAttachmentsPersistentState(Lorg/spongepowered/asm/mixin/injection/callback/CallbackInfo;)V doesn't use it's CallbackInfo
[20:12:10] [main/DEBUG] (FabricLoader/Mixin) fabric-data-attachment-api-v1.mixins.json:ServerWorldMixin from mod fabric-data-attachment-api-v1->@Inject::createAttachmentsPersistentState(Lorg/spongepowered/asm/mixin/injection/callback/CallbackInfo;)V has 0 override(s) in child classes
[20:12:10] [main/DEBUG] (FabricLoader/Mixin) fabric-data-attachment-api-v1.mixins.json:ServerWorldMixin from mod fabric-data-attachment-api-v1->@Inject::createAttachmentsPersistentState(Lorg/spongepowered/asm/mixin/injection/callback/CallbackInfo;)V won't be passed a CallbackInfo as a result
[20:12:10] [main/DEBUG] (FabricLoader/Mixin) fabric-lifecycle-events-v1.mixins.json:ServerWorldMixin from mod fabric-lifecycle-events-v1->@Inject::startWorldTick(Ljava/util/function/BooleanSupplier;Lorg/spongepowered/asm/mixin/injection/callback/CallbackInfo;)V doesn't use it's CallbackInfo
[20:12:10] [main/DEBUG] (FabricLoader/Mixin) fabric-lifecycle-events-v1.mixins.json:ServerWorldMixin from mod fabric-lifecycle-events-v1->@Inject::startWorldTick(Ljava/util/function/BooleanSupplier;Lorg/spongepowered/asm/mixin/injection/callback/CallbackInfo;)V has 0 override(s) in child classes
[20:12:10] [main/DEBUG] (FabricLoader/Mixin) fabric-lifecycle-events-v1.mixins.json:ServerWorldMixin from mod fabric-lifecycle-events-v1->@Inject::startWorldTick(Ljava/util/function/BooleanSupplier;Lorg/spongepowered/asm/mixin/injection/callback/CallbackInfo;)V won't be passed a CallbackInfo as a result
[20:12:10] [main/DEBUG] (FabricLoader/Mixin) fabric-lifecycle-events-v1.mixins.json:ServerWorldMixin from mod fabric-lifecycle-events-v1->@Inject::endWorldTick(Ljava/util/function/BooleanSupplier;Lorg/spongepowered/asm/mixin/injection/callback/CallbackInfo;)V doesn't use it's CallbackInfo
[20:12:10] [main/DEBUG] (FabricLoader/Mixin) fabric-lifecycle-events-v1.mixins.json:ServerWorldMixin from mod fabric-lifecycle-events-v1->@Inject::endWorldTick(Ljava/util/function/BooleanSupplier;Lorg/spongepowered/asm/mixin/injection/callback/CallbackInfo;)V has 0 override(s) in child classes
[20:12:10] [main/DEBUG] (FabricLoader/Mixin) fabric-lifecycle-events-v1.mixins.json:ServerWorldMixin from mod fabric-lifecycle-events-v1->@Inject::endWorldTick(Ljava/util/function/BooleanSupplier;Lorg/spongepowered/asm/mixin/injection/callback/CallbackInfo;)V won't be passed a CallbackInfo as a result
[20:12:10] [main/DEBUG] (FabricLoader/Mixin) Mixing AttachmentTargetsMixin from fabric-data-attachment-api-v1.mixins.json into net.minecraft.entity.Entity
[20:12:10] [main/DEBUG] (FabricLoader/Mixin) Mixing EntityMixin from fabric-data-attachment-api-v1.mixins.json into net.minecraft.entity.Entity
[20:12:10] [main/DEBUG] (FabricLoader/Mixin) Renaming synthetic method lambda$fabric_syncChange$0(Lnet/fabricmc/fabric/api/attachment/v1/AttachmentSyncPredicate;Lnet/fabricmc/fabric/impl/attachment/sync/s2c/AttachmentSyncPayloadS2C;Lnet/minecraft/server/network/ServerPlayerEntity;)V to md24ae71$fabric-data-attachment-api-v1$lambda$fabric_syncChange$0$0 in fabric-data-attachment-api-v1.mixins.json:EntityMixin from mod fabric-data-attachment-api-v1
[20:12:10] [main/DEBUG] (FabricLoader/Mixin) Mixing EntityMixin from fabric-entity-events-v1.mixins.json into net.minecraft.entity.Entity
[20:12:10] [main/DEBUG] (FabricLoader/Mixin) Mixing client.EntityMixin from vurstvisual.mixins.json into net.minecraft.entity.Entity
[20:12:10] [main/DEBUG] (FabricLoader/Mixin) fabric-data-attachment-api-v1.mixins.json:EntityMixin from mod fabric-data-attachment-api-v1->@Inject::readEntityAttachments(Lnet/minecraft/nbt/NbtCompound;Lorg/spongepowered/asm/mixin/injection/callback/CallbackInfo;)V doesn't use it's CallbackInfo
[20:12:10] [main/DEBUG] (FabricLoader/Mixin) fabric-data-attachment-api-v1.mixins.json:EntityMixin from mod fabric-data-attachment-api-v1->@Inject::readEntityAttachments(Lnet/minecraft/nbt/NbtCompound;Lorg/spongepowered/asm/mixin/injection/callback/CallbackInfo;)V has 0 override(s) in child classes
[20:12:10] [main/DEBUG] (FabricLoader/Mixin) fabric-data-attachment-api-v1.mixins.json:EntityMixin from mod fabric-data-attachment-api-v1->@Inject::readEntityAttachments(Lnet/minecraft/nbt/NbtCompound;Lorg/spongepowered/asm/mixin/injection/callback/CallbackInfo;)V won't be passed a CallbackInfo as a result
[20:12:10] [main/DEBUG] (FabricLoader/Mixin) fabric-data-attachment-api-v1.mixins.json:EntityMixin from mod fabric-data-attachment-api-v1->@Inject::writeEntityAttachments(Lnet/minecraft/nbt/NbtCompound;Lorg/spongepowered/asm/mixin/injection/callback/CallbackInfoReturnable;)V doesn't use it's CallbackInfoReturnable
[20:12:10] [main/DEBUG] (FabricLoader/Mixin) fabric-data-attachment-api-v1.mixins.json:EntityMixin from mod fabric-data-attachment-api-v1->@Inject::writeEntityAttachments(Lnet/minecraft/nbt/NbtCompound;Lorg/spongepowered/asm/mixin/injection/callback/CallbackInfoReturnable;)V has 0 override(s) in child classes
[20:12:10] [main/DEBUG] (FabricLoader/Mixin) fabric-data-attachment-api-v1.mixins.json:EntityMixin from mod fabric-data-attachment-api-v1->@Inject::writeEntityAttachments(Lnet/minecraft/nbt/NbtCompound;Lorg/spongepowered/asm/mixin/injection/callback/CallbackInfoReturnable;)V won't be passed a CallbackInfoReturnable as a result
[20:12:10] [main/DEBUG] (FabricLoader/Mixin) vurstvisual.mixins.json:client.EntityMixin from mod vurstvisual->@Inject::disableGlow(Lorg/spongepowered/asm/mixin/injection/callback/CallbackInfoReturnable;)V does use it's CallbackInfoReturnable
[20:12:10] [main/DEBUG] (FabricLoader/Mixin) vurstvisual.mixins.json:client.EntityMixin from mod vurstvisual->@Inject::forceRenderName(Lorg/spongepowered/asm/mixin/injection/callback/CallbackInfoReturnable;)V does use it's CallbackInfoReturnable
[20:12:10] [main/DEBUG] (FabricLoader/Mixin) Mixing PlayerEntityMixin from fabric-entity-events-v1.mixins.json into net.minecraft.entity.player.PlayerEntity
[20:12:10] [main/DEBUG] (FabricLoader/Mixin) Mixing minecraft.entity.PlayerEntityMixin from vurstvisual.mixins.json into net.minecraft.entity.player.PlayerEntity
[20:12:10] [main/DEBUG] (FabricLoader/Mixin) fabric-entity-events-v1.mixins.json:PlayerEntityMixin from mod fabric-entity-events-v1->@Inject::onTrySleep(Lnet/minecraft/util/math/BlockPos;Lorg/spongepowered/asm/mixin/injection/callback/CallbackInfoReturnable;)V does use it's CallbackInfoReturnable
[20:12:10] [main/DEBUG] (FabricLoader/Mixin) fabric-entity-events-v1.mixins.json:PlayerEntityMixin from mod fabric-entity-events-v1->@Inject::onIsSleepingLongEnough(Lorg/spongepowered/asm/mixin/injection/callback/CallbackInfoReturnable;)V does use it's CallbackInfoReturnable
[20:12:10] [main/DEBUG] (FabricLoader/Mixin) vurstvisual.mixins.json:minecraft.entity.PlayerEntityMixin from mod vurstvisual->@Inject::tickMovement(Lorg/spongepowered/asm/mixin/injection/callback/CallbackInfo;)V doesn't use it's CallbackInfo
[20:12:10] [main/DEBUG] (FabricLoader/Mixin) vurstvisual.mixins.json:minecraft.entity.PlayerEntityMixin from mod vurstvisual->@Inject::tickMovement(Lorg/spongepowered/asm/mixin/injection/callback/CallbackInfo;)V has 0 override(s) in child classes
[20:12:10] [main/DEBUG] (FabricLoader/Mixin) vurstvisual.mixins.json:minecraft.entity.PlayerEntityMixin from mod vurstvisual->@Inject::tickMovement(Lorg/spongepowered/asm/mixin/injection/callback/CallbackInfo;)V won't be passed a CallbackInfo as a result
[20:12:10] [main/DEBUG] (FabricLoader/Mixin) vurstvisual.mixins.json:minecraft.entity.PlayerEntityMixin from mod vurstvisual->@Inject::fixElytra(Lorg/spongepowered/asm/mixin/injection/callback/CallbackInfo;)V doesn't use it's CallbackInfo
[20:12:10] [main/DEBUG] (FabricLoader/Mixin) vurstvisual.mixins.json:minecraft.entity.PlayerEntityMixin from mod vurstvisual->@Inject::fixElytra(Lorg/spongepowered/asm/mixin/injection/callback/CallbackInfo;)V has 0 override(s) in child classes
[20:12:10] [main/DEBUG] (FabricLoader/Mixin) vurstvisual.mixins.json:minecraft.entity.PlayerEntityMixin from mod vurstvisual->@Inject::fixElytra(Lorg/spongepowered/asm/mixin/injection/callback/CallbackInfo;)V won't be passed a CallbackInfo as a result
[20:12:10] [main/DEBUG] (FabricLoader/Mixin) vurstvisual.mixins.json:minecraft.entity.PlayerEntityMixin from mod vurstvisual->@Inject::fixElytraEnd(Lorg/spongepowered/asm/mixin/injection/callback/CallbackInfo;)V doesn't use it's CallbackInfo
[20:12:10] [main/DEBUG] (FabricLoader/Mixin) vurstvisual.mixins.json:minecraft.entity.PlayerEntityMixin from mod vurstvisual->@Inject::fixElytraEnd(Lorg/spongepowered/asm/mixin/injection/callback/CallbackInfo;)V has 0 override(s) in child classes
[20:12:10] [main/DEBUG] (FabricLoader/Mixin) vurstvisual.mixins.json:minecraft.entity.PlayerEntityMixin from mod vurstvisual->@Inject::fixElytraEnd(Lorg/spongepowered/asm/mixin/injection/callback/CallbackInfo;)V won't be passed a CallbackInfo as a result
[20:12:10] [main/DEBUG] (FabricLoader/Mixin) vurstvisual.mixins.json:minecraft.entity.PlayerEntityMixin from mod vurstvisual->@Inject::fixElytraEnd(Lorg/spongepowered/asm/mixin/injection/callback/CallbackInfo;)V doesn't use it's CallbackInfo
[20:12:10] [main/DEBUG] (FabricLoader/Mixin) vurstvisual.mixins.json:minecraft.entity.PlayerEntityMixin from mod vurstvisual->@Inject::fixElytraEnd(Lorg/spongepowered/asm/mixin/injection/callback/CallbackInfo;)V has 0 override(s) in child classes
[20:12:10] [main/DEBUG] (FabricLoader/Mixin) vurstvisual.mixins.json:minecraft.entity.PlayerEntityMixin from mod vurstvisual->@Inject::fixElytraEnd(Lorg/spongepowered/asm/mixin/injection/callback/CallbackInfo;)V won't be passed a CallbackInfo as a result
[20:12:10] [main/DEBUG] (FabricLoader/Mixin) Mixing LivingEntityMixin from fabric-item-api-v1.mixins.json into net.minecraft.entity.LivingEntity
[20:12:10] [main/DEBUG] (FabricLoader/Mixin) Mixing LivingEntityMixin from fabric-lifecycle-events-v1.mixins.json into net.minecraft.entity.LivingEntity
[20:12:10] [main/DEBUG] (FabricLoader/Mixin) Mixing LivingEntityMixin from fabric-entity-events-v1.mixins.json into net.minecraft.entity.LivingEntity
[20:12:10] [main/DEBUG] (FabricLoader/Mixin) Mixing elytra.LivingEntityMixin from fabric-entity-events-v1.mixins.json into net.minecraft.entity.LivingEntity
[20:12:10] [main/DEBUG] (FabricLoader/Mixin) Mixing client.PlayerEntityMixin from vurstvisual.mixins.json into net.minecraft.entity.LivingEntity
[20:12:10] [main/DEBUG] (FabricLoader/Mixin) Mixing minecraft.entity.LivingEntityMixin from vurstvisual.mixins.json into net.minecraft.entity.LivingEntity
[20:12:10] [main/DEBUG] (FabricLoader/Mixin) fabric-item-api-v1.mixins.json:LivingEntityMixin from mod fabric-item-api-v1->@Inject::onGetPreferredEquipmentSlot(Lnet/minecraft/item/ItemStack;Lorg/spongepowered/asm/mixin/injection/callback/CallbackInfoReturnable;)V does use it's CallbackInfoReturnable
[20:12:10] [main/DEBUG] (FabricLoader/Mixin) fabric-lifecycle-events-v1.mixins.json:LivingEntityMixin from mod fabric-lifecycle-events-v1->@Inject::getEquipmentChanges(Lorg/spongepowered/asm/mixin/injection/callback/CallbackInfoReturnable;)V doesn't use it's CallbackInfoReturnable
[20:12:10] [main/DEBUG] (FabricLoader/Mixin) fabric-lifecycle-events-v1.mixins.json:LivingEntityMixin from mod fabric-lifecycle-events-v1->@Inject::getEquipmentChanges(Lorg/spongepowered/asm/mixin/injection/callback/CallbackInfoReturnable;)V has 0 override(s) in child classes
[20:12:10] [main/DEBUG] (FabricLoader/Mixin) fabric-lifecycle-events-v1.mixins.json:LivingEntityMixin from mod fabric-lifecycle-events-v1->@Inject::getEquipmentChanges(Lorg/spongepowered/asm/mixin/injection/callback/CallbackInfoReturnable;)V won't be passed a CallbackInfoReturnable as a result
[20:12:10] [main/DEBUG] (FabricLoader/Mixin) fabric-entity-events-v1.mixins.json:LivingEntityMixin from mod fabric-entity-events-v1->@Inject::notifyDeath(Lnet/minecraft/entity/damage/DamageSource;Lorg/spongepowered/asm/mixin/injection/callback/CallbackInfo;)V doesn't use it's CallbackInfo
[20:12:10] [main/DEBUG] (FabricLoader/Mixin) fabric-entity-events-v1.mixins.json:LivingEntityMixin from mod fabric-entity-events-v1->@Inject::notifyDeath(Lnet/minecraft/entity/damage/DamageSource;Lorg/spongepowered/asm/mixin/injection/callback/CallbackInfo;)V has 0 override(s) in child classes
[20:12:10] [main/DEBUG] (FabricLoader/Mixin) fabric-entity-events-v1.mixins.json:LivingEntityMixin from mod fabric-entity-events-v1->@Inject::notifyDeath(Lnet/minecraft/entity/damage/DamageSource;Lorg/spongepowered/asm/mixin/injection/callback/CallbackInfo;)V won't be passed a CallbackInfo as a result
[20:12:10] [main/DEBUG] (FabricLoader/Mixin) fabric-entity-events-v1.mixins.json:LivingEntityMixin from mod fabric-entity-events-v1->@Inject::beforeDamage(Lnet/minecraft/server/world/ServerWorld;Lnet/minecraft/entity/damage/DamageSource;FLorg/spongepowered/asm/mixin/injection/callback/CallbackInfoReturnable;)V does use it's CallbackInfoReturnable
[20:12:10] [main/DEBUG] (FabricLoader/Mixin) fabric-entity-events-v1.mixins.json:LivingEntityMixin from mod fabric-entity-events-v1->@Inject::afterDamage(Lnet/minecraft/server/world/ServerWorld;Lnet/minecraft/entity/damage/DamageSource;FLorg/spongepowered/asm/mixin/injection/callback/CallbackInfoReturnable;FZ)V doesn't use it's CallbackInfoReturnable
[20:12:10] [main/DEBUG] (FabricLoader/Mixin) fabric-entity-events-v1.mixins.json:LivingEntityMixin from mod fabric-entity-events-v1->@Inject::afterDamage(Lnet/minecraft/server/world/ServerWorld;Lnet/minecraft/entity/damage/DamageSource;FLorg/spongepowered/asm/mixin/injection/callback/CallbackInfoReturnable;FZ)V has 0 override(s) in child classes
[20:12:10] [main/DEBUG] (FabricLoader/Mixin) fabric-entity-events-v1.mixins.json:LivingEntityMixin from mod fabric-entity-events-v1->@Inject::afterDamage(Lnet/minecraft/server/world/ServerWorld;Lnet/minecraft/entity/damage/DamageSource;FLorg/spongepowered/asm/mixin/injection/callback/CallbackInfoReturnable;FZ)V won't be passed a CallbackInfoReturnable as a result
[20:12:10] [main/DEBUG] (FabricLoader/Mixin) fabric-entity-events-v1.mixins.json:LivingEntityMixin from mod fabric-entity-events-v1->@Inject::onSleep(Lnet/minecraft/util/math/BlockPos;Lorg/spongepowered/asm/mixin/injection/callback/CallbackInfo;)V doesn't use it's CallbackInfo
[20:12:10] [main/DEBUG] (FabricLoader/Mixin) fabric-entity-events-v1.mixins.json:LivingEntityMixin from mod fabric-entity-events-v1->@Inject::onSleep(Lnet/minecraft/util/math/BlockPos;Lorg/spongepowered/asm/mixin/injection/callback/CallbackInfo;)V has 0 override(s) in child classes
[20:12:10] [main/DEBUG] (FabricLoader/Mixin) fabric-entity-events-v1.mixins.json:LivingEntityMixin from mod fabric-entity-events-v1->@Inject::onSleep(Lnet/minecraft/util/math/BlockPos;Lorg/spongepowered/asm/mixin/injection/callback/CallbackInfo;)V won't be passed a CallbackInfo as a result
[20:12:10] [main/DEBUG] (FabricLoader/Mixin) fabric-entity-events-v1.mixins.json:LivingEntityMixin from mod fabric-entity-events-v1->@Inject::onWakeUp(Lorg/spongepowered/asm/mixin/injection/callback/CallbackInfo;)V doesn't use it's CallbackInfo
[20:12:10] [main/DEBUG] (FabricLoader/Mixin) fabric-entity-events-v1.mixins.json:LivingEntityMixin from mod fabric-entity-events-v1->@Inject::onWakeUp(Lorg/spongepowered/asm/mixin/injection/callback/CallbackInfo;)V has 0 override(s) in child classes
[20:12:10] [main/DEBUG] (FabricLoader/Mixin) fabric-entity-events-v1.mixins.json:LivingEntityMixin from mod fabric-entity-events-v1->@Inject::onWakeUp(Lorg/spongepowered/asm/mixin/injection/callback/CallbackInfo;)V won't be passed a CallbackInfo as a result
[20:12:10] [main/DEBUG] (FabricLoader/Mixin) fabric-entity-events-v1.mixins.json:LivingEntityMixin from mod fabric-entity-events-v1->@Inject::onIsSleepingInBed(Lnet/minecraft/util/math/BlockPos;Lorg/spongepowered/asm/mixin/injection/callback/CallbackInfoReturnable;)V does use it's CallbackInfoReturnable
[20:12:10] [main/DEBUG] (FabricLoader/Mixin) fabric-entity-events-v1.mixins.json:elytra.LivingEntityMixin from mod fabric-entity-events-v1->@Inject::injectElytraTick(Lorg/spongepowered/asm/mixin/injection/callback/CallbackInfo;)V does use it's CallbackInfo
[20:12:10] [main/DEBUG] (FabricLoader/Mixin) fabric-entity-events-v1.mixins.json:elytra.LivingEntityMixin from mod fabric-entity-events-v1->@Inject::injectElytraCheck(Lorg/spongepowered/asm/mixin/injection/callback/CallbackInfoReturnable;)V does use it's CallbackInfoReturnable
[20:12:10] [main/DEBUG] (FabricLoader/Mixin) vurstvisual.mixins.json:client.PlayerEntityMixin from mod vurstvisual->@Inject::getArmSwingAnimationEnd(Lorg/spongepowered/asm/mixin/injection/callback/CallbackInfoReturnable;)V does use it's CallbackInfoReturnable
[20:12:10] [main/DEBUG] (FabricLoader/Mixin) vurstvisual.mixins.json:minecraft.entity.LivingEntityMixin from mod vurstvisual->@Inject::onJump(Lorg/spongepowered/asm/mixin/injection/callback/CallbackInfo;)V doesn't use it's CallbackInfo
[20:12:10] [main/DEBUG] (FabricLoader/Mixin) vurstvisual.mixins.json:minecraft.entity.LivingEntityMixin from mod vurstvisual->@Inject::onJump(Lorg/spongepowered/asm/mixin/injection/callback/CallbackInfo;)V has 0 override(s) in child classes
[20:12:10] [main/DEBUG] (FabricLoader/Mixin) vurstvisual.mixins.json:minecraft.entity.LivingEntityMixin from mod vurstvisual->@Inject::onJump(Lorg/spongepowered/asm/mixin/injection/callback/CallbackInfo;)V won't be passed a CallbackInfo as a result
[20:12:10] [main/DEBUG] (FabricLoader/Mixin) vurstvisual.mixins.json:minecraft.entity.LivingEntityMixin from mod vurstvisual->@Inject::vurstvisual$captureHurtTimeBeforeStatus(BLorg/spongepowered/asm/mixin/injection/callback/CallbackInfo;)V doesn't use it's CallbackInfo
[20:12:10] [main/DEBUG] (FabricLoader/Mixin) vurstvisual.mixins.json:minecraft.entity.LivingEntityMixin from mod vurstvisual->@Inject::vurstvisual$captureHurtTimeBeforeStatus(BLorg/spongepowered/asm/mixin/injection/callback/CallbackInfo;)V has 0 override(s) in child classes
[20:12:10] [main/DEBUG] (FabricLoader/Mixin) vurstvisual.mixins.json:minecraft.entity.LivingEntityMixin from mod vurstvisual->@Inject::vurstvisual$captureHurtTimeBeforeStatus(BLorg/spongepowered/asm/mixin/injection/callback/CallbackInfo;)V won't be passed a CallbackInfo as a result
[20:12:10] [main/DEBUG] (FabricLoader/Mixin) vurstvisual.mixins.json:minecraft.entity.LivingEntityMixin from mod vurstvisual->@Inject::vurstvisual$trackDamageFromHurtAnimation(BLorg/spongepowered/asm/mixin/injection/callback/CallbackInfo;)V doesn't use it's CallbackInfo
[20:12:10] [main/DEBUG] (FabricLoader/Mixin) vurstvisual.mixins.json:minecraft.entity.LivingEntityMixin from mod vurstvisual->@Inject::vurstvisual$trackDamageFromHurtAnimation(BLorg/spongepowered/asm/mixin/injection/callback/CallbackInfo;)V has 0 override(s) in child classes
[20:12:10] [main/DEBUG] (FabricLoader/Mixin) vurstvisual.mixins.json:minecraft.entity.LivingEntityMixin from mod vurstvisual->@Inject::vurstvisual$trackDamageFromHurtAnimation(BLorg/spongepowered/asm/mixin/injection/callback/CallbackInfo;)V won't be passed a CallbackInfo as a result
[20:12:10] [main/DEBUG] (FabricLoader/Mixin) Mixing client.ItemEntityMixin from vurstvisual.mixins.json into net.minecraft.entity.ItemEntity
[20:12:10] [main/DEBUG] (FabricLoader/Mixin) vurstvisual.mixins.json:client.ItemEntityMixin from mod vurstvisual->@Inject::vv_onTickHead(Lorg/spongepowered/asm/mixin/injection/callback/CallbackInfo;)V doesn't use it's CallbackInfo
[20:12:10] [main/DEBUG] (FabricLoader/Mixin) vurstvisual.mixins.json:client.ItemEntityMixin from mod vurstvisual->@Inject::vv_onTickHead(Lorg/spongepowered/asm/mixin/injection/callback/CallbackInfo;)V has 0 override(s) in child classes
[20:12:10] [main/DEBUG] (FabricLoader/Mixin) vurstvisual.mixins.json:client.ItemEntityMixin from mod vurstvisual->@Inject::vv_onTickHead(Lorg/spongepowered/asm/mixin/injection/callback/CallbackInfo;)V won't be passed a CallbackInfo as a result
[20:12:10] [main/DEBUG] (FabricLoader/Mixin) vurstvisual.mixins.json:client.ItemEntityMixin from mod vurstvisual->@Inject::vv_onTickTail(Lorg/spongepowered/asm/mixin/injection/callback/CallbackInfo;)V doesn't use it's CallbackInfo
[20:12:10] [main/DEBUG] (FabricLoader/Mixin) vurstvisual.mixins.json:client.ItemEntityMixin from mod vurstvisual->@Inject::vv_onTickTail(Lorg/spongepowered/asm/mixin/injection/callback/CallbackInfo;)V has 0 override(s) in child classes
[20:12:10] [main/DEBUG] (FabricLoader/Mixin) vurstvisual.mixins.json:client.ItemEntityMixin from mod vurstvisual->@Inject::vv_onTickTail(Lorg/spongepowered/asm/mixin/injection/callback/CallbackInfo;)V won't be passed a CallbackInfo as a result
[20:12:10] [main/DEBUG] (FabricLoader/Mixin) Mixing IdListMixin from fabric-registry-sync-v0.mixins.json into net.minecraft.util.collection.IdList
[20:12:10] [main/DEBUG] (FabricLoader/Mixin) Renaming synthetic method lambda$fabric_remapIds$0(Lit/unimi/dsi/fastutil/ints/Int2IntMap;Ljava/lang/Object;Ljava/lang/Integer;)Ljava/lang/Integer; to md24ae71$fabric-registry-sync-v0$lambda$fabric_remapIds$0$0 in fabric-registry-sync-v0.mixins.json:IdListMixin from mod fabric-registry-sync-v0
[20:12:10] [main/DEBUG] (FabricLoader/Mixin) Mixing BlocksMixin from fabric-registry-sync-v0.mixins.json into net.minecraft.block.Blocks
[20:12:10] [main/DEBUG] (FabricLoader/Mixin) Renaming synthetic method lambda$initShapeCache$0(ILnet/minecraft/util/Identifier;Lnet/minecraft/block/Block;)V to md24ae71$fabric-registry-sync-v0$lambda$initShapeCache$0$0 in fabric-registry-sync-v0.mixins.json:BlocksMixin from mod fabric-registry-sync-v0
[20:12:10] [main/DEBUG] (FabricLoader/Mixin) fabric-registry-sync-v0.mixins.json:BlocksMixin from mod fabric-registry-sync-v0->@Inject::initShapeCache(Lorg/spongepowered/asm/mixin/injection/callback/CallbackInfo;)V doesn't use it's CallbackInfo
[20:12:10] [main/DEBUG] (FabricLoader/Mixin) Mixing OxidizableMixin from fabric-content-registries-v0.mixins.json into net.minecraft.block.Oxidizable
[20:12:10] [main/DEBUG] (FabricLoader/Mixin) fabric-content-registries-v0.mixins.json:OxidizableMixin from mod fabric-content-registries-v0->@Inject::createOxidationLevelIncreasesMap(Lorg/spongepowered/asm/mixin/injection/callback/CallbackInfoReturnable;)V does use it's CallbackInfoReturnable
[20:12:10] [main/DEBUG] (FabricLoader/Mixin) Mixing BlockStateMixin from fabric-block-api-v1.mixins.json into net.minecraft.block.BlockState
[20:12:10] [main/DEBUG] (FabricLoader/Mixin) Mixing AbstractBlockStateMixin from fabric-content-registries-v0.mixins.json into net.minecraft.block.AbstractBlock$AbstractBlockState
[20:12:10] [main/DEBUG] (FabricLoader/Mixin) Mixing EntityTypeMixin from fabric-object-builder-v1.mixins.json into net.minecraft.entity.EntityType
[20:12:10] [main/DEBUG] (FabricLoader/Mixin) fabric-object-builder-v1.mixins.json:EntityTypeMixin from mod fabric-object-builder-api-v1->@Inject::onAlwaysUpdateVelocity(Lorg/spongepowered/asm/mixin/injection/callback/CallbackInfoReturnable;)V does use it's CallbackInfoReturnable
[20:12:10] [main/DEBUG] (FabricLoader/Mixin) fabric-object-builder-v1.mixins.json:EntityTypeMixin from mod fabric-object-builder-api-v1->@Inject::onCanPotentiallyExecuteCommands(Lorg/spongepowered/asm/mixin/injection/callback/CallbackInfoReturnable;)V does use it's CallbackInfoReturnable
[20:12:10] [main/DEBUG] (FabricLoader/Mixin) Mixing FluidMixin from fabric-transfer-api-v1.mixins.json into net.minecraft.fluid.Fluid
[20:12:10] [main/DEBUG] (FabricLoader/Mixin) fabric-transfer-api-v1.mixins.json:FluidMixin from mod fabric-transfer-api-v1->@Inject::hookGetBucketFillSound(Lorg/spongepowered/asm/mixin/injection/callback/CallbackInfoReturnable;)V does use it's CallbackInfoReturnable
[20:12:10] [main/DEBUG] (FabricLoader/Mixin) Mixing ComponentMapBuilderMixin from fabric-item-api-v1.mixins.json into net.minecraft.component.ComponentMap$Builder
[20:12:10] [main/DEBUG] (FabricLoader/Mixin) Mixing AttachmentTargetsMixin from fabric-data-attachment-api-v1.mixins.json into net.minecraft.block.entity.BlockEntity
[20:12:10] [main/DEBUG] (FabricLoader/Mixin) Mixing BlockEntityMixin from fabric-data-attachment-api-v1.mixins.json into net.minecraft.block.entity.BlockEntity
[20:12:10] [main/DEBUG] (FabricLoader/Mixin) Renaming synthetic method lambda$fabric_syncChange$0(Lnet/fabricmc/fabric/api/attachment/v1/AttachmentType;Lnet/fabricmc/fabric/impl/attachment/sync/s2c/AttachmentSyncPayloadS2C;Lnet/minecraft/server/network/ServerPlayerEntity;)V to md24ae71$fabric-data-attachment-api-v1$lambda$fabric_syncChange$0$0 in fabric-data-attachment-api-v1.mixins.json:BlockEntityMixin from mod fabric-data-attachment-api-v1
[20:12:10] [main/DEBUG] (FabricLoader/Mixin) Mixing BlockEntityMixin from fabric-rendering-data-attachment-v1.mixins.json into net.minecraft.block.entity.BlockEntity
[20:12:10] [main/DEBUG] (FabricLoader/Mixin) Mixing BlockEntityMixin from fabric-block-view-api-v2.mixins.json into net.minecraft.block.entity.BlockEntity
[20:12:10] [main/DEBUG] (FabricLoader/Mixin) fabric-data-attachment-api-v1.mixins.json:BlockEntityMixin from mod fabric-data-attachment-api-v1->@Inject::readBlockEntityAttachments(Lnet/minecraft/nbt/NbtCompound;Lnet/minecraft/registry/RegistryWrapper$WrapperLookup;Lorg/spongepowered/asm/mixin/injection/callback/CallbackInfo;)V doesn't use it's CallbackInfo
[20:12:10] [main/DEBUG] (FabricLoader/Mixin) fabric-data-attachment-api-v1.mixins.json:BlockEntityMixin from mod fabric-data-attachment-api-v1->@Inject::readBlockEntityAttachments(Lnet/minecraft/nbt/NbtCompound;Lnet/minecraft/registry/RegistryWrapper$WrapperLookup;Lorg/spongepowered/asm/mixin/injection/callback/CallbackInfo;)V has 0 override(s) in child classes
[20:12:10] [main/DEBUG] (FabricLoader/Mixin) fabric-data-attachment-api-v1.mixins.json:BlockEntityMixin from mod fabric-data-attachment-api-v1->@Inject::readBlockEntityAttachments(Lnet/minecraft/nbt/NbtCompound;Lnet/minecraft/registry/RegistryWrapper$WrapperLookup;Lorg/spongepowered/asm/mixin/injection/callback/CallbackInfo;)V won't be passed a CallbackInfo as a result
[20:12:10] [main/DEBUG] (FabricLoader/Mixin) fabric-data-attachment-api-v1.mixins.json:BlockEntityMixin from mod fabric-data-attachment-api-v1->@Inject::writeBlockEntityAttachments(Lnet/minecraft/registry/RegistryWrapper$WrapperLookup;Lorg/spongepowered/asm/mixin/injection/callback/CallbackInfoReturnable;)V does use it's CallbackInfoReturnable
[20:12:11] [main/DEBUG] (FabricLoader/Mixin) Mixing LockableContainerBlockEntityMixin from fabric-transfer-api-v1.mixins.json into net.minecraft.block.entity.LockableContainerBlockEntity
[20:12:11] [main/DEBUG] (FabricLoader/Mixin) Mixing NamedScreenHandlerFactoryMixin from fabric-screen-handler-api-v1.mixins.json into net.minecraft.screen.NamedScreenHandlerFactory
[20:12:11] [main/DEBUG] (FabricLoader/Mixin) Mixing DetectorRailBlockMixin from fabric-object-builder-v1.mixins.json into net.minecraft.block.DetectorRailBlock
[20:12:11] [main/DEBUG] (FabricLoader/Mixin) Renaming synthetic method lambda$getCustomComparatorOutput$0(Lnet/minecraft/entity/Entity;)Z to md24ae71$fabric-object-builder-api-v1$lambda$getCustomComparatorOutput$0$0 in fabric-object-builder-v1.mixins.json:DetectorRailBlockMixin from mod fabric-object-builder-api-v1
[20:12:11] [main/DEBUG] (FabricLoader/Mixin) fabric-object-builder-v1.mixins.json:DetectorRailBlockMixin from mod fabric-object-builder-api-v1->@Inject::getCustomComparatorOutput(Lnet/minecraft/block/BlockState;Lnet/minecraft/world/World;Lnet/minecraft/util/math/BlockPos;Lorg/spongepowered/asm/mixin/injection/callback/CallbackInfoReturnable;)V does use it's CallbackInfoReturnable
[20:12:11] [main/DEBUG] (FabricLoader/Mixin) Mixing MobEntityMixin from fabric-entity-events-v1.mixins.json into net.minecraft.entity.mob.MobEntity
[20:12:11] [main/DEBUG] (FabricLoader/Mixin) Mixing ChiseledBookshelfBlockEntityMixin from fabric-transfer-api-v1.mixins.json into net.minecraft.block.entity.ChiseledBookshelfBlockEntity
[20:12:11] [main/DEBUG] (FabricLoader/Mixin) fabric-transfer-api-v1.mixins.json:ChiseledBookshelfBlockEntityMixin from mod fabric-transfer-api-v1->@Inject::setStackBypass(ILnet/minecraft/item/ItemStack;Lorg/spongepowered/asm/mixin/injection/callback/CallbackInfo;)V does use it's CallbackInfo
[20:12:11] [main/DEBUG] (FabricLoader/Mixin) Mixing BlockEntityTypeAccessor from fabric-api-lookup-api-v1.mixins.json into net.minecraft.block.entity.BlockEntityType
[20:12:11] [main/DEBUG] (FabricLoader/Mixin) Mixing BlockEntityTypeMixin from fabric-object-builder-v1.mixins.json into net.minecraft.block.entity.BlockEntityType
[20:12:11] [main/DEBUG] (FabricLoader/Mixin) fabric-object-builder-v1.mixins.json:BlockEntityTypeMixin from mod fabric-object-builder-api-v1->@Inject::mutableBlocks(Lnet/minecraft/block/entity/BlockEntityType$BlockEntityFactory;Ljava/util/Set;Lorg/spongepowered/asm/mixin/injection/callback/CallbackInfo;)V doesn't use it's CallbackInfo
[20:12:11] [main/DEBUG] (FabricLoader/Mixin) fabric-object-builder-v1.mixins.json:BlockEntityTypeMixin from mod fabric-object-builder-api-v1->@Inject::mutableBlocks(Lnet/minecraft/block/entity/BlockEntityType$BlockEntityFactory;Ljava/util/Set;Lorg/spongepowered/asm/mixin/injection/callback/CallbackInfo;)V has 0 override(s) in child classes
[20:12:11] [main/DEBUG] (FabricLoader/Mixin) fabric-object-builder-v1.mixins.json:BlockEntityTypeMixin from mod fabric-object-builder-api-v1->@Inject::mutableBlocks(Lnet/minecraft/block/entity/BlockEntityType$BlockEntityFactory;Ljava/util/Set;Lorg/spongepowered/asm/mixin/injection/callback/CallbackInfo;)V won't be passed a CallbackInfo as a result
[20:12:11] [main/DEBUG] (FabricLoader/Mixin) Mixing AbstractFurnaceBlockEntityMixin from fabric-item-api-v1.mixins.json into net.minecraft.block.entity.AbstractFurnaceBlockEntity
[20:12:11] [main/DEBUG] (FabricLoader/Mixin) Mixing AbstractFurnaceBlockEntityMixin from fabric-transfer-api-v1.mixins.json into net.minecraft.block.entity.AbstractFurnaceBlockEntity
[20:12:11] [main/DEBUG] (FabricLoader/Mixin) fabric-item-api-v1.mixins.json:AbstractFurnaceBlockEntityMixin from mod fabric-item-api-v1->@Inject::getStackRemainder(Lnet/minecraft/server/world/ServerWorld;Lnet/minecraft/util/math/BlockPos;Lnet/minecraft/block/BlockState;Lnet/minecraft/block/entity/AbstractFurnaceBlockEntity;Lorg/spongepowered/asm/mixin/injection/callback/CallbackInfo;ZZLnet/minecraft/item/ItemStack;Lnet/minecraft/item/ItemStack;ZZLnet/minecraft/recipe/RecipeEntry;Lnet/minecraft/recipe/input/SingleStackRecipeInput;I)V doesn't use it's CallbackInfo
[20:12:11] [main/DEBUG] (FabricLoader/Mixin) fabric-transfer-api-v1.mixins.json:AbstractFurnaceBlockEntityMixin from mod fabric-transfer-api-v1->@Inject::setStackSuppressUpdate(ILnet/minecraft/item/ItemStack;Lorg/spongepowered/asm/mixin/injection/callback/CallbackInfo;)V does use it's CallbackInfo
[20:12:11] [main/DEBUG] (FabricLoader/Mixin) Mixing WoodTypeMixin from fabric-object-builder-v1.client.mixins.json into net.minecraft.block.WoodType
[20:12:11] [main/DEBUG] (FabricLoader/Mixin) fabric-object-builder-v1.client.mixins.json:WoodTypeMixin from mod fabric-object-builder-api-v1->@Inject::onReturnRegister(Lnet/minecraft/block/WoodType;Lorg/spongepowered/asm/mixin/injection/callback/CallbackInfoReturnable;)V doesn't use it's CallbackInfoReturnable
[20:12:11] [main/DEBUG] (FabricLoader/Mixin) Mixing JukeboxBlockEntityMixin from fabric-transfer-api-v1.mixins.json into net.minecraft.block.entity.JukeboxBlockEntity
[20:12:11] [main/DEBUG] (FabricLoader/Mixin) fabric-transfer-api-v1.mixins.json:JukeboxBlockEntityMixin from mod fabric-transfer-api-v1->@Inject::setStackBypass(Lnet/minecraft/item/ItemStack;Lorg/spongepowered/asm/mixin/injection/callback/CallbackInfo;)V does use it's CallbackInfo
[20:12:11] [main/DEBUG] (FabricLoader/Mixin) Mixing BrewingStandBlockEntityMixin from fabric-item-api-v1.mixins.json into net.minecraft.block.entity.BrewingStandBlockEntity
[20:12:11] [main/DEBUG] (FabricLoader/Mixin) fabric-item-api-v1.mixins.json:BrewingStandBlockEntityMixin from mod fabric-item-api-v1->@Inject::captureItemStack(Lnet/minecraft/world/World;Lnet/minecraft/util/math/BlockPos;Lnet/minecraft/util/collection/DefaultedList;Lorg/spongepowered/asm/mixin/injection/callback/CallbackInfo;Lnet/minecraft/item/ItemStack;)V doesn't use it's CallbackInfo
[20:12:11] [main/DEBUG] (FabricLoader/Mixin) Mixing ItemStackMixin from fabric-item-api-v1.mixins.json into net.minecraft.item.ItemStack
[20:12:11] [main/DEBUG] (FabricLoader/Mixin) Renaming synthetic method lambda$hookDamage$0(Lorg/apache/commons/lang3/mutable/MutableBoolean;Ljava/util/function/Consumer;)V to md24ae71$fabric-item-api-v1$lambda$hookDamage$0$0 in fabric-item-api-v1.mixins.json:ItemStackMixin from mod fabric-item-api-v1
[20:12:11] [main/DEBUG] (FabricLoader/Mixin) Mixing ItemStackMixin from fabric-item-api-v1.client.mixins.json into net.minecraft.item.ItemStack
[20:12:11] [main/DEBUG] (FabricLoader/Mixin) Mixing accessors.ItemStackAccessor from vurstvisual.mixins.json into net.minecraft.item.ItemStack
[20:12:11] [main/DEBUG] (FabricLoader/Mixin) fabric-item-api-v1.client.mixins.json:ItemStackMixin from mod fabric-item-api-v1->@Inject::getTooltip(Lnet/minecraft/item/Item$TooltipContext;Lnet/minecraft/entity/player/PlayerEntity;Lnet/minecraft/item/tooltip/TooltipType;Lorg/spongepowered/asm/mixin/injection/callback/CallbackInfoReturnable;)V does use it's CallbackInfoReturnable
[20:12:11] [main/DEBUG] (FabricLoader/Mixin) Mixing AnvilScreenHandlerMixin from fabric-item-api-v1.mixins.json into net.minecraft.screen.AnvilScreenHandler
[20:12:11] [main/DEBUG] (FabricLoader/Mixin) Mixing HopperBlockEntityMixin from fabric-transfer-api-v1.mixins.json into net.minecraft.block.entity.HopperBlockEntity
[20:12:11] [main/DEBUG] (FabricLoader/Mixin) Renaming synthetic method lambda$hookExtract$1(Lnet/fabricmc/fabric/api/transfer/v1/item/ItemVariant;)Z to md24ae71$fabric-transfer-api-v1$lambda$hookExtract$1$0 in fabric-transfer-api-v1.mixins.json:HopperBlockEntityMixin from mod fabric-transfer-api-v1
[20:12:11] [main/DEBUG] (FabricLoader/Mixin) Renaming synthetic method lambda$hookInsert$0(Lnet/fabricmc/fabric/api/transfer/v1/item/ItemVariant;)Z to md24ae71$fabric-transfer-api-v1$lambda$hookInsert$0$1 in fabric-transfer-api-v1.mixins.json:HopperBlockEntityMixin from mod fabric-transfer-api-v1
[20:12:11] [main/DEBUG] (FabricLoader/Mixin) fabric-transfer-api-v1.mixins.json:HopperBlockEntityMixin from mod fabric-transfer-api-v1->@Inject::hookInsert(Lnet/minecraft/world/World;Lnet/minecraft/util/math/BlockPos;Lnet/minecraft/block/entity/HopperBlockEntity;Lorg/spongepowered/asm/mixin/injection/callback/CallbackInfoReturnable;)V does use it's CallbackInfoReturnable
[20:12:11] [main/DEBUG] (FabricLoader/Mixin) fabric-transfer-api-v1.mixins.json:HopperBlockEntityMixin from mod fabric-transfer-api-v1->@Inject::hookExtract(Lnet/minecraft/world/World;Lnet/minecraft/block/entity/Hopper;Lorg/spongepowered/asm/mixin/injection/callback/CallbackInfoReturnable;)V does use it's CallbackInfoReturnable
[20:12:11] [main/DEBUG] (FabricLoader/Mixin) Mixing DropperBlockMixin from fabric-transfer-api-v1.mixins.json into net.minecraft.block.DropperBlock
[20:12:11] [main/DEBUG] (FabricLoader/Mixin) Renaming synthetic method lambda$hookDispense$0(Lnet/fabricmc/fabric/api/transfer/v1/item/ItemVariant;)Z to md24ae71$fabric-transfer-api-v1$lambda$hookDispense$0$0 in fabric-transfer-api-v1.mixins.json:DropperBlockMixin from mod fabric-transfer-api-v1
[20:12:11] [main/DEBUG] (FabricLoader/Mixin) fabric-transfer-api-v1.mixins.json:DropperBlockMixin from mod fabric-transfer-api-v1->@Inject::hookDispense(Lnet/minecraft/server/world/ServerWorld;Lnet/minecraft/block/BlockState;Lnet/minecraft/util/math/BlockPos;Lorg/spongepowered/asm/mixin/injection/callback/CallbackInfo;)V does use it's CallbackInfo
[20:12:11] [main/DEBUG] (FabricLoader/Mixin) Mixing BannerBlockEntityMixin from fabric-data-attachment-api-v1.mixins.json into net.minecraft.block.entity.BannerBlockEntity
[20:12:12] [main/DEBUG] (FabricLoader/Mixin) Mixing CrafterBlockMixin from fabric-transfer-api-v1.mixins.json into net.minecraft.block.CrafterBlock
[20:12:12] [main/DEBUG] (FabricLoader/Mixin) fabric-transfer-api-v1.mixins.json:CrafterBlockMixin from mod fabric-transfer-api-v1->@Inject::transferOrSpawnStack(Lnet/minecraft/server/world/ServerWorld;Lnet/minecraft/util/math/BlockPos;Lnet/minecraft/block/entity/CrafterBlockEntity;Lnet/minecraft/item/ItemStack;Lnet/minecraft/block/BlockState;Lnet/minecraft/recipe/RecipeEntry;Lorg/spongepowered/asm/mixin/injection/callback/CallbackInfo;)V doesn't use it's CallbackInfo
[20:12:12] [main/DEBUG] (FabricLoader/Mixin) fabric-transfer-api-v1.mixins.json:CrafterBlockMixin from mod fabric-transfer-api-v1->@Inject::transferOrSpawnStack(Lnet/minecraft/server/world/ServerWorld;Lnet/minecraft/util/math/BlockPos;Lnet/minecraft/block/entity/CrafterBlockEntity;Lnet/minecraft/item/ItemStack;Lnet/minecraft/block/BlockState;Lnet/minecraft/recipe/RecipeEntry;Lorg/spongepowered/asm/mixin/injection/callback/CallbackInfo;)V has 0 override(s) in child classes
[20:12:12] [main/DEBUG] (FabricLoader/Mixin) fabric-transfer-api-v1.mixins.json:CrafterBlockMixin from mod fabric-transfer-api-v1->@Inject::transferOrSpawnStack(Lnet/minecraft/server/world/ServerWorld;Lnet/minecraft/util/math/BlockPos;Lnet/minecraft/block/entity/CrafterBlockEntity;Lnet/minecraft/item/ItemStack;Lnet/minecraft/block/BlockState;Lnet/minecraft/recipe/RecipeEntry;Lorg/spongepowered/asm/mixin/injection/callback/CallbackInfo;)V won't be passed a CallbackInfo as a result
[20:12:12] [main/DEBUG] (FabricLoader/Mixin) fabric-transfer-api-v1.mixins.json:CrafterBlockMixin from mod fabric-transfer-api-v1->@Inject::transferOrSpawnStack(Lnet/minecraft/server/world/ServerWorld;Lnet/minecraft/util/math/BlockPos;Lnet/minecraft/block/entity/CrafterBlockEntity;Lnet/minecraft/item/ItemStack;Lnet/minecraft/block/BlockState;Lnet/minecraft/recipe/RecipeEntry;Lorg/spongepowered/asm/mixin/injection/callback/CallbackInfo;)V doesn't use it's CallbackInfo
[20:12:12] [main/DEBUG] (FabricLoader/Mixin) fabric-transfer-api-v1.mixins.json:CrafterBlockMixin from mod fabric-transfer-api-v1->@Inject::transferOrSpawnStack(Lnet/minecraft/server/world/ServerWorld;Lnet/minecraft/util/math/BlockPos;Lnet/minecraft/block/entity/CrafterBlockEntity;Lnet/minecraft/item/ItemStack;Lnet/minecraft/block/BlockState;Lnet/minecraft/recipe/RecipeEntry;Lorg/spongepowered/asm/mixin/injection/callback/CallbackInfo;)V has 0 override(s) in child classes
[20:12:12] [main/DEBUG] (FabricLoader/Mixin) fabric-transfer-api-v1.mixins.json:CrafterBlockMixin from mod fabric-transfer-api-v1->@Inject::transferOrSpawnStack(Lnet/minecraft/server/world/ServerWorld;Lnet/minecraft/util/math/BlockPos;Lnet/minecraft/block/entity/CrafterBlockEntity;Lnet/minecraft/item/ItemStack;Lnet/minecraft/block/BlockState;Lnet/minecraft/recipe/RecipeEntry;Lorg/spongepowered/asm/mixin/injection/callback/CallbackInfo;)V won't be passed a CallbackInfo as a result
[20:12:12] [main/DEBUG] (FabricLoader/Mixin) fabric-transfer-api-v1.mixins.json:CrafterBlockMixin from mod fabric-transfer-api-v1->@Inject::transferOrSpawnStack(Lnet/minecraft/server/world/ServerWorld;Lnet/minecraft/util/math/BlockPos;Lnet/minecraft/block/entity/CrafterBlockEntity;Lnet/minecraft/item/ItemStack;Lnet/minecraft/block/BlockState;Lnet/minecraft/recipe/RecipeEntry;Lorg/spongepowered/asm/mixin/injection/callback/CallbackInfo;)V doesn't use it's CallbackInfo
[20:12:12] [main/DEBUG] (FabricLoader/Mixin) fabric-transfer-api-v1.mixins.json:CrafterBlockMixin from mod fabric-transfer-api-v1->@Inject::transferOrSpawnStack(Lnet/minecraft/server/world/ServerWorld;Lnet/minecraft/util/math/BlockPos;Lnet/minecraft/block/entity/CrafterBlockEntity;Lnet/minecraft/item/ItemStack;Lnet/minecraft/block/BlockState;Lnet/minecraft/recipe/RecipeEntry;Lorg/spongepowered/asm/mixin/injection/callback/CallbackInfo;)V has 0 override(s) in child classes
[20:12:12] [main/DEBUG] (FabricLoader/Mixin) fabric-transfer-api-v1.mixins.json:CrafterBlockMixin from mod fabric-transfer-api-v1->@Inject::transferOrSpawnStack(Lnet/minecraft/server/world/ServerWorld;Lnet/minecraft/util/math/BlockPos;Lnet/minecraft/block/entity/CrafterBlockEntity;Lnet/minecraft/item/ItemStack;Lnet/minecraft/block/BlockState;Lnet/minecraft/recipe/RecipeEntry;Lorg/spongepowered/asm/mixin/injection/callback/CallbackInfo;)V won't be passed a CallbackInfo as a result
[20:12:12] [main/DEBUG] (FabricLoader/Mixin) fabric-transfer-api-v1.mixins.json:CrafterBlockMixin from mod fabric-transfer-api-v1->@Inject::transferOrSpawnStack(Lnet/minecraft/server/world/ServerWorld;Lnet/minecraft/util/math/BlockPos;Lnet/minecraft/block/entity/CrafterBlockEntity;Lnet/minecraft/item/ItemStack;Lnet/minecraft/block/BlockState;Lnet/minecraft/recipe/RecipeEntry;Lorg/spongepowered/asm/mixin/injection/callback/CallbackInfo;)V doesn't use it's CallbackInfo
[20:12:12] [main/DEBUG] (FabricLoader/Mixin) fabric-transfer-api-v1.mixins.json:CrafterBlockMixin from mod fabric-transfer-api-v1->@Inject::transferOrSpawnStack(Lnet/minecraft/server/world/ServerWorld;Lnet/minecraft/util/math/BlockPos;Lnet/minecraft/block/entity/CrafterBlockEntity;Lnet/minecraft/item/ItemStack;Lnet/minecraft/block/BlockState;Lnet/minecraft/recipe/RecipeEntry;Lorg/spongepowered/asm/mixin/injection/callback/CallbackInfo;)V has 0 override(s) in child classes
[20:12:12] [main/DEBUG] (FabricLoader/Mixin) fabric-transfer-api-v1.mixins.json:CrafterBlockMixin from mod fabric-transfer-api-v1->@Inject::transferOrSpawnStack(Lnet/minecraft/server/world/ServerWorld;Lnet/minecraft/util/math/BlockPos;Lnet/minecraft/block/entity/CrafterBlockEntity;Lnet/minecraft/item/ItemStack;Lnet/minecraft/block/BlockState;Lnet/minecraft/recipe/RecipeEntry;Lorg/spongepowered/asm/mixin/injection/callback/CallbackInfo;)V won't be passed a CallbackInfo as a result
[20:12:12] [main/DEBUG] (FabricLoader/Mixin) Mixing ItemAccessor from fabric-item-api-v1.mixins.json into net.minecraft.item.Item
[20:12:12] [main/DEBUG] (FabricLoader/Mixin) Mixing ItemMixin from fabric-item-api-v1.mixins.json into net.minecraft.item.Item
[20:12:12] [main/DEBUG] (FabricLoader/Mixin) Mixing ItemMixin from fabric-transfer-api-v1.mixins.json into net.minecraft.item.Item
[20:12:12] [main/DEBUG] (FabricLoader/Mixin) fabric-item-api-v1.mixins.json:ItemMixin from mod fabric-item-api-v1->@Inject::onConstruct(Lnet/minecraft/item/Item$Settings;Lorg/spongepowered/asm/mixin/injection/callback/CallbackInfo;)V doesn't use it's CallbackInfo
[20:12:12] [main/DEBUG] (FabricLoader/Mixin) fabric-item-api-v1.mixins.json:ItemMixin from mod fabric-item-api-v1->@Inject::onConstruct(Lnet/minecraft/item/Item$Settings;Lorg/spongepowered/asm/mixin/injection/callback/CallbackInfo;)V has 0 override(s) in child classes
[20:12:12] [main/DEBUG] (FabricLoader/Mixin) fabric-item-api-v1.mixins.json:ItemMixin from mod fabric-item-api-v1->@Inject::onConstruct(Lnet/minecraft/item/Item$Settings;Lorg/spongepowered/asm/mixin/injection/callback/CallbackInfo;)V won't be passed a CallbackInfo as a result
[20:12:12] [main/DEBUG] (FabricLoader/Mixin) Mixing BucketItemAccessor from fabric-transfer-api-v1.mixins.json into net.minecraft.item.BucketItem
[20:12:12] [main/DEBUG] (FabricLoader/Mixin) Mixing BucketItemMixin from fabric-transfer-api-v1.mixins.json into net.minecraft.item.BucketItem
[20:12:12] [main/DEBUG] (FabricLoader/Mixin) Mixing HoeItemAccessor from fabric-content-registries-v0.mixins.json into net.minecraft.item.HoeItem
[20:12:12] [main/DEBUG] (FabricLoader/Mixin) Renaming @Accessor method getTillingActions()Ljava/util/Map; to getTillingActions$fabric-content-registries-v0_$md$24ae71$0 in fabric-content-registries-v0.mixins.json:HoeItemAccessor from mod fabric-content-registries-v0
[20:12:12] [main/DEBUG] (FabricLoader/Mixin) Mixing ShovelItemAccessor from fabric-content-registries-v0.mixins.json into net.minecraft.item.ShovelItem
[20:12:12] [main/DEBUG] (FabricLoader/Mixin) Renaming @Accessor method getPathStates()Ljava/util/Map; to getPathStates$fabric-content-registries-v0_$md$24ae71$0 in fabric-content-registries-v0.mixins.json:ShovelItemAccessor from mod fabric-content-registries-v0
[20:12:12] [main/DEBUG] (FabricLoader/Mixin) Mixing AxeItemAccessor from fabric-content-registries-v0.mixins.json into net.minecraft.item.AxeItem
[20:12:12] [main/DEBUG] (FabricLoader/Mixin) Renaming @Accessor method getStrippedBlocks()Ljava/util/Map; to getStrippedBlocks$fabric-content-registries-v0_$md$24ae71$0 in fabric-content-registries-v0.mixins.json:AxeItemAccessor from mod fabric-content-registries-v0
[20:12:12] [main/DEBUG] (FabricLoader/Mixin) Renaming @Accessor method setStrippedBlocks(Ljava/util/Map;)V to setStrippedBlocks$fabric-content-registries-v0_$md$24ae71$1 in fabric-content-registries-v0.mixins.json:AxeItemAccessor from mod fabric-content-registries-v0
[20:12:12] [main/DEBUG] (FabricLoader/Mixin) Mixing ItemSettingsMixin from fabric-item-api-v1.mixins.json into net.minecraft.item.Item$Settings
[20:12:12] [main/DEBUG] (FabricLoader/Mixin) Mixing TagKeyMixin from fabric-convention-tags-api-v2.mixins.json into net.minecraft.registry.tag.TagKey
[20:12:13] [main/DEBUG] (FabricLoader/Mixin) Mixing BundleContentsComponentAccessor from fabric-transfer-api-v1.mixins.json into net.minecraft.component.type.BundleContentsComponent
[20:12:13] [main/DEBUG] (FabricLoader/Mixin) Renaming @Invoker method getOccupancy(Lnet/minecraft/item/ItemStack;)Lorg/apache/commons/lang3/math/Fraction; to getOccupancy$fabric-transfer-api-v1_$md$24ae71$0 in fabric-transfer-api-v1.mixins.json:BundleContentsComponentAccessor from mod fabric-transfer-api-v1
[20:12:13] [main/DEBUG] (FabricLoader/Mixin) Mixing AttachmentTargetsMixin from fabric-data-attachment-api-v1.mixins.json into net.minecraft.world.chunk.Chunk
[20:12:13] [main/DEBUG] (FabricLoader/Mixin) Mixing ChunkMixin from fabric-data-attachment-api-v1.mixins.json into net.minecraft.world.chunk.Chunk
[20:12:13] [main/DEBUG] (FabricLoader/Mixin) Mixing WorldChunkMixin from fabric-data-attachment-api-v1.mixins.json into net.minecraft.world.chunk.WorldChunk
[20:12:13] [main/DEBUG] (FabricLoader/Mixin) Renaming synthetic method lambda$fabric_syncChange$0(Lnet/fabricmc/fabric/api/attachment/v1/AttachmentType;Lnet/fabricmc/fabric/impl/attachment/sync/s2c/AttachmentSyncPayloadS2C;Lnet/minecraft/server/network/ServerPlayerEntity;)V to md24ae71$fabric-data-attachment-api-v1$lambda$fabric_syncChange$0$0 in fabric-data-attachment-api-v1.mixins.json:WorldChunkMixin from mod fabric-data-attachment-api-v1
[20:12:13] [main/DEBUG] (FabricLoader/Mixin) Mixing WorldChunkMixin from fabric-lifecycle-events-v1.client.mixins.json into net.minecraft.world.chunk.WorldChunk
[20:12:13] [main/DEBUG] (FabricLoader/Mixin) fabric-data-attachment-api-v1.mixins.json:WorldChunkMixin from mod fabric-data-attachment-api-v1->@Inject::transferProtoChunkAttachement(Lnet/minecraft/server/world/ServerWorld;Lnet/minecraft/world/chunk/ProtoChunk;Lnet/minecraft/world/chunk/WorldChunk$EntityLoader;Lorg/spongepowered/asm/mixin/injection/callback/CallbackInfo;)V doesn't use it's CallbackInfo
[20:12:13] [main/DEBUG] (FabricLoader/Mixin) fabric-data-attachment-api-v1.mixins.json:WorldChunkMixin from mod fabric-data-attachment-api-v1->@Inject::transferProtoChunkAttachement(Lnet/minecraft/server/world/ServerWorld;Lnet/minecraft/world/chunk/ProtoChunk;Lnet/minecraft/world/chunk/WorldChunk$EntityLoader;Lorg/spongepowered/asm/mixin/injection/callback/CallbackInfo;)V has 0 override(s) in child classes
[20:12:13] [main/DEBUG] (FabricLoader/Mixin) fabric-data-attachment-api-v1.mixins.json:WorldChunkMixin from mod fabric-data-attachment-api-v1->@Inject::transferProtoChunkAttachement(Lnet/minecraft/server/world/ServerWorld;Lnet/minecraft/world/chunk/ProtoChunk;Lnet/minecraft/world/chunk/WorldChunk$EntityLoader;Lorg/spongepowered/asm/mixin/injection/callback/CallbackInfo;)V won't be passed a CallbackInfo as a result
[20:12:13] [main/DEBUG] (FabricLoader/Mixin) fabric-lifecycle-events-v1.client.mixins.json:WorldChunkMixin from mod fabric-lifecycle-events-v1->@Inject::onLoadBlockEntity(Lnet/minecraft/block/entity/BlockEntity;Lorg/spongepowered/asm/mixin/injection/callback/CallbackInfo;)V doesn't use it's CallbackInfo
[20:12:13] [main/DEBUG] (FabricLoader/Mixin) fabric-lifecycle-events-v1.client.mixins.json:WorldChunkMixin from mod fabric-lifecycle-events-v1->@Inject::onLoadBlockEntity(Lnet/minecraft/block/entity/BlockEntity;Lorg/spongepowered/asm/mixin/injection/callback/CallbackInfo;)V has 0 override(s) in child classes
[20:12:13] [main/DEBUG] (FabricLoader/Mixin) fabric-lifecycle-events-v1.client.mixins.json:WorldChunkMixin from mod fabric-lifecycle-events-v1->@Inject::onLoadBlockEntity(Lnet/minecraft/block/entity/BlockEntity;Lorg/spongepowered/asm/mixin/injection/callback/CallbackInfo;)V won't be passed a CallbackInfo as a result
[20:12:13] [main/DEBUG] (FabricLoader/Mixin) fabric-lifecycle-events-v1.client.mixins.json:WorldChunkMixin from mod fabric-lifecycle-events-v1->@Inject::onRemoveBlockEntity(Lnet/minecraft/block/entity/BlockEntity;Lorg/spongepowered/asm/mixin/injection/callback/CallbackInfo;)V doesn't use it's CallbackInfo
[20:12:13] [main/DEBUG] (FabricLoader/Mixin) fabric-lifecycle-events-v1.client.mixins.json:WorldChunkMixin from mod fabric-lifecycle-events-v1->@Inject::onRemoveBlockEntity(Lnet/minecraft/block/entity/BlockEntity;Lorg/spongepowered/asm/mixin/injection/callback/CallbackInfo;)V has 0 override(s) in child classes
[20:12:13] [main/DEBUG] (FabricLoader/Mixin) fabric-lifecycle-events-v1.client.mixins.json:WorldChunkMixin from mod fabric-lifecycle-events-v1->@Inject::onRemoveBlockEntity(Lnet/minecraft/block/entity/BlockEntity;Lorg/spongepowered/asm/mixin/injection/callback/CallbackInfo;)V won't be passed a CallbackInfo as a result
[20:12:13] [main/DEBUG] (FabricLoader/Mixin) fabric-lifecycle-events-v1.client.mixins.json:WorldChunkMixin from mod fabric-lifecycle-events-v1->@Inject::onRemoveBlockEntity(Lnet/minecraft/util/math/BlockPos;Lorg/spongepowered/asm/mixin/injection/callback/CallbackInfo;Lnet/minecraft/block/entity/BlockEntity;)V doesn't use it's CallbackInfo
[20:12:13] [main/DEBUG] (FabricLoader/Mixin) fabric-lifecycle-events-v1.client.mixins.json:WorldChunkMixin from mod fabric-lifecycle-events-v1->@Inject::onRemoveBlockEntity(Lnet/minecraft/util/math/BlockPos;Lorg/spongepowered/asm/mixin/injection/callback/CallbackInfo;Lnet/minecraft/block/entity/BlockEntity;)V has 0 override(s) in child classes
[20:12:13] [main/DEBUG] (FabricLoader/Mixin) fabric-lifecycle-events-v1.client.mixins.json:WorldChunkMixin from mod fabric-lifecycle-events-v1->@Inject::onRemoveBlockEntity(Lnet/minecraft/util/math/BlockPos;Lorg/spongepowered/asm/mixin/injection/callback/CallbackInfo;Lnet/minecraft/block/entity/BlockEntity;)V won't be passed a CallbackInfo as a result
[20:12:13] [main/DEBUG] (FabricLoader/Mixin) Mixing ContainerComponentAccessor from fabric-transfer-api-v1.mixins.json into net.minecraft.component.type.ContainerComponent
[20:12:13] [main/DEBUG] (FabricLoader/Mixin) Mixing EntityTypeBuilderMixin from fabric-object-builder-v1.mixins.json into net.minecraft.entity.EntityType$Builder
[20:12:13] [main/DEBUG] (FabricLoader/Mixin) fabric-object-builder-v1.mixins.json:EntityTypeBuilderMixin from mod fabric-object-builder-api-v1->@Inject::applyChildBuilders(Lnet/minecraft/registry/RegistryKey;Lorg/spongepowered/asm/mixin/injection/callback/CallbackInfoReturnable;)V does use it's CallbackInfoReturnable
[20:12:13] [main/DEBUG] (FabricLoader/Mixin) Mixing VillagerEntityAccessor from fabric-content-registries-v0.mixins.json into net.minecraft.entity.passive.VillagerEntity
[20:12:13] [main/DEBUG] (FabricLoader/Mixin) Renaming @Accessor method fabric_setItemFoodValues(Ljava/util/Map;)V to fabric_setItemFoodValues$fabric-content-registries-v0_$md$24ae71$0 in fabric-content-registries-v0.mixins.json:VillagerEntityAccessor from mod fabric-content-registries-v0
[20:12:13] [main/DEBUG] (FabricLoader/Mixin) Mixing VillagerEntityMixin from fabric-content-registries-v0.mixins.json into net.minecraft.entity.passive.VillagerEntity
[20:12:13] [main/DEBUG] (FabricLoader/Mixin) Mixing ServerPlayerEntityMixin from fabric-events-interaction-v0.mixins.json into net.minecraft.server.network.ServerPlayerEntity
[20:12:13] [main/DEBUG] (FabricLoader/Mixin) Mixing ServerPlayerEntityMixin from fabric-screen-handler-api-v1.mixins.json into net.minecraft.server.network.ServerPlayerEntity
[20:12:13] [main/DEBUG] (FabricLoader/Mixin) Mixing ServerPlayerEntityMixin from fabric-entity-events-v1.mixins.json into net.minecraft.server.network.ServerPlayerEntity
[20:12:13] [main/DEBUG] (FabricLoader/Mixin) fabric-events-interaction-v0.mixins.json:ServerPlayerEntityMixin from mod fabric-events-interaction-v0->@Inject::onPlayerInteractEntity(Lnet/minecraft/entity/Entity;Lorg/spongepowered/asm/mixin/injection/callback/CallbackInfo;)V does use it's CallbackInfo
[20:12:13] [main/DEBUG] (FabricLoader/Mixin) fabric-screen-handler-api-v1.mixins.json:ServerPlayerEntityMixin from mod fabric-screen-handler-api-v1->@Inject::fabric_storeOpenedScreenHandler(Lnet/minecraft/screen/NamedScreenHandlerFactory;Lorg/spongepowered/asm/mixin/injection/callback/CallbackInfoReturnable;Lnet/minecraft/screen/ScreenHandler;)V doesn't use it's CallbackInfoReturnable
[20:12:13] [main/DEBUG] (FabricLoader/Mixin) fabric-screen-handler-api-v1.mixins.json:ServerPlayerEntityMixin from mod fabric-screen-handler-api-v1->@Inject::fabric_storeOpenedScreenHandler(Lnet/minecraft/screen/NamedScreenHandlerFactory;Lorg/spongepowered/asm/mixin/injection/callback/CallbackInfoReturnable;Lnet/minecraft/screen/ScreenHandler;)V has 0 override(s) in child classes
[20:12:13] [main/DEBUG] (FabricLoader/Mixin) fabric-screen-handler-api-v1.mixins.json:ServerPlayerEntityMixin from mod fabric-screen-handler-api-v1->@Inject::fabric_storeOpenedScreenHandler(Lnet/minecraft/screen/NamedScreenHandlerFactory;Lorg/spongepowered/asm/mixin/injection/callback/CallbackInfoReturnable;Lnet/minecraft/screen/ScreenHandler;)V won't be passed a CallbackInfoReturnable as a result
[20:12:13] [main/DEBUG] (FabricLoader/Mixin) fabric-entity-events-v1.mixins.json:ServerPlayerEntityMixin from mod fabric-entity-events-v1->@Inject::callOnKillForPlayer(Lnet/minecraft/entity/damage/DamageSource;Lorg/spongepowered/asm/mixin/injection/callback/CallbackInfo;)V doesn't use it's CallbackInfo
[20:12:13] [main/DEBUG] (FabricLoader/Mixin) fabric-entity-events-v1.mixins.json:ServerPlayerEntityMixin from mod fabric-entity-events-v1->@Inject::callOnKillForPlayer(Lnet/minecraft/entity/damage/DamageSource;Lorg/spongepowered/asm/mixin/injection/callback/CallbackInfo;)V has 0 override(s) in child classes
[20:12:13] [main/DEBUG] (FabricLoader/Mixin) fabric-entity-events-v1.mixins.json:ServerPlayerEntityMixin from mod fabric-entity-events-v1->@Inject::callOnKillForPlayer(Lnet/minecraft/entity/damage/DamageSource;Lorg/spongepowered/asm/mixin/injection/callback/CallbackInfo;)V won't be passed a CallbackInfo as a result
[20:12:13] [main/DEBUG] (FabricLoader/Mixin) fabric-entity-events-v1.mixins.json:ServerPlayerEntityMixin from mod fabric-entity-events-v1->@Inject::notifyDeath(Lnet/minecraft/entity/damage/DamageSource;Lorg/spongepowered/asm/mixin/injection/callback/CallbackInfo;)V doesn't use it's CallbackInfo
[20:12:13] [main/DEBUG] (FabricLoader/Mixin) fabric-entity-events-v1.mixins.json:ServerPlayerEntityMixin from mod fabric-entity-events-v1->@Inject::notifyDeath(Lnet/minecraft/entity/damage/DamageSource;Lorg/spongepowered/asm/mixin/injection/callback/CallbackInfo;)V has 0 override(s) in child classes
[20:12:13] [main/DEBUG] (FabricLoader/Mixin) fabric-entity-events-v1.mixins.json:ServerPlayerEntityMixin from mod fabric-entity-events-v1->@Inject::notifyDeath(Lnet/minecraft/entity/damage/DamageSource;Lorg/spongepowered/asm/mixin/injection/callback/CallbackInfo;)V won't be passed a CallbackInfo as a result
[20:12:13] [main/DEBUG] (FabricLoader/Mixin) fabric-entity-events-v1.mixins.json:ServerPlayerEntityMixin from mod fabric-entity-events-v1->@Inject::afterWorldChanged(Lnet/minecraft/server/world/ServerWorld;Lorg/spongepowered/asm/mixin/injection/callback/CallbackInfo;)V doesn't use it's CallbackInfo
[20:12:13] [main/DEBUG] (FabricLoader/Mixin) fabric-entity-events-v1.mixins.json:ServerPlayerEntityMixin from mod fabric-entity-events-v1->@Inject::afterWorldChanged(Lnet/minecraft/server/world/ServerWorld;Lorg/spongepowered/asm/mixin/injection/callback/CallbackInfo;)V has 0 override(s) in child classes
[20:12:13] [main/DEBUG] (FabricLoader/Mixin) fabric-entity-events-v1.mixins.json:ServerPlayerEntityMixin from mod fabric-entity-events-v1->@Inject::afterWorldChanged(Lnet/minecraft/server/world/ServerWorld;Lorg/spongepowered/asm/mixin/injection/callback/CallbackInfo;)V won't be passed a CallbackInfo as a result
[20:12:13] [main/DEBUG] (FabricLoader/Mixin) fabric-entity-events-v1.mixins.json:ServerPlayerEntityMixin from mod fabric-entity-events-v1->@Inject::onCopyFrom(Lnet/minecraft/server/network/ServerPlayerEntity;ZLorg/spongepowered/asm/mixin/injection/callback/CallbackInfo;)V doesn't use it's CallbackInfo
[20:12:13] [main/DEBUG] (FabricLoader/Mixin) fabric-entity-events-v1.mixins.json:ServerPlayerEntityMixin from mod fabric-entity-events-v1->@Inject::onCopyFrom(Lnet/minecraft/server/network/ServerPlayerEntity;ZLorg/spongepowered/asm/mixin/injection/callback/CallbackInfo;)V has 0 override(s) in child classes
[20:12:13] [main/DEBUG] (FabricLoader/Mixin) fabric-entity-events-v1.mixins.json:ServerPlayerEntityMixin from mod fabric-entity-events-v1->@Inject::onCopyFrom(Lnet/minecraft/server/network/ServerPlayerEntity;ZLorg/spongepowered/asm/mixin/injection/callback/CallbackInfo;)V won't be passed a CallbackInfo as a result
[20:12:13] [main/DEBUG] (FabricLoader/Mixin) fabric-entity-events-v1.mixins.json:ServerPlayerEntityMixin from mod fabric-entity-events-v1->@Inject::onTrySleepDirectionCheck(Lnet/minecraft/util/math/BlockPos;Lorg/spongepowered/asm/mixin/injection/callback/CallbackInfoReturnable;Lnet/minecraft/util/math/Direction;)V does use it's CallbackInfoReturnable
[20:12:13] [main/DEBUG] (FabricLoader/Mixin) Mixing HoneycombItemMixin from fabric-content-registries-v0.mixins.json into net.minecraft.item.HoneycombItem
[20:12:13] [main/DEBUG] (FabricLoader/Mixin) fabric-content-registries-v0.mixins.json:HoneycombItemMixin from mod fabric-content-registries-v0->@Inject::createUnwaxedToWaxedMap(Lorg/spongepowered/asm/mixin/injection/callback/CallbackInfoReturnable;)V does use it's CallbackInfoReturnable
[20:12:13] [main/DEBUG] (FabricLoader/Mixin) Mixing EntitySelectorOptionsAccessor from fabric-command-api-v2.mixins.json into net.minecraft.command.EntitySelectorOptions
[20:12:13] [main/DEBUG] (FabricLoader/Mixin) Renaming @Invoker method callPutOption(Ljava/lang/String;Lnet/minecraft/command/EntitySelectorOptions$SelectorHandler;Ljava/util/function/Predicate;Lnet/minecraft/text/Text;)V to callPutOption$fabric-command-api-v2_$md$24ae71$0 in fabric-command-api-v2.mixins.json:EntitySelectorOptionsAccessor from mod fabric-command-api-v2
[20:12:13] [main/DEBUG] (FabricLoader/Mixin) Mixing client.ScoreboarMixin from vurstvisual.mixins.json into net.minecraft.scoreboard.Scoreboard
[20:12:13] [main/DEBUG] (FabricLoader/Mixin) vurstvisual.mixins.json:client.ScoreboarMixin from mod vurstvisual->@Inject::remove(Ljava/lang/String;Lnet/minecraft/scoreboard/Team;Lorg/spongepowered/asm/mixin/injection/callback/CallbackInfo;)V does use it's CallbackInfo
[20:12:13] [main/DEBUG] (FabricLoader/Mixin) Mixing EntitySelectorReaderMixin from fabric-command-api-v2.mixins.json into net.minecraft.command.EntitySelectorReader
[20:12:13] [main/DEBUG] (FabricLoader/Mixin) Generating mapped inner class net/minecraft/block/entity/ChiseledBookshelfBlockEntity$Anonymous$ff629329146749e396954fe80ccb52d5 (originally net/fabricmc/fabric/mixin/transfer/ChiseledBookshelfBlockEntityMixin$1)
[20:12:13] [main/DEBUG] (FabricLoader/Mixin) Mixing SimpleInventoryMixin from fabric-transfer-api-v1.mixins.json into net.minecraft.inventory.SimpleInventory
[20:12:13] [main/DEBUG] (FabricLoader/Mixin) Mixing CraftingRecipeMixin from fabric-item-api-v1.mixins.json into net.minecraft.recipe.CraftingRecipe
[20:12:13] [main/DEBUG] (FabricLoader/Mixin) Mixing ingredient.IngredientMixin from fabric-recipe-api-v1.mixins.json into net.minecraft.recipe.Ingredient
[20:12:13] [main/DEBUG] (FabricLoader/Mixin) Renaming synthetic method lambda$injectCodec$2(Lnet/minecraft/recipe/Ingredient;)Lcom/mojang/datafixers/util/Either; to md24ae71$fabric-recipe-api-v1$lambda$injectCodec$2$0 in fabric-recipe-api-v1.mixins.json:ingredient.IngredientMixin from mod fabric-recipe-api-v1
[20:12:13] [main/DEBUG] (FabricLoader/Mixin) Renaming synthetic method lambda$injectCodec$1(Lcom/mojang/datafixers/util/Either;)Lnet/minecraft/recipe/Ingredient; to md24ae71$fabric-recipe-api-v1$lambda$injectCodec$1$1 in fabric-recipe-api-v1.mixins.json:ingredient.IngredientMixin from mod fabric-recipe-api-v1
[20:12:13] [main/DEBUG] (FabricLoader/Mixin) Renaming synthetic method lambda$injectCodec$0(Lnet/minecraft/recipe/Ingredient;)Lnet/minecraft/recipe/Ingredient; to md24ae71$fabric-recipe-api-v1$lambda$injectCodec$0$2 in fabric-recipe-api-v1.mixins.json:ingredient.IngredientMixin from mod fabric-recipe-api-v1
[20:12:13] [main/DEBUG] (FabricLoader/Mixin) fabric-recipe-api-v1.mixins.json:ingredient.IngredientMixin from mod fabric-recipe-api-v1->@Inject::injectCodec(Lorg/spongepowered/asm/mixin/injection/callback/CallbackInfo;)V doesn't use it's CallbackInfo
[20:12:13] [main/DEBUG] (FabricLoader/Mixin) fabric-recipe-api-v1.mixins.json:ingredient.IngredientMixin from mod fabric-recipe-api-v1->@Inject::onGetEntries(Lnet/minecraft/recipe/Ingredient;Lorg/spongepowered/asm/mixin/injection/callback/CallbackInfoReturnable;)V does use it's CallbackInfoReturnable
[20:12:13] [main/DEBUG] (FabricLoader/Mixin) fabric-recipe-api-v1.mixins.json:ingredient.IngredientMixin from mod fabric-recipe-api-v1->@Inject::onGetEntries(Lnet/minecraft/recipe/Ingredient;Lorg/spongepowered/asm/mixin/injection/callback/CallbackInfoReturnable;)V does use it's CallbackInfoReturnable
[20:12:13] [main/DEBUG] (FabricLoader/Mixin) fabric-recipe-api-v1.mixins.json:ingredient.IngredientMixin from mod fabric-recipe-api-v1->@Inject::onGetEntries(Lnet/minecraft/recipe/Ingredient;Lorg/spongepowered/asm/mixin/injection/callback/CallbackInfoReturnable;)V does use it's CallbackInfoReturnable
[20:12:13] [main/DEBUG] (FabricLoader/Mixin) fabric-recipe-api-v1.mixins.json:ingredient.IngredientMixin from mod fabric-recipe-api-v1->@Inject::onHeadEquals(Ljava/lang/Object;Lorg/spongepowered/asm/mixin/injection/callback/CallbackInfoReturnable;)V does use it's CallbackInfoReturnable
[20:12:13] [main/DEBUG] (FabricLoader/Mixin) Mixing ingredient.ShapelessRecipeMixin from fabric-recipe-api-v1.mixins.json into net.minecraft.recipe.ShapelessRecipe
[20:12:13] [main/DEBUG] (FabricLoader/Mixin) fabric-recipe-api-v1.mixins.json:ingredient.ShapelessRecipeMixin from mod fabric-recipe-api-v1->@Inject::cacheRequiresTesting(Ljava/lang/String;Lnet/minecraft/recipe/book/CraftingRecipeCategory;Lnet/minecraft/item/ItemStack;Ljava/util/List;Lorg/spongepowered/asm/mixin/injection/callback/CallbackInfo;)V doesn't use it's CallbackInfo
[20:12:13] [main/DEBUG] (FabricLoader/Mixin) fabric-recipe-api-v1.mixins.json:ingredient.ShapelessRecipeMixin from mod fabric-recipe-api-v1->@Inject::cacheRequiresTesting(Ljava/lang/String;Lnet/minecraft/recipe/book/CraftingRecipeCategory;Lnet/minecraft/item/ItemStack;Ljava/util/List;Lorg/spongepowered/asm/mixin/injection/callback/CallbackInfo;)V has 0 override(s) in child classes
[20:12:13] [main/DEBUG] (FabricLoader/Mixin) fabric-recipe-api-v1.mixins.json:ingredient.ShapelessRecipeMixin from mod fabric-recipe-api-v1->@Inject::cacheRequiresTesting(Ljava/lang/String;Lnet/minecraft/recipe/book/CraftingRecipeCategory;Lnet/minecraft/item/ItemStack;Ljava/util/List;Lorg/spongepowered/asm/mixin/injection/callback/CallbackInfo;)V won't be passed a CallbackInfo as a result
[20:12:13] [main/DEBUG] (FabricLoader/Mixin) fabric-recipe-api-v1.mixins.json:ingredient.ShapelessRecipeMixin from mod fabric-recipe-api-v1->@Inject::customIngredientMatch(Lnet/minecraft/recipe/input/CraftingRecipeInput;Lnet/minecraft/world/World;Lorg/spongepowered/asm/mixin/injection/callback/CallbackInfoReturnable;)V does use it's CallbackInfoReturnable
[20:12:14] [main/DEBUG] (FabricLoader/Mixin) Mixing ResourceFinderAccessor from fabric-loot-api-v3.mixins.json into net.minecraft.resource.ResourceFinder
[20:12:14] [main/DEBUG] (FabricLoader/Mixin) Mixing ResourceFinderAccessor from fabric-resource-conditions-api-v1.mixins.json into net.minecraft.resource.ResourceFinder
[20:12:14] [main/DEBUG] (FabricLoader/Mixin) Unexpected: Registered method getDirectoryName()Ljava/lang/String; in net.minecraft.resource.ResourceFinder was not merged
[20:12:14] [main/DEBUG] (FabricLoader/Mixin) Mixing EnchantRandomlyLootFunctionMixin from fabric-item-api-v1.mixins.json into net.minecraft.loot.function.EnchantRandomlyLootFunction
[20:12:14] [main/DEBUG] (FabricLoader/Mixin) Mixing LootTableAccessor from fabric-loot-api-v3.mixins.json into net.minecraft.loot.LootTable
[20:12:14] [main/DEBUG] (FabricLoader/Mixin) Mixing LootPoolAccessor from fabric-loot-api-v3.mixins.json into net.minecraft.loot.LootPool
[20:12:14] [main/DEBUG] (FabricLoader/Mixin) Mixing ChunkGeneratingMixin from fabric-lifecycle-events-v1.mixins.json into net.minecraft.world.chunk.ChunkGenerating
[20:12:14] [main/DEBUG] (FabricLoader/Mixin) fabric-lifecycle-events-v1.mixins.json:ChunkGeneratingMixin from mod fabric-lifecycle-events-v1->@Inject::onChunkLoad(Lnet/minecraft/world/chunk/Chunk;Lnet/minecraft/world/chunk/ChunkGenerationContext;Lnet/minecraft/world/chunk/AbstractChunkHolder;Lorg/spongepowered/asm/mixin/injection/callback/CallbackInfoReturnable;)V does use it's CallbackInfoReturnable
[20:12:14] [main/DEBUG] (FabricLoader/Mixin) Mixing StructureTemplateManagerMixin from fabric-gametest-api-v1.mixins.json into net.minecraft.structure.StructureTemplateManager
[20:12:14] [main/DEBUG] (FabricLoader/Mixin) fabric-gametest-api-v1.mixins.json:StructureTemplateManagerMixin from mod fabric-gametest-api-v1->@Inject::addFabricTemplateProvider(Lnet/minecraft/resource/ResourceManager;Lnet/minecraft/world/level/storage/LevelStorage$Session;Lcom/mojang/datafixers/DataFixer;Lnet/minecraft/registry/RegistryEntryLookup;Lorg/spongepowered/asm/mixin/injection/callback/CallbackInfo;Lcom/google/common/collect/ImmutableList$Builder;)V doesn't use it's CallbackInfo
[20:12:14] [main/DEBUG] (FabricLoader/Mixin) fabric-gametest-api-v1.mixins.json:StructureTemplateManagerMixin from mod fabric-gametest-api-v1->@Inject::addFabricTemplateProvider(Lnet/minecraft/resource/ResourceManager;Lnet/minecraft/world/level/storage/LevelStorage$Session;Lcom/mojang/datafixers/DataFixer;Lnet/minecraft/registry/RegistryEntryLookup;Lorg/spongepowered/asm/mixin/injection/callback/CallbackInfo;Lcom/google/common/collect/ImmutableList$Builder;)V has 0 override(s) in child classes
[20:12:14] [main/DEBUG] (FabricLoader/Mixin) fabric-gametest-api-v1.mixins.json:StructureTemplateManagerMixin from mod fabric-gametest-api-v1->@Inject::addFabricTemplateProvider(Lnet/minecraft/resource/ResourceManager;Lnet/minecraft/world/level/storage/LevelStorage$Session;Lcom/mojang/datafixers/DataFixer;Lnet/minecraft/registry/RegistryEntryLookup;Lorg/spongepowered/asm/mixin/injection/callback/CallbackInfo;Lcom/google/common/collect/ImmutableList$Builder;)V won't be passed a CallbackInfo as a result
[20:12:14] [main/DEBUG] (FabricLoader/Mixin) Mixing BiomeSourceMixin from fabric-biome-api-v1.mixins.json into net.minecraft.world.biome.source.BiomeSource
[20:12:14] [main/DEBUG] (FabricLoader/Mixin) Mixing MultiNoiseBiomeSourceMixin from fabric-biome-api-v1.mixins.json into net.minecraft.world.biome.source.MultiNoiseBiomeSource
[20:12:14] [main/DEBUG] (FabricLoader/Mixin) Mixing NetherBiomePresetMixin from fabric-biome-api-v1.mixins.json into net.minecraft.world.biome.source.MultiNoiseBiomeSourceParameterList$Preset$1
[20:12:14] [main/DEBUG] (FabricLoader/Mixin) fabric-biome-api-v1.mixins.json:NetherBiomePresetMixin from mod fabric-biome-api-v1->@Inject::apply(Ljava/util/function/Function;Lorg/spongepowered/asm/mixin/injection/callback/CallbackInfoReturnable;)V does use it's CallbackInfoReturnable
[20:12:14] [main/DEBUG] (FabricLoader/Mixin) Mixing RegistryOpsAccessor from fabric-resource-conditions-api-v1.mixins.json into net.minecraft.registry.RegistryOps
[20:12:14] [main/DEBUG] (FabricLoader/Mixin) Mixing TheEndBiomeSourceMixin from fabric-biome-api-v1.mixins.json into net.minecraft.world.biome.source.TheEndBiomeSource
[20:12:14] [main/DEBUG] (FabricLoader/Mixin) Renaming synthetic method lambda$init$1(Lnet/minecraft/registry/RegistryEntryLookup;)Lnet/fabricmc/fabric/impl/biome/TheEndBiomeData$Overrides; to md24ae71$fabric-biome-api-v1$lambda$init$1$0 in fabric-biome-api-v1.mixins.json:TheEndBiomeSourceMixin from mod fabric-biome-api-v1
[20:12:14] [main/DEBUG] (FabricLoader/Mixin) Renaming synthetic method lambda$modifyCodec$0(Lcom/mojang/serialization/codecs/RecordCodecBuilder$Instance;)Lcom/mojang/datafixers/kinds/App; to md24ae71$fabric-biome-api-v1$lambda$modifyCodec$0$1 in fabric-biome-api-v1.mixins.json:TheEndBiomeSourceMixin from mod fabric-biome-api-v1
[20:12:14] [main/DEBUG] (FabricLoader/Mixin) fabric-biome-api-v1.mixins.json:TheEndBiomeSourceMixin from mod fabric-biome-api-v1->@Inject::modifyCodec(Lorg/spongepowered/asm/mixin/injection/callback/CallbackInfo;)V doesn't use it's CallbackInfo
[20:12:14] [main/DEBUG] (FabricLoader/Mixin) fabric-biome-api-v1.mixins.json:TheEndBiomeSourceMixin from mod fabric-biome-api-v1->@Inject::rememberLookup(Lnet/minecraft/registry/RegistryEntryLookup;Lorg/spongepowered/asm/mixin/injection/callback/CallbackInfoReturnable;)V doesn't use it's CallbackInfoReturnable
[20:12:14] [main/DEBUG] (FabricLoader/Mixin) fabric-biome-api-v1.mixins.json:TheEndBiomeSourceMixin from mod fabric-biome-api-v1->@Inject::clearLookup(Lnet/minecraft/registry/RegistryEntryLookup;Lorg/spongepowered/asm/mixin/injection/callback/CallbackInfoReturnable;)V doesn't use it's CallbackInfoReturnable
[20:12:14] [main/DEBUG] (FabricLoader/Mixin) fabric-biome-api-v1.mixins.json:TheEndBiomeSourceMixin from mod fabric-biome-api-v1->@Inject::init(Lnet/minecraft/registry/entry/RegistryEntry;Lnet/minecraft/registry/entry/RegistryEntry;Lnet/minecraft/registry/entry/RegistryEntry;Lnet/minecraft/registry/entry/RegistryEntry;Lnet/minecraft/registry/entry/RegistryEntry;Lorg/spongepowered/asm/mixin/injection/callback/CallbackInfo;)V doesn't use it's CallbackInfo
[20:12:14] [main/DEBUG] (FabricLoader/Mixin) fabric-biome-api-v1.mixins.json:TheEndBiomeSourceMixin from mod fabric-biome-api-v1->@Inject::init(Lnet/minecraft/registry/entry/RegistryEntry;Lnet/minecraft/registry/entry/RegistryEntry;Lnet/minecraft/registry/entry/RegistryEntry;Lnet/minecraft/registry/entry/RegistryEntry;Lnet/minecraft/registry/entry/RegistryEntry;Lorg/spongepowered/asm/mixin/injection/callback/CallbackInfo;)V has 0 override(s) in child classes
[20:12:14] [main/DEBUG] (FabricLoader/Mixin) fabric-biome-api-v1.mixins.json:TheEndBiomeSourceMixin from mod fabric-biome-api-v1->@Inject::init(Lnet/minecraft/registry/entry/RegistryEntry;Lnet/minecraft/registry/entry/RegistryEntry;Lnet/minecraft/registry/entry/RegistryEntry;Lnet/minecraft/registry/entry/RegistryEntry;Lnet/minecraft/registry/entry/RegistryEntry;Lorg/spongepowered/asm/mixin/injection/callback/CallbackInfo;)V won't be passed a CallbackInfo as a result
[20:12:14] [main/DEBUG] (FabricLoader/Mixin) fabric-biome-api-v1.mixins.json:TheEndBiomeSourceMixin from mod fabric-biome-api-v1->@Inject::getWeightedEndBiome(IIILnet/minecraft/world/biome/source/util/MultiNoiseUtil$MultiNoiseSampler;Lorg/spongepowered/asm/mixin/injection/callback/CallbackInfoReturnable;)V does use it's CallbackInfoReturnable
[20:12:14] [main/DEBUG] (FabricLoader/Mixin) fabric-biome-api-v1.mixins.json:TheEndBiomeSourceMixin from mod fabric-biome-api-v1->@Inject::getWeightedEndBiome(IIILnet/minecraft/world/biome/source/util/MultiNoiseUtil$MultiNoiseSampler;Lorg/spongepowered/asm/mixin/injection/callback/CallbackInfoReturnable;)V does use it's CallbackInfoReturnable
[20:12:14] [main/DEBUG] (FabricLoader/Mixin) fabric-biome-api-v1.mixins.json:TheEndBiomeSourceMixin from mod fabric-biome-api-v1->@Inject::getWeightedEndBiome(IIILnet/minecraft/world/biome/source/util/MultiNoiseUtil$MultiNoiseSampler;Lorg/spongepowered/asm/mixin/injection/callback/CallbackInfoReturnable;)V does use it's CallbackInfoReturnable
[20:12:14] [main/DEBUG] (FabricLoader/Mixin) fabric-biome-api-v1.mixins.json:TheEndBiomeSourceMixin from mod fabric-biome-api-v1->@Inject::getWeightedEndBiome(IIILnet/minecraft/world/biome/source/util/MultiNoiseUtil$MultiNoiseSampler;Lorg/spongepowered/asm/mixin/injection/callback/CallbackInfoReturnable;)V does use it's CallbackInfoReturnable
[20:12:14] [main/DEBUG] (FabricLoader/Mixin) fabric-biome-api-v1.mixins.json:TheEndBiomeSourceMixin from mod fabric-biome-api-v1->@Inject::getWeightedEndBiome(IIILnet/minecraft/world/biome/source/util/MultiNoiseUtil$MultiNoiseSampler;Lorg/spongepowered/asm/mixin/injection/callback/CallbackInfoReturnable;)V does use it's CallbackInfoReturnable
[20:12:14] [main/DEBUG] (FabricLoader/Mixin) Mixing DebugChunkGeneratorAccessor from fabric-registry-sync-v0.mixins.json into net.minecraft.world.gen.chunk.DebugChunkGenerator
[20:12:14] [main/DEBUG] (FabricLoader/Mixin) Renaming @Accessor method setBLOCK_STATES(Ljava/util/List;)V to setBLOCK_STATES$fabric-registry-sync-v0_$md$24ae71$0 in fabric-registry-sync-v0.mixins.json:DebugChunkGeneratorAccessor from mod fabric-registry-sync-v0
[20:12:14] [main/DEBUG] (FabricLoader/Mixin) Renaming @Accessor method setX_SIDE_LENGTH(I)V to setX_SIDE_LENGTH$fabric-registry-sync-v0_$md$24ae71$1 in fabric-registry-sync-v0.mixins.json:DebugChunkGeneratorAccessor from mod fabric-registry-sync-v0
[20:12:14] [main/DEBUG] (FabricLoader/Mixin) Renaming @Accessor method setZ_SIDE_LENGTH(I)V to setZ_SIDE_LENGTH$fabric-registry-sync-v0_$md$24ae71$2 in fabric-registry-sync-v0.mixins.json:DebugChunkGeneratorAccessor from mod fabric-registry-sync-v0
[20:12:14] [main/DEBUG] (FabricLoader/Mixin) Mixing SpecialModelTypesMixin from fabric-rendering-v1.mixins.json into net.minecraft.client.render.item.model.special.SpecialModelTypes
[20:12:14] [main/DEBUG] (FabricLoader/Mixin) fabric-rendering-v1.mixins.json:SpecialModelTypesMixin from mod fabric-rendering-v1->@Inject::onReturnClinit(Lorg/spongepowered/asm/mixin/injection/callback/CallbackInfo;)V doesn't use it's CallbackInfo
[20:12:14] [main/DEBUG] (FabricLoader/Mixin) Mixing TexturedRenderLayersMixin from fabric-object-builder-v1.client.mixins.json into net.minecraft.client.render.TexturedRenderLayers
[20:12:14] [main/DEBUG] (FabricLoader/Mixin) fabric-object-builder-v1.client.mixins.json:TexturedRenderLayersMixin from mod fabric-object-builder-api-v1->@Inject::onReturnClinit(Lorg/spongepowered/asm/mixin/injection/callback/CallbackInfo;)V doesn't use it's CallbackInfo
[20:12:14] [main/DEBUG] (FabricLoader/Mixin) Mixing client.SpriteAtlasTextureMixin from fabric-renderer-api-v1.mixins.json into net.minecraft.client.texture.SpriteAtlasTexture
[20:12:14] [main/DEBUG] (FabricLoader/Mixin) fabric-renderer-api-v1.mixins.json:client.SpriteAtlasTextureMixin from mod fabric-renderer-api-v1->@Inject::uploadHook(Lnet/minecraft/client/texture/SpriteLoader$StitchResult;Lorg/spongepowered/asm/mixin/injection/callback/CallbackInfo;)V doesn't use it's CallbackInfo
[20:12:14] [main/DEBUG] (FabricLoader/Mixin) fabric-renderer-api-v1.mixins.json:client.SpriteAtlasTextureMixin from mod fabric-renderer-api-v1->@Inject::uploadHook(Lnet/minecraft/client/texture/SpriteLoader$StitchResult;Lorg/spongepowered/asm/mixin/injection/callback/CallbackInfo;)V has 0 override(s) in child classes
[20:12:14] [main/DEBUG] (FabricLoader/Mixin) fabric-renderer-api-v1.mixins.json:client.SpriteAtlasTextureMixin from mod fabric-renderer-api-v1->@Inject::uploadHook(Lnet/minecraft/client/texture/SpriteLoader$StitchResult;Lorg/spongepowered/asm/mixin/injection/callback/CallbackInfo;)V won't be passed a CallbackInfo as a result
[20:12:14] [main/DEBUG] (FabricLoader/Mixin) Mixing KeyedResourceReloadListenerClientMixin from fabric-resource-loader-v0.client.mixins.json into net.minecraft.client.render.item.ItemRenderer
[20:12:14] [main/DEBUG] (FabricLoader/Mixin) Mixing client.render.ItemRendererMixin from vurstvisual.mixins.json into net.minecraft.client.render.item.ItemRenderer
[20:12:14] [main/DEBUG] (FabricLoader/Mixin) Mixing ItemRendererAccessor from fabric-renderer-indigo.mixins.json into net.minecraft.client.render.item.ItemRenderer
[20:12:14] [main/DEBUG] (FabricLoader/Mixin) Renaming @Invoker method fabric_getDynamicDisplayGlintConsumer(Lnet/minecraft/client/render/VertexConsumerProvider;Lnet/minecraft/client/render/RenderLayer;Lnet/minecraft/client/util/math/MatrixStack$Entry;)Lnet/minecraft/client/render/VertexConsumer; to fabric_getDynamicDisplayGlintConsumer$fabric-renderer-indigo_$md$24ae71$0 in fabric-renderer-indigo.mixins.json:ItemRendererAccessor from mod fabric-renderer-indigo
[20:12:14] [main/DEBUG] (FabricLoader/Mixin) Mixing ItemRendererMixin from fabric-renderer-indigo.mixins.json into net.minecraft.client.render.item.ItemRenderer
[20:12:14] [main/DEBUG] (FabricLoader/Mixin) fabric-renderer-indigo.mixins.json:ItemRendererMixin from mod fabric-renderer-indigo->@Inject::hookRenderItem(Lnet/minecraft/item/ModelTransformationMode;Lnet/minecraft/client/util/math/MatrixStack;Lnet/minecraft/client/render/VertexConsumerProvider;II[ILnet/minecraft/client/render/model/BakedModel;Lnet/minecraft/client/render/RenderLayer;Lnet/minecraft/client/render/item/ItemRenderState$Glint;Lorg/spongepowered/asm/mixin/injection/callback/CallbackInfo;)V does use it's CallbackInfo
[20:12:14] [main/DEBUG] (FabricLoader/Mixin) Mixing InGameHudMixin from fabric-rendering-v1.mixins.json into net.minecraft.client.gui.hud.InGameHud
[20:12:14] [main/DEBUG] (FabricLoader/Mixin) Mixing accessors.InGameHudAccessor from vurstvisual.mixins.json into net.minecraft.client.gui.hud.InGameHud
[20:12:14] [main/DEBUG] (FabricLoader/Mixin) Mixing client.render.gui.hud.InGameHudMixin from vurstvisual.mixins.json into net.minecraft.client.gui.hud.InGameHud
[20:12:14] [main/DEBUG] (FabricLoader/Mixin) Renaming synthetic method lambda$vurstvisual$protectScoreboardOrderedText$0([Lnet/minecraft/text/Style;Ljava/lang/StringBuilder;ILnet/minecraft/text/Style;I)Z to md24ae71$vurstvisual$lambda$vurstvisual$protectScoreboardOrderedText$0$0 in vurstvisual.mixins.json:client.render.gui.hud.InGameHudMixin from mod vurstvisual
[20:12:14] [main/DEBUG] (FabricLoader/Mixin) fabric-rendering-v1.mixins.json:InGameHudMixin from mod fabric-rendering-v1->@Inject::render(Lnet/minecraft/client/gui/DrawContext;Lnet/minecraft/client/render/RenderTickCounter;Lorg/spongepowered/asm/mixin/injection/callback/CallbackInfo;)V doesn't use it's CallbackInfo
[20:12:14] [main/DEBUG] (FabricLoader/Mixin) fabric-rendering-v1.mixins.json:InGameHudMixin from mod fabric-rendering-v1->@Inject::render(Lnet/minecraft/client/gui/DrawContext;Lnet/minecraft/client/render/RenderTickCounter;Lorg/spongepowered/asm/mixin/injection/callback/CallbackInfo;)V has 0 override(s) in child classes
[20:12:14] [main/DEBUG] (FabricLoader/Mixin) fabric-rendering-v1.mixins.json:InGameHudMixin from mod fabric-rendering-v1->@Inject::render(Lnet/minecraft/client/gui/DrawContext;Lnet/minecraft/client/render/RenderTickCounter;Lorg/spongepowered/asm/mixin/injection/callback/CallbackInfo;)V won't be passed a CallbackInfo as a result
[20:12:14] [main/DEBUG] (FabricLoader/Mixin) fabric-rendering-v1.mixins.json:InGameHudMixin from mod fabric-rendering-v1->@Inject::registerLayers(Lorg/spongepowered/asm/mixin/injection/callback/CallbackInfo;)V doesn't use it's CallbackInfo
[20:12:14] [main/DEBUG] (FabricLoader/Mixin) fabric-rendering-v1.mixins.json:InGameHudMixin from mod fabric-rendering-v1->@Inject::registerLayers(Lorg/spongepowered/asm/mixin/injection/callback/CallbackInfo;)V has 0 override(s) in child classes
[20:12:14] [main/DEBUG] (FabricLoader/Mixin) fabric-rendering-v1.mixins.json:InGameHudMixin from mod fabric-rendering-v1->@Inject::registerLayers(Lorg/spongepowered/asm/mixin/injection/callback/CallbackInfo;)V won't be passed a CallbackInfo as a result
[20:12:14] [main/DEBUG] (FabricLoader/Mixin) vurstvisual.mixins.json:client.render.gui.hud.InGameHudMixin from mod vurstvisual->@Inject::onRender(Lnet/minecraft/client/gui/DrawContext;Lnet/minecraft/client/render/RenderTickCounter;Lorg/spongepowered/asm/mixin/injection/callback/CallbackInfo;)V doesn't use it's CallbackInfo
[20:12:14] [main/DEBUG] (FabricLoader/Mixin) vurstvisual.mixins.json:client.render.gui.hud.InGameHudMixin from mod vurstvisual->@Inject::onRender(Lnet/minecraft/client/gui/DrawContext;Lnet/minecraft/client/render/RenderTickCounter;Lorg/spongepowered/asm/mixin/injection/callback/CallbackInfo;)V has 0 override(s) in child classes
[20:12:14] [main/DEBUG] (FabricLoader/Mixin) vurstvisual.mixins.json:client.render.gui.hud.InGameHudMixin from mod vurstvisual->@Inject::onRender(Lnet/minecraft/client/gui/DrawContext;Lnet/minecraft/client/render/RenderTickCounter;Lorg/spongepowered/asm/mixin/injection/callback/CallbackInfo;)V won't be passed a CallbackInfo as a result
[20:12:14] [main/DEBUG] (FabricLoader/Mixin) vurstvisual.mixins.json:client.render.gui.hud.InGameHudMixin from mod vurstvisual->@Inject::onRenderHud(Lnet/minecraft/client/gui/DrawContext;Lnet/minecraft/client/render/RenderTickCounter;Lorg/spongepowered/asm/mixin/injection/callback/CallbackInfo;)V doesn't use it's CallbackInfo
[20:12:14] [main/DEBUG] (FabricLoader/Mixin) vurstvisual.mixins.json:client.render.gui.hud.InGameHudMixin from mod vurstvisual->@Inject::onRenderHud(Lnet/minecraft/client/gui/DrawContext;Lnet/minecraft/client/render/RenderTickCounter;Lorg/spongepowered/asm/mixin/injection/callback/CallbackInfo;)V has 0 override(s) in child classes
[20:12:14] [main/DEBUG] (FabricLoader/Mixin) vurstvisual.mixins.json:client.render.gui.hud.InGameHudMixin from mod vurstvisual->@Inject::onRenderHud(Lnet/minecraft/client/gui/DrawContext;Lnet/minecraft/client/render/RenderTickCounter;Lorg/spongepowered/asm/mixin/injection/callback/CallbackInfo;)V won't be passed a CallbackInfo as a result
[20:12:14] [main/DEBUG] (FabricLoader/Mixin) vurstvisual.mixins.json:client.render.gui.hud.InGameHudMixin from mod vurstvisual->@Inject::removeVanillaCrosshair(Lnet/minecraft/client/gui/DrawContext;Lnet/minecraft/client/render/RenderTickCounter;Lorg/spongepowered/asm/mixin/injection/callback/CallbackInfo;)V does use it's CallbackInfo
[20:12:14] [main/DEBUG] (FabricLoader/Mixin) vurstvisual.mixins.json:client.render.gui.hud.InGameHudMixin from mod vurstvisual->@Inject::injectRenderScoreboardSidebar(Lnet/minecraft/client/gui/DrawContext;Lnet/minecraft/client/render/RenderTickCounter;Lorg/spongepowered/asm/mixin/injection/callback/CallbackInfo;)V does use it's CallbackInfo
[20:12:14] [main/DEBUG] (FabricLoader/Mixin) vurstvisual.mixins.json:client.render.gui.hud.InGameHudMixin from mod vurstvisual->@Inject::injectRenderTitleAndSubtitle(Lnet/minecraft/client/gui/DrawContext;Lnet/minecraft/client/render/RenderTickCounter;Lorg/spongepowered/asm/mixin/injection/callback/CallbackInfo;)V does use it's CallbackInfo
[20:12:14] [main/DEBUG] (FabricLoader/Mixin) vurstvisual.mixins.json:client.render.gui.hud.InGameHudMixin from mod vurstvisual->@Inject::renderHotbarItemHighlight(Lnet/minecraft/client/gui/DrawContext;IILnet/minecraft/client/render/RenderTickCounter;Lnet/minecraft/entity/player/PlayerEntity;Lnet/minecraft/item/ItemStack;ILorg/spongepowered/asm/mixin/injection/callback/CallbackInfo;)V doesn't use it's CallbackInfo
[20:12:14] [main/DEBUG] (FabricLoader/Mixin) vurstvisual.mixins.json:client.render.gui.hud.InGameHudMixin from mod vurstvisual->@Inject::renderHotbarItemHighlight(Lnet/minecraft/client/gui/DrawContext;IILnet/minecraft/client/render/RenderTickCounter;Lnet/minecraft/entity/player/PlayerEntity;Lnet/minecraft/item/ItemStack;ILorg/spongepowered/asm/mixin/injection/callback/CallbackInfo;)V has 0 override(s) in child classes
[20:12:14] [main/DEBUG] (FabricLoader/Mixin) vurstvisual.mixins.json:client.render.gui.hud.InGameHudMixin from mod vurstvisual->@Inject::renderHotbarItemHighlight(Lnet/minecraft/client/gui/DrawContext;IILnet/minecraft/client/render/RenderTickCounter;Lnet/minecraft/entity/player/PlayerEntity;Lnet/minecraft/item/ItemStack;ILorg/spongepowered/asm/mixin/injection/callback/CallbackInfo;)V won't be passed a CallbackInfo as a result
[20:12:14] [main/DEBUG] (FabricLoader/Mixin) vurstvisual.mixins.json:client.render.gui.hud.InGameHudMixin from mod vurstvisual->@Inject::renderHotbarItemCooldown(Lnet/minecraft/client/gui/DrawContext;IILnet/minecraft/client/render/RenderTickCounter;Lnet/minecraft/entity/player/PlayerEntity;Lnet/minecraft/item/ItemStack;ILorg/spongepowered/asm/mixin/injection/callback/CallbackInfo;)V doesn't use it's CallbackInfo
[20:12:14] [main/DEBUG] (FabricLoader/Mixin) vurstvisual.mixins.json:client.render.gui.hud.InGameHudMixin from mod vurstvisual->@Inject::renderHotbarItemCooldown(Lnet/minecraft/client/gui/DrawContext;IILnet/minecraft/client/render/RenderTickCounter;Lnet/minecraft/entity/player/PlayerEntity;Lnet/minecraft/item/ItemStack;ILorg/spongepowered/asm/mixin/injection/callback/CallbackInfo;)V has 0 override(s) in child classes
[20:12:14] [main/DEBUG] (FabricLoader/Mixin) vurstvisual.mixins.json:client.render.gui.hud.InGameHudMixin from mod vurstvisual->@Inject::renderHotbarItemCooldown(Lnet/minecraft/client/gui/DrawContext;IILnet/minecraft/client/render/RenderTickCounter;Lnet/minecraft/entity/player/PlayerEntity;Lnet/minecraft/item/ItemStack;ILorg/spongepowered/asm/mixin/injection/callback/CallbackInfo;)V won't be passed a CallbackInfo as a result
[20:12:14] [main/DEBUG] (FabricLoader/Mixin) Mixing accessors.DrawContextAccessor from vurstvisual.mixins.json into net.minecraft.client.gui.DrawContext
[20:12:14] [main/DEBUG] (FabricLoader/Mixin) Mixing ClientWorldMixin from fabric-rendering-v1.mixins.json into net.minecraft.client.world.ClientWorld
[20:12:14] [main/DEBUG] (FabricLoader/Mixin) Renaming synthetic method lambda$new$1(Lnet/minecraft/world/biome/ColorResolver;)Lnet/minecraft/client/world/BiomeColorCache; to md24ae71$fabric-rendering-v1$lambda$new$1$0 in fabric-rendering-v1.mixins.json:ClientWorldMixin from mod fabric-rendering-v1
[20:12:14] [main/DEBUG] (FabricLoader/Mixin) Renaming synthetic method lambda$new$0(Lnet/minecraft/world/biome/ColorResolver;Lnet/minecraft/util/math/BlockPos;)I to md24ae71$fabric-rendering-v1$lambda$new$0$1 in fabric-rendering-v1.mixins.json:ClientWorldMixin from mod fabric-rendering-v1
[20:12:14] [main/DEBUG] (FabricLoader/Mixin) Mixing ClientWorldMixin from fabric-lifecycle-events-v1.client.mixins.json into net.minecraft.client.world.ClientWorld
[20:12:14] [main/DEBUG] (FabricLoader/Mixin) Mixing client.ClientWorldMixin from vurstvisual.mixins.json into net.minecraft.client.world.ClientWorld
[20:12:14] [main/DEBUG] (FabricLoader/Mixin) fabric-rendering-v1.mixins.json:ClientWorldMixin from mod fabric-rendering-v1->@Inject::onResetChunkColor(Lnet/minecraft/util/math/ChunkPos;Lorg/spongepowered/asm/mixin/injection/callback/CallbackInfo;)V doesn't use it's CallbackInfo
[20:12:14] [main/DEBUG] (FabricLoader/Mixin) fabric-rendering-v1.mixins.json:ClientWorldMixin from mod fabric-rendering-v1->@Inject::onResetChunkColor(Lnet/minecraft/util/math/ChunkPos;Lorg/spongepowered/asm/mixin/injection/callback/CallbackInfo;)V has 0 override(s) in child classes
[20:12:14] [main/DEBUG] (FabricLoader/Mixin) fabric-rendering-v1.mixins.json:ClientWorldMixin from mod fabric-rendering-v1->@Inject::onResetChunkColor(Lnet/minecraft/util/math/ChunkPos;Lorg/spongepowered/asm/mixin/injection/callback/CallbackInfo;)V won't be passed a CallbackInfo as a result
[20:12:14] [main/DEBUG] (FabricLoader/Mixin) fabric-rendering-v1.mixins.json:ClientWorldMixin from mod fabric-rendering-v1->@Inject::onReloadColor(Lorg/spongepowered/asm/mixin/injection/callback/CallbackInfo;)V doesn't use it's CallbackInfo
[20:12:14] [main/DEBUG] (FabricLoader/Mixin) fabric-rendering-v1.mixins.json:ClientWorldMixin from mod fabric-rendering-v1->@Inject::onReloadColor(Lorg/spongepowered/asm/mixin/injection/callback/CallbackInfo;)V has 0 override(s) in child classes
[20:12:14] [main/DEBUG] (FabricLoader/Mixin) fabric-rendering-v1.mixins.json:ClientWorldMixin from mod fabric-rendering-v1->@Inject::onReloadColor(Lorg/spongepowered/asm/mixin/injection/callback/CallbackInfo;)V won't be passed a CallbackInfo as a result
[20:12:14] [main/DEBUG] (FabricLoader/Mixin) fabric-lifecycle-events-v1.client.mixins.json:ClientWorldMixin from mod fabric-lifecycle-events-v1->@Inject::tickWorldAfterBlockEntities(Lorg/spongepowered/asm/mixin/injection/callback/CallbackInfo;)V doesn't use it's CallbackInfo
[20:12:14] [main/DEBUG] (FabricLoader/Mixin) fabric-lifecycle-events-v1.client.mixins.json:ClientWorldMixin from mod fabric-lifecycle-events-v1->@Inject::tickWorldAfterBlockEntities(Lorg/spongepowered/asm/mixin/injection/callback/CallbackInfo;)V has 0 override(s) in child classes
[20:12:14] [main/DEBUG] (FabricLoader/Mixin) fabric-lifecycle-events-v1.client.mixins.json:ClientWorldMixin from mod fabric-lifecycle-events-v1->@Inject::tickWorldAfterBlockEntities(Lorg/spongepowered/asm/mixin/injection/callback/CallbackInfo;)V won't be passed a CallbackInfo as a result
[20:12:14] [main/DEBUG] (FabricLoader/Mixin) fabric-lifecycle-events-v1.client.mixins.json:ClientWorldMixin from mod fabric-lifecycle-events-v1->@Inject::startWorldTick(Lorg/spongepowered/asm/mixin/injection/callback/CallbackInfo;)V doesn't use it's CallbackInfo
[20:12:14] [main/DEBUG] (FabricLoader/Mixin) fabric-lifecycle-events-v1.client.mixins.json:ClientWorldMixin from mod fabric-lifecycle-events-v1->@Inject::startWorldTick(Lorg/spongepowered/asm/mixin/injection/callback/CallbackInfo;)V has 0 override(s) in child classes
[20:12:14] [main/DEBUG] (FabricLoader/Mixin) fabric-lifecycle-events-v1.client.mixins.json:ClientWorldMixin from mod fabric-lifecycle-events-v1->@Inject::startWorldTick(Lorg/spongepowered/asm/mixin/injection/callback/CallbackInfo;)V won't be passed a CallbackInfo as a result
[20:12:14] [main/DEBUG] (FabricLoader/Mixin) vurstvisual.mixins.json:client.ClientWorldMixin from mod vurstvisual->@Inject::injectAddEntity(Lnet/minecraft/entity/Entity;Lorg/spongepowered/asm/mixin/injection/callback/CallbackInfo;)V doesn't use it's CallbackInfo
[20:12:14] [main/DEBUG] (FabricLoader/Mixin) vurstvisual.mixins.json:client.ClientWorldMixin from mod vurstvisual->@Inject::injectAddEntity(Lnet/minecraft/entity/Entity;Lorg/spongepowered/asm/mixin/injection/callback/CallbackInfo;)V has 0 override(s) in child classes
[20:12:14] [main/DEBUG] (FabricLoader/Mixin) vurstvisual.mixins.json:client.ClientWorldMixin from mod vurstvisual->@Inject::injectAddEntity(Lnet/minecraft/entity/Entity;Lorg/spongepowered/asm/mixin/injection/callback/CallbackInfo;)V won't be passed a CallbackInfo as a result
[20:12:14] [main/DEBUG] (FabricLoader/Mixin) vurstvisual.mixins.json:client.ClientWorldMixin from mod vurstvisual->@Inject::vurstvisual$customSkyColor(Lnet/minecraft/util/math/Vec3d;FLorg/spongepowered/asm/mixin/injection/callback/CallbackInfoReturnable;)V does use it's CallbackInfoReturnable
[20:12:14] [main/DEBUG] (FabricLoader/Mixin) vurstvisual.mixins.json:client.ClientWorldMixin from mod vurstvisual->@Inject::vurstvisual$customCloudsColor(FLorg/spongepowered/asm/mixin/injection/callback/CallbackInfoReturnable;)V does use it's CallbackInfoReturnable
[20:12:14] [main/DEBUG] (FabricLoader/Mixin) Mixing MinecraftServerMixin from fabric-gametest-api-v1.mixins.json into net.minecraft.server.MinecraftServer
[20:12:14] [main/DEBUG] (FabricLoader/Mixin) Mixing MinecraftServerMixin from fabric-message-api-v1.mixins.json into net.minecraft.server.MinecraftServer
[20:12:14] [main/DEBUG] (FabricLoader/Mixin) Renaming synthetic method lambda$onGetChatDecorator$0(Lnet/minecraft/server/network/ServerPlayerEntity;Lnet/minecraft/text/Text;)Lnet/minecraft/text/Text; to md24ae71$fabric-message-api-v1$lambda$onGetChatDecorator$0$0 in fabric-message-api-v1.mixins.json:MinecraftServerMixin from mod fabric-message-api-v1
[20:12:14] [main/DEBUG] (FabricLoader/Mixin) Mixing MinecraftServerMixin from fabric-lifecycle-events-v1.mixins.json into net.minecraft.server.MinecraftServer
[20:12:14] [main/DEBUG] (FabricLoader/Mixin) Renaming synthetic method lambda$endResourceReload$0(Ljava/lang/Void;Ljava/lang/Throwable;)Ljava/lang/Void; to md24ae71$fabric-lifecycle-events-v1$lambda$endResourceReload$0$1 in fabric-lifecycle-events-v1.mixins.json:MinecraftServerMixin from mod fabric-lifecycle-events-v1
[20:12:14] [main/DEBUG] (FabricLoader/Mixin) Mixing MinecraftServerMixin from fabric-resource-loader-v0.mixins.json into net.minecraft.server.MinecraftServer
[20:12:14] [main/DEBUG] (FabricLoader/Mixin) Renaming synthetic method lambda$init$0(Lnet/minecraft/resource/ResourcePack;)Ljava/util/stream/Stream; to md24ae71$fabric-resource-loader-v0$lambda$init$0$2 in fabric-resource-loader-v0.mixins.json:MinecraftServerMixin from mod fabric-resource-loader-v0
[20:12:14] [main/DEBUG] (FabricLoader/Mixin) Mixing modification.MinecraftServerMixin from fabric-biome-api-v1.mixins.json into net.minecraft.server.MinecraftServer
[20:12:14] [main/DEBUG] (FabricLoader/Mixin) fabric-gametest-api-v1.mixins.json:MinecraftServerMixin from mod fabric-gametest-api-v1->@Inject::tickWorlds(Ljava/util/function/BooleanSupplier;Lorg/spongepowered/asm/mixin/injection/callback/CallbackInfo;)V doesn't use it's CallbackInfo
[20:12:14] [main/DEBUG] (FabricLoader/Mixin) fabric-gametest-api-v1.mixins.json:MinecraftServerMixin from mod fabric-gametest-api-v1->@Inject::tickWorlds(Ljava/util/function/BooleanSupplier;Lorg/spongepowered/asm/mixin/injection/callback/CallbackInfo;)V has 0 override(s) in child classes
[20:12:14] [main/DEBUG] (FabricLoader/Mixin) fabric-gametest-api-v1.mixins.json:MinecraftServerMixin from mod fabric-gametest-api-v1->@Inject::tickWorlds(Ljava/util/function/BooleanSupplier;Lorg/spongepowered/asm/mixin/injection/callback/CallbackInfo;)V won't be passed a CallbackInfo as a result
[20:12:14] [main/DEBUG] (FabricLoader/Mixin) fabric-message-api-v1.mixins.json:MinecraftServerMixin from mod fabric-message-api-v1->@Inject::onGetChatDecorator(Lorg/spongepowered/asm/mixin/injection/callback/CallbackInfoReturnable;)V does use it's CallbackInfoReturnable
[20:12:14] [main/DEBUG] (FabricLoader/Mixin) fabric-lifecycle-events-v1.mixins.json:MinecraftServerMixin from mod fabric-lifecycle-events-v1->@Inject::beforeSetupServer(Lorg/spongepowered/asm/mixin/injection/callback/CallbackInfo;)V doesn't use it's CallbackInfo
[20:12:14] [main/DEBUG] (FabricLoader/Mixin) fabric-lifecycle-events-v1.mixins.json:MinecraftServerMixin from mod fabric-lifecycle-events-v1->@Inject::beforeSetupServer(Lorg/spongepowered/asm/mixin/injection/callback/CallbackInfo;)V has 0 override(s) in child classes
[20:12:14] [main/DEBUG] (FabricLoader/Mixin) fabric-lifecycle-events-v1.mixins.json:MinecraftServerMixin from mod fabric-lifecycle-events-v1->@Inject::beforeSetupServer(Lorg/spongepowered/asm/mixin/injection/callback/CallbackInfo;)V won't be passed a CallbackInfo as a result
[20:12:14] [main/DEBUG] (FabricLoader/Mixin) fabric-lifecycle-events-v1.mixins.json:MinecraftServerMixin from mod fabric-lifecycle-events-v1->@Inject::afterSetupServer(Lorg/spongepowered/asm/mixin/injection/callback/CallbackInfo;)V doesn't use it's CallbackInfo
[20:12:14] [main/DEBUG] (FabricLoader/Mixin) fabric-lifecycle-events-v1.mixins.json:MinecraftServerMixin from mod fabric-lifecycle-events-v1->@Inject::afterSetupServer(Lorg/spongepowered/asm/mixin/injection/callback/CallbackInfo;)V has 0 override(s) in child classes
[20:12:14] [main/DEBUG] (FabricLoader/Mixin) fabric-lifecycle-events-v1.mixins.json:MinecraftServerMixin from mod fabric-lifecycle-events-v1->@Inject::afterSetupServer(Lorg/spongepowered/asm/mixin/injection/callback/CallbackInfo;)V won't be passed a CallbackInfo as a result
[20:12:14] [main/DEBUG] (FabricLoader/Mixin) fabric-lifecycle-events-v1.mixins.json:MinecraftServerMixin from mod fabric-lifecycle-events-v1->@Inject::beforeShutdownServer(Lorg/spongepowered/asm/mixin/injection/callback/CallbackInfo;)V doesn't use it's CallbackInfo
[20:12:14] [main/DEBUG] (FabricLoader/Mixin) fabric-lifecycle-events-v1.mixins.json:MinecraftServerMixin from mod fabric-lifecycle-events-v1->@Inject::beforeShutdownServer(Lorg/spongepowered/asm/mixin/injection/callback/CallbackInfo;)V has 0 override(s) in child classes
[20:12:14] [main/DEBUG] (FabricLoader/Mixin) fabric-lifecycle-events-v1.mixins.json:MinecraftServerMixin from mod fabric-lifecycle-events-v1->@Inject::beforeShutdownServer(Lorg/spongepowered/asm/mixin/injection/callback/CallbackInfo;)V won't be passed a CallbackInfo as a result
[20:12:14] [main/DEBUG] (FabricLoader/Mixin) fabric-lifecycle-events-v1.mixins.json:MinecraftServerMixin from mod fabric-lifecycle-events-v1->@Inject::afterShutdownServer(Lorg/spongepowered/asm/mixin/injection/callback/CallbackInfo;)V doesn't use it's CallbackInfo
[20:12:14] [main/DEBUG] (FabricLoader/Mixin) fabric-lifecycle-events-v1.mixins.json:MinecraftServerMixin from mod fabric-lifecycle-events-v1->@Inject::afterShutdownServer(Lorg/spongepowered/asm/mixin/injection/callback/CallbackInfo;)V has 0 override(s) in child classes
[20:12:14] [main/DEBUG] (FabricLoader/Mixin) fabric-lifecycle-events-v1.mixins.json:MinecraftServerMixin from mod fabric-lifecycle-events-v1->@Inject::afterShutdownServer(Lorg/spongepowered/asm/mixin/injection/callback/CallbackInfo;)V won't be passed a CallbackInfo as a result
[20:12:14] [main/DEBUG] (FabricLoader/Mixin) fabric-lifecycle-events-v1.mixins.json:MinecraftServerMixin from mod fabric-lifecycle-events-v1->@Inject::onStartTick(Ljava/util/function/BooleanSupplier;Lorg/spongepowered/asm/mixin/injection/callback/CallbackInfo;)V doesn't use it's CallbackInfo
[20:12:14] [main/DEBUG] (FabricLoader/Mixin) fabric-lifecycle-events-v1.mixins.json:MinecraftServerMixin from mod fabric-lifecycle-events-v1->@Inject::onStartTick(Ljava/util/function/BooleanSupplier;Lorg/spongepowered/asm/mixin/injection/callback/CallbackInfo;)V has 0 override(s) in child classes
[20:12:14] [main/DEBUG] (FabricLoader/Mixin) fabric-lifecycle-events-v1.mixins.json:MinecraftServerMixin from mod fabric-lifecycle-events-v1->@Inject::onStartTick(Ljava/util/function/BooleanSupplier;Lorg/spongepowered/asm/mixin/injection/callback/CallbackInfo;)V won't be passed a CallbackInfo as a result
[20:12:14] [main/DEBUG] (FabricLoader/Mixin) fabric-lifecycle-events-v1.mixins.json:MinecraftServerMixin from mod fabric-lifecycle-events-v1->@Inject::onEndTick(Ljava/util/function/BooleanSupplier;Lorg/spongepowered/asm/mixin/injection/callback/CallbackInfo;)V doesn't use it's CallbackInfo
[20:12:14] [main/DEBUG] (FabricLoader/Mixin) fabric-lifecycle-events-v1.mixins.json:MinecraftServerMixin from mod fabric-lifecycle-events-v1->@Inject::onEndTick(Ljava/util/function/BooleanSupplier;Lorg/spongepowered/asm/mixin/injection/callback/CallbackInfo;)V has 0 override(s) in child classes
[20:12:14] [main/DEBUG] (FabricLoader/Mixin) fabric-lifecycle-events-v1.mixins.json:MinecraftServerMixin from mod fabric-lifecycle-events-v1->@Inject::onEndTick(Ljava/util/function/BooleanSupplier;Lorg/spongepowered/asm/mixin/injection/callback/CallbackInfo;)V won't be passed a CallbackInfo as a result
[20:12:14] [main/DEBUG] (FabricLoader/Mixin) fabric-lifecycle-events-v1.mixins.json:MinecraftServerMixin from mod fabric-lifecycle-events-v1->@Inject::onUnloadWorldAtShutdown(Lorg/spongepowered/asm/mixin/injection/callback/CallbackInfo;Ljava/util/Iterator;Lnet/minecraft/server/world/ServerWorld;)V doesn't use it's CallbackInfo
[20:12:14] [main/DEBUG] (FabricLoader/Mixin) fabric-lifecycle-events-v1.mixins.json:MinecraftServerMixin from mod fabric-lifecycle-events-v1->@Inject::onUnloadWorldAtShutdown(Lorg/spongepowered/asm/mixin/injection/callback/CallbackInfo;Ljava/util/Iterator;Lnet/minecraft/server/world/ServerWorld;)V has 0 override(s) in child classes
[20:12:14] [main/DEBUG] (FabricLoader/Mixin) fabric-lifecycle-events-v1.mixins.json:MinecraftServerMixin from mod fabric-lifecycle-events-v1->@Inject::onUnloadWorldAtShutdown(Lorg/spongepowered/asm/mixin/injection/callback/CallbackInfo;Ljava/util/Iterator;Lnet/minecraft/server/world/ServerWorld;)V won't be passed a CallbackInfo as a result
[20:12:14] [main/DEBUG] (FabricLoader/Mixin) fabric-lifecycle-events-v1.mixins.json:MinecraftServerMixin from mod fabric-lifecycle-events-v1->@Inject::startResourceReload(Ljava/util/Collection;Lorg/spongepowered/asm/mixin/injection/callback/CallbackInfoReturnable;)V doesn't use it's CallbackInfoReturnable
[20:12:14] [main/DEBUG] (FabricLoader/Mixin) fabric-lifecycle-events-v1.mixins.json:MinecraftServerMixin from mod fabric-lifecycle-events-v1->@Inject::startResourceReload(Ljava/util/Collection;Lorg/spongepowered/asm/mixin/injection/callback/CallbackInfoReturnable;)V has 0 override(s) in child classes
[20:12:14] [main/DEBUG] (FabricLoader/Mixin) fabric-lifecycle-events-v1.mixins.json:MinecraftServerMixin from mod fabric-lifecycle-events-v1->@Inject::startResourceReload(Ljava/util/Collection;Lorg/spongepowered/asm/mixin/injection/callback/CallbackInfoReturnable;)V won't be passed a CallbackInfoReturnable as a result
[20:12:14] [main/DEBUG] (FabricLoader/Mixin) fabric-lifecycle-events-v1.mixins.json:MinecraftServerMixin from mod fabric-lifecycle-events-v1->@Inject::endResourceReload(Ljava/util/Collection;Lorg/spongepowered/asm/mixin/injection/callback/CallbackInfoReturnable;)V does use it's CallbackInfoReturnable
[20:12:14] [main/DEBUG] (FabricLoader/Mixin) fabric-lifecycle-events-v1.mixins.json:MinecraftServerMixin from mod fabric-lifecycle-events-v1->@Inject::startSave(ZZZLorg/spongepowered/asm/mixin/injection/callback/CallbackInfoReturnable;)V doesn't use it's CallbackInfoReturnable
[20:12:14] [main/DEBUG] (FabricLoader/Mixin) fabric-lifecycle-events-v1.mixins.json:MinecraftServerMixin from mod fabric-lifecycle-events-v1->@Inject::startSave(ZZZLorg/spongepowered/asm/mixin/injection/callback/CallbackInfoReturnable;)V has 0 override(s) in child classes
[20:12:14] [main/DEBUG] (FabricLoader/Mixin) fabric-lifecycle-events-v1.mixins.json:MinecraftServerMixin from mod fabric-lifecycle-events-v1->@Inject::startSave(ZZZLorg/spongepowered/asm/mixin/injection/callback/CallbackInfoReturnable;)V won't be passed a CallbackInfoReturnable as a result
[20:12:14] [main/DEBUG] (FabricLoader/Mixin) fabric-lifecycle-events-v1.mixins.json:MinecraftServerMixin from mod fabric-lifecycle-events-v1->@Inject::endSave(ZZZLorg/spongepowered/asm/mixin/injection/callback/CallbackInfoReturnable;)V doesn't use it's CallbackInfoReturnable
[20:12:14] [main/DEBUG] (FabricLoader/Mixin) fabric-lifecycle-events-v1.mixins.json:MinecraftServerMixin from mod fabric-lifecycle-events-v1->@Inject::endSave(ZZZLorg/spongepowered/asm/mixin/injection/callback/CallbackInfoReturnable;)V has 0 override(s) in child classes
[20:12:14] [main/DEBUG] (FabricLoader/Mixin) fabric-lifecycle-events-v1.mixins.json:MinecraftServerMixin from mod fabric-lifecycle-events-v1->@Inject::endSave(ZZZLorg/spongepowered/asm/mixin/injection/callback/CallbackInfoReturnable;)V won't be passed a CallbackInfoReturnable as a result
[20:12:14] [main/DEBUG] (FabricLoader/Mixin) fabric-resource-loader-v0.mixins.json:MinecraftServerMixin from mod fabric-resource-loader-v0->@Inject::init(Ljava/lang/Thread;Lnet/minecraft/world/level/storage/LevelStorage$Session;Lnet/minecraft/resource/ResourcePackManager;Lnet/minecraft/server/SaveLoader;Ljava/net/Proxy;Lcom/mojang/datafixers/DataFixer;Lnet/minecraft/util/ApiServices;Lnet/minecraft/server/WorldGenerationProgressListenerFactory;Lorg/spongepowered/asm/mixin/injection/callback/CallbackInfo;)V doesn't use it's CallbackInfo
[20:12:14] [main/DEBUG] (FabricLoader/Mixin) fabric-resource-loader-v0.mixins.json:MinecraftServerMixin from mod fabric-resource-loader-v0->@Inject::init(Ljava/lang/Thread;Lnet/minecraft/world/level/storage/LevelStorage$Session;Lnet/minecraft/resource/ResourcePackManager;Lnet/minecraft/server/SaveLoader;Ljava/net/Proxy;Lcom/mojang/datafixers/DataFixer;Lnet/minecraft/util/ApiServices;Lnet/minecraft/server/WorldGenerationProgressListenerFactory;Lorg/spongepowered/asm/mixin/injection/callback/CallbackInfo;)V has 0 override(s) in child classes
[20:12:14] [main/DEBUG] (FabricLoader/Mixin) fabric-resource-loader-v0.mixins.json:MinecraftServerMixin from mod fabric-resource-loader-v0->@Inject::init(Ljava/lang/Thread;Lnet/minecraft/world/level/storage/LevelStorage$Session;Lnet/minecraft/resource/ResourcePackManager;Lnet/minecraft/server/SaveLoader;Ljava/net/Proxy;Lcom/mojang/datafixers/DataFixer;Lnet/minecraft/util/ApiServices;Lnet/minecraft/server/WorldGenerationProgressListenerFactory;Lorg/spongepowered/asm/mixin/injection/callback/CallbackInfo;)V won't be passed a CallbackInfo as a result
[20:12:14] [main/DEBUG] (FabricLoader/Mixin) fabric-biome-api-v1.mixins.json:modification.MinecraftServerMixin from mod fabric-biome-api-v1->@Inject::finalizeWorldGen(Lorg/spongepowered/asm/mixin/injection/callback/CallbackInfo;)V doesn't use it's CallbackInfo
[20:12:14] [main/DEBUG] (FabricLoader/Mixin) fabric-biome-api-v1.mixins.json:modification.MinecraftServerMixin from mod fabric-biome-api-v1->@Inject::finalizeWorldGen(Lorg/spongepowered/asm/mixin/injection/callback/CallbackInfo;)V has 0 override(s) in child classes
[20:12:14] [main/DEBUG] (FabricLoader/Mixin) fabric-biome-api-v1.mixins.json:modification.MinecraftServerMixin from mod fabric-biome-api-v1->@Inject::finalizeWorldGen(Lorg/spongepowered/asm/mixin/injection/callback/CallbackInfo;)V won't be passed a CallbackInfo as a result
[20:12:15] [main/DEBUG] (FabricLoader/Mixin) Mixing KeyBindingAccessor from fabric-events-interaction-v0.client.mixins.json into net.minecraft.client.option.KeyBinding
[20:12:15] [main/DEBUG] (FabricLoader/Mixin) Mixing KeyBindingAccessor from fabric-key-binding-api-v1.mixins.json into net.minecraft.client.option.KeyBinding
[20:12:15] [main/DEBUG] (FabricLoader/Mixin) Renaming @Accessor method fabric_getCategoryMap()Ljava/util/Map; to fabric_getCategoryMap$fabric-key-binding-api-v1_$md$24ae71$0 in fabric-key-binding-api-v1.mixins.json:KeyBindingAccessor from mod fabric-key-binding-api-v1
[20:12:15] [main/DEBUG] (FabricLoader/Mixin) Mixing DefaultAttributeRegistryAccessor from fabric-object-builder-v1.mixins.json into net.minecraft.entity.attribute.DefaultAttributeRegistry
[20:12:15] [main/DEBUG] (FabricLoader/Mixin) Renaming @Accessor method getRegistry()Ljava/util/Map; to getRegistry$fabric-object-builder-api-v1_$md$24ae71$0 in fabric-object-builder-v1.mixins.json:DefaultAttributeRegistryAccessor from mod fabric-object-builder-api-v1
[20:12:15] [main/DEBUG] (FabricLoader/Mixin) Mixing DefaultAttributeRegistryMixin from fabric-object-builder-v1.mixins.json into net.minecraft.entity.attribute.DefaultAttributeRegistry
[20:12:15] [main/DEBUG] (FabricLoader/Mixin) fabric-object-builder-v1.mixins.json:DefaultAttributeRegistryMixin from mod fabric-object-builder-api-v1->@Inject::injectAttributes(Lorg/spongepowered/asm/mixin/injection/callback/CallbackInfo;)V doesn't use it's CallbackInfo
[20:12:15] [Render thread/DEBUG] (FabricLoader/Mixin) Mixing MinecraftClientMixin from fabric-registry-sync-v0.client.mixins.json into net.minecraft.client.MinecraftClient
[20:12:15] [Render thread/DEBUG] (FabricLoader/Mixin) Mixing MinecraftClientMixin from fabric-events-interaction-v0.client.mixins.json into net.minecraft.client.MinecraftClient
[20:12:15] [Render thread/DEBUG] (FabricLoader/Mixin) Mixing accessor.MinecraftClientAccessor from fabric-networking-api-v1.client.mixins.json into net.minecraft.client.MinecraftClient
[20:12:15] [Render thread/DEBUG] (FabricLoader/Mixin) Mixing MinecraftClientMixin from fabric-lifecycle-events-v1.client.mixins.json into net.minecraft.client.MinecraftClient
[20:12:15] [Render thread/DEBUG] (FabricLoader/Mixin) Mixing MinecraftClientMixin from fabric-data-generation-api-v1.client.mixins.json into net.minecraft.client.MinecraftClient
[20:12:15] [Render thread/DEBUG] (FabricLoader/Mixin) Mixing client.MinecraftClientMixin from vurstvisual.mixins.json into net.minecraft.client.MinecraftClient
[20:12:15] [Render thread/DEBUG] (FabricLoader/Mixin) Mixing MinecraftClientMixin from fabric-screen-api-v1.mixins.json into net.minecraft.client.MinecraftClient
[20:12:15] [Render thread/DEBUG] (FabricLoader/Mixin) Renaming @Unique field LOGGERLorg/slf4j/Logger; to fd24ae71$fabric-screen-api-v1$LOGGER$0 in fabric-screen-api-v1.mixins.json:MinecraftClientMixin from mod fabric-screen-api-v1
[20:12:15] [Render thread/DEBUG] (FabricLoader/Mixin) fabric-registry-sync-v0.client.mixins.json:MinecraftClientMixin from mod fabric-registry-sync-v0->@Inject::disconnectAfter(Lnet/minecraft/client/gui/screen/Screen;ZLorg/spongepowered/asm/mixin/injection/callback/CallbackInfo;)V doesn't use it's CallbackInfo
[20:12:15] [Render thread/DEBUG] (FabricLoader/Mixin) fabric-registry-sync-v0.client.mixins.json:MinecraftClientMixin from mod fabric-registry-sync-v0->@Inject::disconnectAfter(Lnet/minecraft/client/gui/screen/Screen;ZLorg/spongepowered/asm/mixin/injection/callback/CallbackInfo;)V has 0 override(s) in child classes
[20:12:15] [Render thread/DEBUG] (FabricLoader/Mixin) fabric-registry-sync-v0.client.mixins.json:MinecraftClientMixin from mod fabric-registry-sync-v0->@Inject::disconnectAfter(Lnet/minecraft/client/gui/screen/Screen;ZLorg/spongepowered/asm/mixin/injection/callback/CallbackInfo;)V won't be passed a CallbackInfo as a result
[20:12:15] [Render thread/DEBUG] (FabricLoader/Mixin) fabric-registry-sync-v0.client.mixins.json:MinecraftClientMixin from mod fabric-registry-sync-v0->@Inject::afterModInit(Lorg/spongepowered/asm/mixin/injection/callback/CallbackInfo;)V doesn't use it's CallbackInfo
[20:12:15] [Render thread/DEBUG] (FabricLoader/Mixin) fabric-registry-sync-v0.client.mixins.json:MinecraftClientMixin from mod fabric-registry-sync-v0->@Inject::afterModInit(Lorg/spongepowered/asm/mixin/injection/callback/CallbackInfo;)V has 0 override(s) in child classes
[20:12:15] [Render thread/DEBUG] (FabricLoader/Mixin) fabric-registry-sync-v0.client.mixins.json:MinecraftClientMixin from mod fabric-registry-sync-v0->@Inject::afterModInit(Lorg/spongepowered/asm/mixin/injection/callback/CallbackInfo;)V won't be passed a CallbackInfo as a result
[20:12:15] [Render thread/DEBUG] (FabricLoader/Mixin) fabric-events-interaction-v0.client.mixins.json:MinecraftClientMixin from mod fabric-events-interaction-v0->@Inject::injectUseEntityCallback(Lorg/spongepowered/asm/mixin/injection/callback/CallbackInfo;[Lnet/minecraft/util/Hand;IILnet/minecraft/util/Hand;Lnet/minecraft/item/ItemStack;Lnet/minecraft/util/hit/EntityHitResult;Lnet/minecraft/entity/Entity;)V does use it's CallbackInfo
[20:12:15] [Render thread/DEBUG] (FabricLoader/Mixin) fabric-events-interaction-v0.client.mixins.json:MinecraftClientMixin from mod fabric-events-interaction-v0->@Inject::injectHandleInputEventsForPreAttackCallback(Lorg/spongepowered/asm/mixin/injection/callback/CallbackInfo;)V doesn't use it's CallbackInfo
[20:12:15] [Render thread/DEBUG] (FabricLoader/Mixin) fabric-events-interaction-v0.client.mixins.json:MinecraftClientMixin from mod fabric-events-interaction-v0->@Inject::injectHandleInputEventsForPreAttackCallback(Lorg/spongepowered/asm/mixin/injection/callback/CallbackInfo;)V has 0 override(s) in child classes
[20:12:15] [Render thread/DEBUG] (FabricLoader/Mixin) fabric-events-interaction-v0.client.mixins.json:MinecraftClientMixin from mod fabric-events-interaction-v0->@Inject::injectHandleInputEventsForPreAttackCallback(Lorg/spongepowered/asm/mixin/injection/callback/CallbackInfo;)V won't be passed a CallbackInfo as a result
[20:12:15] [Render thread/DEBUG] (FabricLoader/Mixin) fabric-events-interaction-v0.client.mixins.json:MinecraftClientMixin from mod fabric-events-interaction-v0->@Inject::injectDoAttackForCancelling(Lorg/spongepowered/asm/mixin/injection/callback/CallbackInfoReturnable;)V does use it's CallbackInfoReturnable
[20:12:15] [Render thread/DEBUG] (FabricLoader/Mixin) fabric-events-interaction-v0.client.mixins.json:MinecraftClientMixin from mod fabric-events-interaction-v0->@Inject::injectHandleBlockBreakingForCancelling(ZLorg/spongepowered/asm/mixin/injection/callback/CallbackInfo;)V does use it's CallbackInfo
[20:12:15] [Render thread/DEBUG] (FabricLoader/Mixin) fabric-lifecycle-events-v1.client.mixins.json:MinecraftClientMixin from mod fabric-lifecycle-events-v1->@Inject::onStartTick(Lorg/spongepowered/asm/mixin/injection/callback/CallbackInfo;)V doesn't use it's CallbackInfo
[20:12:15] [Render thread/DEBUG] (FabricLoader/Mixin) fabric-lifecycle-events-v1.client.mixins.json:MinecraftClientMixin from mod fabric-lifecycle-events-v1->@Inject::onStartTick(Lorg/spongepowered/asm/mixin/injection/callback/CallbackInfo;)V has 0 override(s) in child classes
[20:12:15] [Render thread/DEBUG] (FabricLoader/Mixin) fabric-lifecycle-events-v1.client.mixins.json:MinecraftClientMixin from mod fabric-lifecycle-events-v1->@Inject::onStartTick(Lorg/spongepowered/asm/mixin/injection/callback/CallbackInfo;)V won't be passed a CallbackInfo as a result
[20:12:15] [Render thread/DEBUG] (FabricLoader/Mixin) fabric-lifecycle-events-v1.client.mixins.json:MinecraftClientMixin from mod fabric-lifecycle-events-v1->@Inject::onEndTick(Lorg/spongepowered/asm/mixin/injection/callback/CallbackInfo;)V doesn't use it's CallbackInfo
[20:12:15] [Render thread/DEBUG] (FabricLoader/Mixin) fabric-lifecycle-events-v1.client.mixins.json:MinecraftClientMixin from mod fabric-lifecycle-events-v1->@Inject::onEndTick(Lorg/spongepowered/asm/mixin/injection/callback/CallbackInfo;)V has 0 override(s) in child classes
[20:12:15] [Render thread/DEBUG] (FabricLoader/Mixin) fabric-lifecycle-events-v1.client.mixins.json:MinecraftClientMixin from mod fabric-lifecycle-events-v1->@Inject::onEndTick(Lorg/spongepowered/asm/mixin/injection/callback/CallbackInfo;)V won't be passed a CallbackInfo as a result
[20:12:15] [Render thread/DEBUG] (FabricLoader/Mixin) fabric-lifecycle-events-v1.client.mixins.json:MinecraftClientMixin from mod fabric-lifecycle-events-v1->@Inject::onStopping(Lorg/spongepowered/asm/mixin/injection/callback/CallbackInfo;)V doesn't use it's CallbackInfo
[20:12:15] [Render thread/DEBUG] (FabricLoader/Mixin) fabric-lifecycle-events-v1.client.mixins.json:MinecraftClientMixin from mod fabric-lifecycle-events-v1->@Inject::onStopping(Lorg/spongepowered/asm/mixin/injection/callback/CallbackInfo;)V has 0 override(s) in child classes
[20:12:15] [Render thread/DEBUG] (FabricLoader/Mixin) fabric-lifecycle-events-v1.client.mixins.json:MinecraftClientMixin from mod fabric-lifecycle-events-v1->@Inject::onStopping(Lorg/spongepowered/asm/mixin/injection/callback/CallbackInfo;)V won't be passed a CallbackInfo as a result
[20:12:15] [Render thread/DEBUG] (FabricLoader/Mixin) fabric-lifecycle-events-v1.client.mixins.json:MinecraftClientMixin from mod fabric-lifecycle-events-v1->@Inject::onStart(Lorg/spongepowered/asm/mixin/injection/callback/CallbackInfo;)V doesn't use it's CallbackInfo
[20:12:15] [Render thread/DEBUG] (FabricLoader/Mixin) fabric-lifecycle-events-v1.client.mixins.json:MinecraftClientMixin from mod fabric-lifecycle-events-v1->@Inject::onStart(Lorg/spongepowered/asm/mixin/injection/callback/CallbackInfo;)V has 0 override(s) in child classes
[20:12:15] [Render thread/DEBUG] (FabricLoader/Mixin) fabric-lifecycle-events-v1.client.mixins.json:MinecraftClientMixin from mod fabric-lifecycle-events-v1->@Inject::onStart(Lorg/spongepowered/asm/mixin/injection/callback/CallbackInfo;)V won't be passed a CallbackInfo as a result
[20:12:15] [Render thread/DEBUG] (FabricLoader/Mixin) fabric-lifecycle-events-v1.client.mixins.json:MinecraftClientMixin from mod fabric-lifecycle-events-v1->@Inject::afterClientWorldChange(Lnet/minecraft/client/world/ClientWorld;Lorg/spongepowered/asm/mixin/injection/callback/CallbackInfo;)V doesn't use it's CallbackInfo
[20:12:15] [Render thread/DEBUG] (FabricLoader/Mixin) fabric-lifecycle-events-v1.client.mixins.json:MinecraftClientMixin from mod fabric-lifecycle-events-v1->@Inject::afterClientWorldChange(Lnet/minecraft/client/world/ClientWorld;Lorg/spongepowered/asm/mixin/injection/callback/CallbackInfo;)V has 0 override(s) in child classes
[20:12:15] [Render thread/DEBUG] (FabricLoader/Mixin) fabric-lifecycle-events-v1.client.mixins.json:MinecraftClientMixin from mod fabric-lifecycle-events-v1->@Inject::afterClientWorldChange(Lnet/minecraft/client/world/ClientWorld;Lorg/spongepowered/asm/mixin/injection/callback/CallbackInfo;)V won't be passed a CallbackInfo as a result
[20:12:15] [Render thread/DEBUG] (FabricLoader/Mixin) fabric-data-generation-api-v1.client.mixins.json:MinecraftClientMixin from mod fabric-data-generation-api-v1->@Inject::main(Lorg/spongepowered/asm/mixin/injection/callback/CallbackInfo;)V doesn't use it's CallbackInfo
[20:12:15] [Render thread/DEBUG] (FabricLoader/Mixin) fabric-data-generation-api-v1.client.mixins.json:MinecraftClientMixin from mod fabric-data-generation-api-v1->@Inject::main(Lorg/spongepowered/asm/mixin/injection/callback/CallbackInfo;)V has 0 override(s) in child classes
[20:12:15] [Render thread/DEBUG] (FabricLoader/Mixin) fabric-data-generation-api-v1.client.mixins.json:MinecraftClientMixin from mod fabric-data-generation-api-v1->@Inject::main(Lorg/spongepowered/asm/mixin/injection/callback/CallbackInfo;)V won't be passed a CallbackInfo as a result
[20:12:15] [Render thread/DEBUG] (FabricLoader/Mixin) vurstvisual.mixins.json:client.MinecraftClientMixin from mod vurstvisual->@Inject::init(Lnet/minecraft/client/RunArgs;Lorg/spongepowered/asm/mixin/injection/callback/CallbackInfo;)V doesn't use it's CallbackInfo
[20:12:15] [Render thread/DEBUG] (FabricLoader/Mixin) vurstvisual.mixins.json:client.MinecraftClientMixin from mod vurstvisual->@Inject::init(Lnet/minecraft/client/RunArgs;Lorg/spongepowered/asm/mixin/injection/callback/CallbackInfo;)V has 0 override(s) in child classes
[20:12:15] [Render thread/DEBUG] (FabricLoader/Mixin) vurstvisual.mixins.json:client.MinecraftClientMixin from mod vurstvisual->@Inject::init(Lnet/minecraft/client/RunArgs;Lorg/spongepowered/asm/mixin/injection/callback/CallbackInfo;)V won't be passed a CallbackInfo as a result
[20:12:15] [Render thread/DEBUG] (FabricLoader/Mixin) vurstvisual.mixins.json:client.MinecraftClientMixin from mod vurstvisual->@Inject::captureResize(Lorg/spongepowered/asm/mixin/injection/callback/CallbackInfo;)V doesn't use it's CallbackInfo
[20:12:15] [Render thread/DEBUG] (FabricLoader/Mixin) vurstvisual.mixins.json:client.MinecraftClientMixin from mod vurstvisual->@Inject::captureResize(Lorg/spongepowered/asm/mixin/injection/callback/CallbackInfo;)V has 0 override(s) in child classes
[20:12:15] [Render thread/DEBUG] (FabricLoader/Mixin) vurstvisual.mixins.json:client.MinecraftClientMixin from mod vurstvisual->@Inject::captureResize(Lorg/spongepowered/asm/mixin/injection/callback/CallbackInfo;)V won't be passed a CallbackInfo as a result
[20:12:15] [Render thread/DEBUG] (FabricLoader/Mixin) vurstvisual.mixins.json:client.MinecraftClientMixin from mod vurstvisual->@Inject::forceFocusForAutoResell(Lorg/spongepowered/asm/mixin/injection/callback/CallbackInfoReturnable;)V does use it's CallbackInfoReturnable
[20:12:15] [Render thread/DEBUG] (FabricLoader/Mixin) vurstvisual.mixins.json:client.MinecraftClientMixin from mod vurstvisual->@Inject::closeStuckTerrainScreen(Lorg/spongepowered/asm/mixin/injection/callback/CallbackInfo;)V doesn't use it's CallbackInfo
[20:12:15] [Render thread/DEBUG] (FabricLoader/Mixin) vurstvisual.mixins.json:client.MinecraftClientMixin from mod vurstvisual->@Inject::closeStuckTerrainScreen(Lorg/spongepowered/asm/mixin/injection/callback/CallbackInfo;)V has 0 override(s) in child classes
[20:12:15] [Render thread/DEBUG] (FabricLoader/Mixin) vurstvisual.mixins.json:client.MinecraftClientMixin from mod vurstvisual->@Inject::closeStuckTerrainScreen(Lorg/spongepowered/asm/mixin/injection/callback/CallbackInfo;)V won't be passed a CallbackInfo as a result
[20:12:15] [Render thread/DEBUG] (FabricLoader/Mixin) fabric-screen-api-v1.mixins.json:MinecraftClientMixin from mod fabric-screen-api-v1->@Inject::checkThreadOnDev(Lnet/minecraft/client/gui/screen/Screen;Lorg/spongepowered/asm/mixin/injection/callback/CallbackInfo;)V doesn't use it's CallbackInfo
[20:12:15] [Render thread/DEBUG] (FabricLoader/Mixin) fabric-screen-api-v1.mixins.json:MinecraftClientMixin from mod fabric-screen-api-v1->@Inject::checkThreadOnDev(Lnet/minecraft/client/gui/screen/Screen;Lorg/spongepowered/asm/mixin/injection/callback/CallbackInfo;)V has 0 override(s) in child classes
[20:12:15] [Render thread/DEBUG] (FabricLoader/Mixin) fabric-screen-api-v1.mixins.json:MinecraftClientMixin from mod fabric-screen-api-v1->@Inject::checkThreadOnDev(Lnet/minecraft/client/gui/screen/Screen;Lorg/spongepowered/asm/mixin/injection/callback/CallbackInfo;)V won't be passed a CallbackInfo as a result
[20:12:15] [Render thread/DEBUG] (FabricLoader/Mixin) fabric-screen-api-v1.mixins.json:MinecraftClientMixin from mod fabric-screen-api-v1->@Inject::onScreenRemove(Lnet/minecraft/client/gui/screen/Screen;Lorg/spongepowered/asm/mixin/injection/callback/CallbackInfo;)V doesn't use it's CallbackInfo
[20:12:15] [Render thread/DEBUG] (FabricLoader/Mixin) fabric-screen-api-v1.mixins.json:MinecraftClientMixin from mod fabric-screen-api-v1->@Inject::onScreenRemove(Lnet/minecraft/client/gui/screen/Screen;Lorg/spongepowered/asm/mixin/injection/callback/CallbackInfo;)V has 0 override(s) in child classes
[20:12:15] [Render thread/DEBUG] (FabricLoader/Mixin) fabric-screen-api-v1.mixins.json:MinecraftClientMixin from mod fabric-screen-api-v1->@Inject::onScreenRemove(Lnet/minecraft/client/gui/screen/Screen;Lorg/spongepowered/asm/mixin/injection/callback/CallbackInfo;)V won't be passed a CallbackInfo as a result
[20:12:15] [Render thread/DEBUG] (FabricLoader/Mixin) fabric-screen-api-v1.mixins.json:MinecraftClientMixin from mod fabric-screen-api-v1->@Inject::onScreenRemoveBecauseStopping(Lorg/spongepowered/asm/mixin/injection/callback/CallbackInfo;)V doesn't use it's CallbackInfo
[20:12:15] [Render thread/DEBUG] (FabricLoader/Mixin) fabric-screen-api-v1.mixins.json:MinecraftClientMixin from mod fabric-screen-api-v1->@Inject::onScreenRemoveBecauseStopping(Lorg/spongepowered/asm/mixin/injection/callback/CallbackInfo;)V has 0 override(s) in child classes
[20:12:15] [Render thread/DEBUG] (FabricLoader/Mixin) fabric-screen-api-v1.mixins.json:MinecraftClientMixin from mod fabric-screen-api-v1->@Inject::onScreenRemoveBecauseStopping(Lorg/spongepowered/asm/mixin/injection/callback/CallbackInfo;)V won't be passed a CallbackInfo as a result
[20:12:15] [Render thread/DEBUG] (FabricLoader/Mixin) fabric-screen-api-v1.mixins.json:MinecraftClientMixin from mod fabric-screen-api-v1->@Inject::beforeScreenTick(Lorg/spongepowered/asm/mixin/injection/callback/CallbackInfo;)V doesn't use it's CallbackInfo
[20:12:15] [Render thread/DEBUG] (FabricLoader/Mixin) fabric-screen-api-v1.mixins.json:MinecraftClientMixin from mod fabric-screen-api-v1->@Inject::beforeScreenTick(Lorg/spongepowered/asm/mixin/injection/callback/CallbackInfo;)V has 0 override(s) in child classes
[20:12:15] [Render thread/DEBUG] (FabricLoader/Mixin) fabric-screen-api-v1.mixins.json:MinecraftClientMixin from mod fabric-screen-api-v1->@Inject::beforeScreenTick(Lorg/spongepowered/asm/mixin/injection/callback/CallbackInfo;)V won't be passed a CallbackInfo as a result
[20:12:15] [Render thread/DEBUG] (FabricLoader/Mixin) fabric-screen-api-v1.mixins.json:MinecraftClientMixin from mod fabric-screen-api-v1->@Inject::afterScreenTick(Lorg/spongepowered/asm/mixin/injection/callback/CallbackInfo;)V doesn't use it's CallbackInfo
[20:12:15] [Render thread/DEBUG] (FabricLoader/Mixin) fabric-screen-api-v1.mixins.json:MinecraftClientMixin from mod fabric-screen-api-v1->@Inject::afterScreenTick(Lorg/spongepowered/asm/mixin/injection/callback/CallbackInfo;)V has 0 override(s) in child classes
[20:12:15] [Render thread/DEBUG] (FabricLoader/Mixin) fabric-screen-api-v1.mixins.json:MinecraftClientMixin from mod fabric-screen-api-v1->@Inject::afterScreenTick(Lorg/spongepowered/asm/mixin/injection/callback/CallbackInfo;)V won't be passed a CallbackInfo as a result
[20:12:15] [Render thread/DEBUG] (FabricLoader/Mixin) fabric-screen-api-v1.mixins.json:MinecraftClientMixin from mod fabric-screen-api-v1->@Inject::beforeLoadingScreenTick(Lorg/spongepowered/asm/mixin/injection/callback/CallbackInfo;)V doesn't use it's CallbackInfo
[20:12:15] [Render thread/DEBUG] (FabricLoader/Mixin) fabric-screen-api-v1.mixins.json:MinecraftClientMixin from mod fabric-screen-api-v1->@Inject::beforeLoadingScreenTick(Lorg/spongepowered/asm/mixin/injection/callback/CallbackInfo;)V has 0 override(s) in child classes
[20:12:15] [Render thread/DEBUG] (FabricLoader/Mixin) fabric-screen-api-v1.mixins.json:MinecraftClientMixin from mod fabric-screen-api-v1->@Inject::beforeLoadingScreenTick(Lorg/spongepowered/asm/mixin/injection/callback/CallbackInfo;)V won't be passed a CallbackInfo as a result
[20:12:15] [Render thread/DEBUG] (FabricLoader/Mixin) fabric-screen-api-v1.mixins.json:MinecraftClientMixin from mod fabric-screen-api-v1->@Inject::afterLoadingScreenTick(Lorg/spongepowered/asm/mixin/injection/callback/CallbackInfo;)V doesn't use it's CallbackInfo
[20:12:15] [Render thread/DEBUG] (FabricLoader/Mixin) fabric-screen-api-v1.mixins.json:MinecraftClientMixin from mod fabric-screen-api-v1->@Inject::afterLoadingScreenTick(Lorg/spongepowered/asm/mixin/injection/callback/CallbackInfo;)V has 0 override(s) in child classes
[20:12:15] [Render thread/DEBUG] (FabricLoader/Mixin) fabric-screen-api-v1.mixins.json:MinecraftClientMixin from mod fabric-screen-api-v1->@Inject::afterLoadingScreenTick(Lorg/spongepowered/asm/mixin/injection/callback/CallbackInfo;)V won't be passed a CallbackInfo as a result
[20:12:15] [Render thread/DEBUG] (FabricLoader/Mixin) Mixing client.render.ScreenMixin from vurstvisual.mixins.json into net.minecraft.client.gui.screen.Screen
[20:12:15] [Render thread/DEBUG] (FabricLoader/Mixin) Mixing ScreenAccessor from fabric-screen-api-v1.mixins.json into net.minecraft.client.gui.screen.Screen
[20:12:15] [Render thread/DEBUG] (FabricLoader/Mixin) Mixing ScreenMixin from fabric-screen-api-v1.mixins.json into net.minecraft.client.gui.screen.Screen
[20:12:15] [Render thread/DEBUG] (FabricLoader/Mixin) vurstvisual.mixins.json:client.render.ScreenMixin from mod vurstvisual->@Inject::vurstvisual$resetRenderStateBeforeBackground(Lnet/minecraft/client/gui/DrawContext;IIFLorg/spongepowered/asm/mixin/injection/callback/CallbackInfo;)V does use it's CallbackInfo
[20:12:15] [Render thread/DEBUG] (FabricLoader/Mixin) vurstvisual.mixins.json:client.render.ScreenMixin from mod vurstvisual->@Inject::vurstvisual$resetRenderStateBeforeInGameBackground(Lnet/minecraft/client/gui/DrawContext;Lorg/spongepowered/asm/mixin/injection/callback/CallbackInfo;)V does use it's CallbackInfo
[20:12:15] [Render thread/DEBUG] (FabricLoader/Mixin) vurstvisual.mixins.json:client.render.ScreenMixin from mod vurstvisual->@Inject::vurstvisual$resetRenderStateForGui(Lnet/minecraft/client/gui/DrawContext;IIFLorg/spongepowered/asm/mixin/injection/callback/CallbackInfo;)V doesn't use it's CallbackInfo
[20:12:15] [Render thread/DEBUG] (FabricLoader/Mixin) vurstvisual.mixins.json:client.render.ScreenMixin from mod vurstvisual->@Inject::vurstvisual$resetRenderStateForGui(Lnet/minecraft/client/gui/DrawContext;IIFLorg/spongepowered/asm/mixin/injection/callback/CallbackInfo;)V has 0 override(s) in child classes
[20:12:15] [Render thread/DEBUG] (FabricLoader/Mixin) vurstvisual.mixins.json:client.render.ScreenMixin from mod vurstvisual->@Inject::vurstvisual$resetRenderStateForGui(Lnet/minecraft/client/gui/DrawContext;IIFLorg/spongepowered/asm/mixin/injection/callback/CallbackInfo;)V won't be passed a CallbackInfo as a result
[20:12:15] [Render thread/DEBUG] (FabricLoader/Mixin) vurstvisual.mixins.json:client.render.ScreenMixin from mod vurstvisual->@Inject::vurstvisual$restoreRenderStateAfterGui(Lnet/minecraft/client/gui/DrawContext;IIFLorg/spongepowered/asm/mixin/injection/callback/CallbackInfo;)V doesn't use it's CallbackInfo
[20:12:15] [Render thread/DEBUG] (FabricLoader/Mixin) vurstvisual.mixins.json:client.render.ScreenMixin from mod vurstvisual->@Inject::vurstvisual$restoreRenderStateAfterGui(Lnet/minecraft/client/gui/DrawContext;IIFLorg/spongepowered/asm/mixin/injection/callback/CallbackInfo;)V has 0 override(s) in child classes
[20:12:15] [Render thread/DEBUG] (FabricLoader/Mixin) vurstvisual.mixins.json:client.render.ScreenMixin from mod vurstvisual->@Inject::vurstvisual$restoreRenderStateAfterGui(Lnet/minecraft/client/gui/DrawContext;IIFLorg/spongepowered/asm/mixin/injection/callback/CallbackInfo;)V won't be passed a CallbackInfo as a result
[20:12:15] [Render thread/DEBUG] (FabricLoader/Mixin) fabric-screen-api-v1.mixins.json:ScreenMixin from mod fabric-screen-api-v1->@Inject::beforeInitScreen(Lnet/minecraft/client/MinecraftClient;IILorg/spongepowered/asm/mixin/injection/callback/CallbackInfo;)V doesn't use it's CallbackInfo
[20:12:15] [Render thread/DEBUG] (FabricLoader/Mixin) fabric-screen-api-v1.mixins.json:ScreenMixin from mod fabric-screen-api-v1->@Inject::beforeInitScreen(Lnet/minecraft/client/MinecraftClient;IILorg/spongepowered/asm/mixin/injection/callback/CallbackInfo;)V has 0 override(s) in child classes
[20:12:15] [Render thread/DEBUG] (FabricLoader/Mixin) fabric-screen-api-v1.mixins.json:ScreenMixin from mod fabric-screen-api-v1->@Inject::beforeInitScreen(Lnet/minecraft/client/MinecraftClient;IILorg/spongepowered/asm/mixin/injection/callback/CallbackInfo;)V won't be passed a CallbackInfo as a result
[20:12:15] [Render thread/DEBUG] (FabricLoader/Mixin) fabric-screen-api-v1.mixins.json:ScreenMixin from mod fabric-screen-api-v1->@Inject::afterInitScreen(Lnet/minecraft/client/MinecraftClient;IILorg/spongepowered/asm/mixin/injection/callback/CallbackInfo;)V doesn't use it's CallbackInfo
[20:12:15] [Render thread/DEBUG] (FabricLoader/Mixin) fabric-screen-api-v1.mixins.json:ScreenMixin from mod fabric-screen-api-v1->@Inject::afterInitScreen(Lnet/minecraft/client/MinecraftClient;IILorg/spongepowered/asm/mixin/injection/callback/CallbackInfo;)V has 0 override(s) in child classes
[20:12:15] [Render thread/DEBUG] (FabricLoader/Mixin) fabric-screen-api-v1.mixins.json:ScreenMixin from mod fabric-screen-api-v1->@Inject::afterInitScreen(Lnet/minecraft/client/MinecraftClient;IILorg/spongepowered/asm/mixin/injection/callback/CallbackInfo;)V won't be passed a CallbackInfo as a result
[20:12:15] [Render thread/DEBUG] (FabricLoader/Mixin) fabric-screen-api-v1.mixins.json:ScreenMixin from mod fabric-screen-api-v1->@Inject::beforeResizeScreen(Lnet/minecraft/client/MinecraftClient;IILorg/spongepowered/asm/mixin/injection/callback/CallbackInfo;)V doesn't use it's CallbackInfo
[20:12:15] [Render thread/DEBUG] (FabricLoader/Mixin) fabric-screen-api-v1.mixins.json:ScreenMixin from mod fabric-screen-api-v1->@Inject::beforeResizeScreen(Lnet/minecraft/client/MinecraftClient;IILorg/spongepowered/asm/mixin/injection/callback/CallbackInfo;)V has 0 override(s) in child classes
[20:12:15] [Render thread/DEBUG] (FabricLoader/Mixin) fabric-screen-api-v1.mixins.json:ScreenMixin from mod fabric-screen-api-v1->@Inject::beforeResizeScreen(Lnet/minecraft/client/MinecraftClient;IILorg/spongepowered/asm/mixin/injection/callback/CallbackInfo;)V won't be passed a CallbackInfo as a result
[20:12:15] [Render thread/DEBUG] (FabricLoader/Mixin) fabric-screen-api-v1.mixins.json:ScreenMixin from mod fabric-screen-api-v1->@Inject::afterResizeScreen(Lnet/minecraft/client/MinecraftClient;IILorg/spongepowered/asm/mixin/injection/callback/CallbackInfo;)V doesn't use it's CallbackInfo
[20:12:15] [Render thread/DEBUG] (FabricLoader/Mixin) fabric-screen-api-v1.mixins.json:ScreenMixin from mod fabric-screen-api-v1->@Inject::afterResizeScreen(Lnet/minecraft/client/MinecraftClient;IILorg/spongepowered/asm/mixin/injection/callback/CallbackInfo;)V has 0 override(s) in child classes
[20:12:15] [Render thread/DEBUG] (FabricLoader/Mixin) fabric-screen-api-v1.mixins.json:ScreenMixin from mod fabric-screen-api-v1->@Inject::afterResizeScreen(Lnet/minecraft/client/MinecraftClient;IILorg/spongepowered/asm/mixin/injection/callback/CallbackInfo;)V won't be passed a CallbackInfo as a result
[20:12:15] [Render thread/DEBUG] (FabricLoader/Mixin) Mixing client.render.gui.screen.ChatScreenMixin from vurstvisual.mixins.json into net.minecraft.client.gui.screen.ChatScreen
[20:12:15] [Render thread/DEBUG] (FabricLoader/Mixin) vurstvisual.mixins.json:client.render.gui.screen.ChatScreenMixin from mod vurstvisual->@Inject::onSendMessage(Ljava/lang/String;ZLorg/spongepowered/asm/mixin/injection/callback/CallbackInfo;)V doesn't use it's CallbackInfo
[20:12:15] [Render thread/DEBUG] (FabricLoader/Mixin) vurstvisual.mixins.json:client.render.gui.screen.ChatScreenMixin from mod vurstvisual->@Inject::onSendMessage(Ljava/lang/String;ZLorg/spongepowered/asm/mixin/injection/callback/CallbackInfo;)V has 0 override(s) in child classes
[20:12:15] [Render thread/DEBUG] (FabricLoader/Mixin) vurstvisual.mixins.json:client.render.gui.screen.ChatScreenMixin from mod vurstvisual->@Inject::onSendMessage(Ljava/lang/String;ZLorg/spongepowered/asm/mixin/injection/callback/CallbackInfo;)V won't be passed a CallbackInfo as a result
[20:12:15] [Render thread/DEBUG] (FabricLoader/Mixin) Mixing client.ClientPlayerEntityMixin from vurstvisual.mixins.json into net.minecraft.client.network.ClientPlayerEntity
[20:12:15] [Render thread/DEBUG] (FabricLoader/Mixin) vurstvisual.mixins.json:client.ClientPlayerEntityMixin from mod vurstvisual->@Inject::tick(Lorg/spongepowered/asm/mixin/injection/callback/CallbackInfo;)V doesn't use it's CallbackInfo
[20:12:15] [Render thread/DEBUG] (FabricLoader/Mixin) vurstvisual.mixins.json:client.ClientPlayerEntityMixin from mod vurstvisual->@Inject::tick(Lorg/spongepowered/asm/mixin/injection/callback/CallbackInfo;)V has 0 override(s) in child classes
[20:12:15] [Render thread/DEBUG] (FabricLoader/Mixin) vurstvisual.mixins.json:client.ClientPlayerEntityMixin from mod vurstvisual->@Inject::tick(Lorg/spongepowered/asm/mixin/injection/callback/CallbackInfo;)V won't be passed a CallbackInfo as a result
[20:12:15] [Render thread/DEBUG] (FabricLoader/Mixin) vurstvisual.mixins.json:client.ClientPlayerEntityMixin from mod vurstvisual->@Inject::onDropSelectedItem(ZLorg/spongepowered/asm/mixin/injection/callback/CallbackInfoReturnable;)V does use it's CallbackInfoReturnable
[20:12:15] [Render thread/DEBUG] (FabricLoader/Mixin) vurstvisual.mixins.json:client.ClientPlayerEntityMixin from mod vurstvisual->@Inject::closeHandledScreenHook(Lorg/spongepowered/asm/mixin/injection/callback/CallbackInfo;)V does use it's CallbackInfo
[20:12:15] [Render thread/DEBUG] (FabricLoader/Mixin) vurstvisual.mixins.json:client.ClientPlayerEntityMixin from mod vurstvisual->@Inject::onMoveHook(Lnet/minecraft/entity/MovementType;Lnet/minecraft/util/math/Vec3d;Lorg/spongepowered/asm/mixin/injection/callback/CallbackInfo;)V does use it's CallbackInfo
[20:12:15] [Render thread/DEBUG] (FabricLoader/Mixin) Mixing client.AbstractClientPlayerEntityMixin from vurstvisual.mixins.json into net.minecraft.client.network.AbstractClientPlayerEntity
[20:12:15] [Render thread/DEBUG] (FabricLoader/Mixin) vurstvisual.mixins.json:client.AbstractClientPlayerEntityMixin from mod vurstvisual->@Inject::overrideCapeTexture(Lorg/spongepowered/asm/mixin/injection/callback/CallbackInfoReturnable;)V does use it's CallbackInfoReturnable
[20:12:15] [Render thread/DEBUG] (FabricLoader/Mixin) Mixing client.render.gui.screen.GameMenuScreenMixin from vurstvisual.mixins.json into net.minecraft.client.gui.screen.GameMenuScreen
[20:12:15] [Render thread/DEBUG] (FabricLoader/Mixin) Renaming synthetic method lambda$vurstvisual$confirmDisconnect$0(Z)V to md24ae71$vurstvisual$lambda$vurstvisual$confirmDisconnect$0$0 in vurstvisual.mixins.json:client.render.gui.screen.GameMenuScreenMixin from mod vurstvisual
[20:12:15] [Render thread/DEBUG] (FabricLoader/Mixin) vurstvisual.mixins.json:client.render.gui.screen.GameMenuScreenMixin from mod vurstvisual->@Inject::vurstvisual$confirmDisconnect(Lorg/spongepowered/asm/mixin/injection/callback/CallbackInfo;)V does use it's CallbackInfo
[20:12:15] [Render thread/DEBUG] (FabricLoader/Mixin) Mixing accessors.HandledScreenAccessor from vurstvisual.mixins.json into net.minecraft.client.gui.screen.ingame.HandledScreen
[20:12:15] [Render thread/DEBUG] (FabricLoader/Mixin) Mixing client.HandledScreenAnimationMixin from vurstvisual.mixins.json into net.minecraft.client.gui.screen.ingame.HandledScreen
[20:12:15] [Render thread/DEBUG] (FabricLoader/Mixin) Mixing client.HandledScreenMixin from vurstvisual.mixins.json into net.minecraft.client.gui.screen.ingame.HandledScreen
[20:12:15] [Render thread/DEBUG] (FabricLoader/Mixin) Mixing HandledScreenMixin from fabric-screen-api-v1.mixins.json into net.minecraft.client.gui.screen.ingame.HandledScreen
[20:12:15] [Render thread/DEBUG] (FabricLoader/Mixin) vurstvisual.mixins.json:client.HandledScreenAnimationMixin from mod vurstvisual->@Inject::vurstvisual$onRenderPre(Lnet/minecraft/client/gui/DrawContext;IIFLorg/spongepowered/asm/mixin/injection/callback/CallbackInfo;)V does use it's CallbackInfo
[20:12:15] [Render thread/DEBUG] (FabricLoader/Mixin) vurstvisual.mixins.json:client.HandledScreenAnimationMixin from mod vurstvisual->@Inject::vurstvisual$onRenderPost(Lnet/minecraft/client/gui/DrawContext;IIFLorg/spongepowered/asm/mixin/injection/callback/CallbackInfo;)V doesn't use it's CallbackInfo
[20:12:15] [Render thread/DEBUG] (FabricLoader/Mixin) vurstvisual.mixins.json:client.HandledScreenAnimationMixin from mod vurstvisual->@Inject::vurstvisual$onRenderPost(Lnet/minecraft/client/gui/DrawContext;IIFLorg/spongepowered/asm/mixin/injection/callback/CallbackInfo;)V has 0 override(s) in child classes
[20:12:15] [Render thread/DEBUG] (FabricLoader/Mixin) vurstvisual.mixins.json:client.HandledScreenAnimationMixin from mod vurstvisual->@Inject::vurstvisual$onRenderPost(Lnet/minecraft/client/gui/DrawContext;IIFLorg/spongepowered/asm/mixin/injection/callback/CallbackInfo;)V won't be passed a CallbackInfo as a result
[20:12:15] [Render thread/DEBUG] (FabricLoader/Mixin) vurstvisual.mixins.json:client.HandledScreenAnimationMixin from mod vurstvisual->@Inject::vurstvisual$onClose(Lorg/spongepowered/asm/mixin/injection/callback/CallbackInfo;)V does use it's CallbackInfo
[20:12:15] [Render thread/DEBUG] (FabricLoader/Mixin) vurstvisual.mixins.json:client.HandledScreenMixin from mod vurstvisual->@Inject::render(Lnet/minecraft/client/gui/DrawContext;IIFLorg/spongepowered/asm/mixin/injection/callback/CallbackInfo;)V doesn't use it's CallbackInfo
[20:12:15] [Render thread/DEBUG] (FabricLoader/Mixin) vurstvisual.mixins.json:client.HandledScreenMixin from mod vurstvisual->@Inject::render(Lnet/minecraft/client/gui/DrawContext;IIFLorg/spongepowered/asm/mixin/injection/callback/CallbackInfo;)V has 0 override(s) in child classes
[20:12:15] [Render thread/DEBUG] (FabricLoader/Mixin) vurstvisual.mixins.json:client.HandledScreenMixin from mod vurstvisual->@Inject::render(Lnet/minecraft/client/gui/DrawContext;IIFLorg/spongepowered/asm/mixin/injection/callback/CallbackInfo;)V won't be passed a CallbackInfo as a result
[20:12:15] [Render thread/DEBUG] (FabricLoader/Mixin) vurstvisual.mixins.json:client.HandledScreenMixin from mod vurstvisual->@Inject::drawSlotHighlight(Lnet/minecraft/client/gui/DrawContext;Lnet/minecraft/screen/slot/Slot;Lorg/spongepowered/asm/mixin/injection/callback/CallbackInfo;)V doesn't use it's CallbackInfo
[20:12:15] [Render thread/DEBUG] (FabricLoader/Mixin) vurstvisual.mixins.json:client.HandledScreenMixin from mod vurstvisual->@Inject::drawSlotHighlight(Lnet/minecraft/client/gui/DrawContext;Lnet/minecraft/screen/slot/Slot;Lorg/spongepowered/asm/mixin/injection/callback/CallbackInfo;)V has 0 override(s) in child classes
[20:12:15] [Render thread/DEBUG] (FabricLoader/Mixin) vurstvisual.mixins.json:client.HandledScreenMixin from mod vurstvisual->@Inject::drawSlotHighlight(Lnet/minecraft/client/gui/DrawContext;Lnet/minecraft/screen/slot/Slot;Lorg/spongepowered/asm/mixin/injection/callback/CallbackInfo;)V won't be passed a CallbackInfo as a result
[20:12:15] [Render thread/DEBUG] (FabricLoader/Mixin) vurstvisual.mixins.json:client.HandledScreenMixin from mod vurstvisual->@Inject::drawSlotCooldown(Lnet/minecraft/client/gui/DrawContext;Lnet/minecraft/screen/slot/Slot;Lorg/spongepowered/asm/mixin/injection/callback/CallbackInfo;)V doesn't use it's CallbackInfo
[20:12:15] [Render thread/DEBUG] (FabricLoader/Mixin) vurstvisual.mixins.json:client.HandledScreenMixin from mod vurstvisual->@Inject::drawSlotCooldown(Lnet/minecraft/client/gui/DrawContext;Lnet/minecraft/screen/slot/Slot;Lorg/spongepowered/asm/mixin/injection/callback/CallbackInfo;)V has 0 override(s) in child classes
[20:12:15] [Render thread/DEBUG] (FabricLoader/Mixin) vurstvisual.mixins.json:client.HandledScreenMixin from mod vurstvisual->@Inject::drawSlotCooldown(Lnet/minecraft/client/gui/DrawContext;Lnet/minecraft/screen/slot/Slot;Lorg/spongepowered/asm/mixin/injection/callback/CallbackInfo;)V won't be passed a CallbackInfo as a result
[20:12:15] [Render thread/DEBUG] (FabricLoader/Mixin) vurstvisual.mixins.json:client.HandledScreenMixin from mod vurstvisual->@Inject::onMouseClick(Lnet/minecraft/screen/slot/Slot;IILnet/minecraft/screen/slot/SlotActionType;Lorg/spongepowered/asm/mixin/injection/callback/CallbackInfo;)V does use it's CallbackInfo
[20:12:15] [Render thread/DEBUG] (FabricLoader/Mixin) fabric-screen-api-v1.mixins.json:HandledScreenMixin from mod fabric-screen-api-v1->@Inject::callSuperMouseReleased(DDILorg/spongepowered/asm/mixin/injection/callback/CallbackInfoReturnable;)V does use it's CallbackInfoReturnable
[20:12:15] [Render thread/DEBUG] (FabricLoader/Mixin) fabric-screen-api-v1.mixins.json:HandledScreenMixin from mod fabric-screen-api-v1->@Inject::callSuperMouseReleased(DDIDDLorg/spongepowered/asm/mixin/injection/callback/CallbackInfoReturnable;)V does use it's CallbackInfoReturnable
[20:12:15] [Render thread/DEBUG] (FabricLoader/Mixin) Mixing VanillaResourcePackProviderMixin from fabric-resource-loader-v0.client.mixins.json into net.minecraft.resource.VanillaResourcePackProvider
[20:12:15] [Render thread/DEBUG] (FabricLoader/Mixin) fabric-resource-loader-v0.client.mixins.json:VanillaResourcePackProviderMixin from mod fabric-resource-loader-v0->@Inject::addBuiltinResourcePacks(Ljava/util/function/Consumer;Lorg/spongepowered/asm/mixin/injection/callback/CallbackInfo;)V doesn't use it's CallbackInfo
[20:12:15] [Render thread/DEBUG] (FabricLoader/Mixin) fabric-resource-loader-v0.client.mixins.json:VanillaResourcePackProviderMixin from mod fabric-resource-loader-v0->@Inject::addBuiltinResourcePacks(Ljava/util/function/Consumer;Lorg/spongepowered/asm/mixin/injection/callback/CallbackInfo;)V has 0 override(s) in child classes
[20:12:15] [Render thread/DEBUG] (FabricLoader/Mixin) fabric-resource-loader-v0.client.mixins.json:VanillaResourcePackProviderMixin from mod fabric-resource-loader-v0->@Inject::addBuiltinResourcePacks(Ljava/util/function/Consumer;Lorg/spongepowered/asm/mixin/injection/callback/CallbackInfo;)V won't be passed a CallbackInfo as a result
[20:12:15] [Render thread/DEBUG] (FabricLoader/Mixin) Mixing ResourcePackManagerMixin from fabric-resource-loader-v0.mixins.json into net.minecraft.resource.ResourcePackManager
[20:12:15] [Render thread/DEBUG] (FabricLoader/Mixin) Renaming synthetic method lambda$handleAutoDisable$0(Ljava/util/Set;Lnet/minecraft/resource/ResourcePackProfile;)Z to md24ae71$fabric-resource-loader-v0$lambda$handleAutoDisable$0$0 in fabric-resource-loader-v0.mixins.json:ResourcePackManagerMixin from mod fabric-resource-loader-v0
[20:12:15] [Render thread/DEBUG] (FabricLoader/Mixin) fabric-resource-loader-v0.mixins.json:ResourcePackManagerMixin from mod fabric-resource-loader-v0->@Inject::construct([Lnet/minecraft/resource/ResourcePackProvider;Lorg/spongepowered/asm/mixin/injection/callback/CallbackInfo;)V doesn't use it's CallbackInfo
[20:12:15] [Render thread/DEBUG] (FabricLoader/Mixin) fabric-resource-loader-v0.mixins.json:ResourcePackManagerMixin from mod fabric-resource-loader-v0->@Inject::construct([Lnet/minecraft/resource/ResourcePackProvider;Lorg/spongepowered/asm/mixin/injection/callback/CallbackInfo;)V has 0 override(s) in child classes
[20:12:15] [Render thread/DEBUG] (FabricLoader/Mixin) fabric-resource-loader-v0.mixins.json:ResourcePackManagerMixin from mod fabric-resource-loader-v0->@Inject::construct([Lnet/minecraft/resource/ResourcePackProvider;Lorg/spongepowered/asm/mixin/injection/callback/CallbackInfo;)V won't be passed a CallbackInfo as a result
[20:12:15] [Render thread/DEBUG] (FabricLoader/Mixin) fabric-resource-loader-v0.mixins.json:ResourcePackManagerMixin from mod fabric-resource-loader-v0->@Inject::handleAutoEnableDisable(Ljava/util/Collection;Lorg/spongepowered/asm/mixin/injection/callback/CallbackInfoReturnable;)V doesn't use it's CallbackInfoReturnable
[20:12:15] [Render thread/DEBUG] (FabricLoader/Mixin) fabric-resource-loader-v0.mixins.json:ResourcePackManagerMixin from mod fabric-resource-loader-v0->@Inject::handleAutoEnableDisable(Ljava/util/Collection;Lorg/spongepowered/asm/mixin/injection/callback/CallbackInfoReturnable;)V has 0 override(s) in child classes
[20:12:15] [Render thread/DEBUG] (FabricLoader/Mixin) fabric-resource-loader-v0.mixins.json:ResourcePackManagerMixin from mod fabric-resource-loader-v0->@Inject::handleAutoEnableDisable(Ljava/util/Collection;Lorg/spongepowered/asm/mixin/injection/callback/CallbackInfoReturnable;)V won't be passed a CallbackInfoReturnable as a result
[20:12:15] [Render thread/DEBUG] (FabricLoader/Mixin) fabric-resource-loader-v0.mixins.json:ResourcePackManagerMixin from mod fabric-resource-loader-v0->@Inject::handleAutoEnable(Ljava/lang/String;Lorg/spongepowered/asm/mixin/injection/callback/CallbackInfoReturnable;)V doesn't use it's CallbackInfoReturnable
[20:12:15] [Render thread/DEBUG] (FabricLoader/Mixin) fabric-resource-loader-v0.mixins.json:ResourcePackManagerMixin from mod fabric-resource-loader-v0->@Inject::handleAutoEnable(Ljava/lang/String;Lorg/spongepowered/asm/mixin/injection/callback/CallbackInfoReturnable;)V has 0 override(s) in child classes
[20:12:15] [Render thread/DEBUG] (FabricLoader/Mixin) fabric-resource-loader-v0.mixins.json:ResourcePackManagerMixin from mod fabric-resource-loader-v0->@Inject::handleAutoEnable(Ljava/lang/String;Lorg/spongepowered/asm/mixin/injection/callback/CallbackInfoReturnable;)V won't be passed a CallbackInfoReturnable as a result
[20:12:15] [Render thread/DEBUG] (FabricLoader/Mixin) fabric-resource-loader-v0.mixins.json:ResourcePackManagerMixin from mod fabric-resource-loader-v0->@Inject::handleAutoDisable(Ljava/lang/String;Lorg/spongepowered/asm/mixin/injection/callback/CallbackInfoReturnable;)V doesn't use it's CallbackInfoReturnable
[20:12:15] [Render thread/DEBUG] (FabricLoader/Mixin) fabric-resource-loader-v0.mixins.json:ResourcePackManagerMixin from mod fabric-resource-loader-v0->@Inject::handleAutoDisable(Ljava/lang/String;Lorg/spongepowered/asm/mixin/injection/callback/CallbackInfoReturnable;)V has 0 override(s) in child classes
[20:12:15] [Render thread/DEBUG] (FabricLoader/Mixin) fabric-resource-loader-v0.mixins.json:ResourcePackManagerMixin from mod fabric-resource-loader-v0->@Inject::handleAutoDisable(Ljava/lang/String;Lorg/spongepowered/asm/mixin/injection/callback/CallbackInfoReturnable;)V won't be passed a CallbackInfoReturnable as a result
[20:12:15] [Render thread/INFO] (com.mojang.authlib.yggdrasil.YggdrasilAuthenticationService) Environment: Environment[sessionHost=https://sessionserver.mojang.com, servicesHost=https://api.minecraftservices.com, name=PROD]
[20:12:15] [Yggdrasil Key Fetcher/DEBUG] (com.mojang.authlib.minecraft.client.MinecraftClient) Connecting to https://api.minecraftservices.com/publickeys
[20:12:15] [Download-1/DEBUG] (com.mojang.authlib.minecraft.client.MinecraftClient) Connecting to https://sessionserver.mojang.com/session/minecraft/profile/197d9491ff343fd183941aadd56cfa2c?unsigned=false
[20:12:15] [Render thread/INFO] (net.minecraft.client.MinecraftClient) Setting user: Player841
[20:12:15] [Render thread/DEBUG] (FabricLoader/Entrypoint) Iterating over entrypoint 'main'
[20:12:15] [Render thread/DEBUG] (FabricLoader/Mixin) Mixing ServerConfigurationNetworkHandlerMixin from fabric-networking-api-v1.mixins.json into net.minecraft.server.network.ServerConfigurationNetworkHandler
[20:12:15] [Render thread/DEBUG] (FabricLoader/Mixin) Mixing ServerConfigurationNetworkHandlerMixin from fabric-resource-loader-v0.mixins.json into net.minecraft.server.network.ServerConfigurationNetworkHandler
[20:12:15] [Render thread/DEBUG] (FabricLoader/Mixin) fabric-networking-api-v1.mixins.json:ServerConfigurationNetworkHandlerMixin from mod fabric-networking-api-v1->@Inject::initAddon(Lorg/spongepowered/asm/mixin/injection/callback/CallbackInfo;)V doesn't use it's CallbackInfo
[20:12:15] [Render thread/DEBUG] (FabricLoader/Mixin) fabric-networking-api-v1.mixins.json:ServerConfigurationNetworkHandlerMixin from mod fabric-networking-api-v1->@Inject::initAddon(Lorg/spongepowered/asm/mixin/injection/callback/CallbackInfo;)V has 0 override(s) in child classes
[20:12:15] [Render thread/DEBUG] (FabricLoader/Mixin) fabric-networking-api-v1.mixins.json:ServerConfigurationNetworkHandlerMixin from mod fabric-networking-api-v1->@Inject::initAddon(Lorg/spongepowered/asm/mixin/injection/callback/CallbackInfo;)V won't be passed a CallbackInfo as a result
[20:12:15] [Render thread/DEBUG] (FabricLoader/Mixin) fabric-networking-api-v1.mixins.json:ServerConfigurationNetworkHandlerMixin from mod fabric-networking-api-v1->@Inject::onClientReady(Lorg/spongepowered/asm/mixin/injection/callback/CallbackInfo;)V does use it's CallbackInfo
[20:12:15] [Render thread/DEBUG] (FabricLoader/Mixin) Mixing ServerCommonNetworkHandlerMixin from fabric-networking-api-v1.mixins.json into net.minecraft.server.network.ServerCommonNetworkHandler
[20:12:15] [Render thread/DEBUG] (FabricLoader/Mixin) Mixing accessor.ServerCommonNetworkHandlerAccessor from fabric-networking-api-v1.mixins.json into net.minecraft.server.network.ServerCommonNetworkHandler
[20:12:15] [Render thread/DEBUG] (FabricLoader/Mixin) fabric-networking-api-v1.mixins.json:ServerCommonNetworkHandlerMixin from mod fabric-networking-api-v1->@Inject::handleCustomPayloadReceivedAsync(Lnet/minecraft/network/packet/c2s/common/CustomPayloadC2SPacket;Lorg/spongepowered/asm/mixin/injection/callback/CallbackInfo;)V does use it's CallbackInfo
[20:12:15] [Render thread/DEBUG] (FabricLoader/Mixin) fabric-networking-api-v1.mixins.json:ServerCommonNetworkHandlerMixin from mod fabric-networking-api-v1->@Inject::onPlayPong(Lnet/minecraft/network/packet/c2s/common/CommonPongC2SPacket;Lorg/spongepowered/asm/mixin/injection/callback/CallbackInfo;)V doesn't use it's CallbackInfo
[20:12:15] [Render thread/DEBUG] (FabricLoader/Mixin) fabric-networking-api-v1.mixins.json:ServerCommonNetworkHandlerMixin from mod fabric-networking-api-v1->@Inject::onPlayPong(Lnet/minecraft/network/packet/c2s/common/CommonPongC2SPacket;Lorg/spongepowered/asm/mixin/injection/callback/CallbackInfo;)V has 0 override(s) in child classes
[20:12:15] [Render thread/DEBUG] (FabricLoader/Mixin) fabric-networking-api-v1.mixins.json:ServerCommonNetworkHandlerMixin from mod fabric-networking-api-v1->@Inject::onPlayPong(Lnet/minecraft/network/packet/c2s/common/CommonPongC2SPacket;Lorg/spongepowered/asm/mixin/injection/callback/CallbackInfo;)V won't be passed a CallbackInfo as a result
[20:12:15] [Render thread/DEBUG] (FabricLoader/Mixin) Mixing CustomPayloadS2CPacketAccessor from fabric-data-attachment-api-v1.mixins.json into net.minecraft.network.packet.c2s.common.CustomPayloadC2SPacket
[20:12:15] [Render thread/DEBUG] (FabricLoader/Mixin) Mixing CustomPayloadC2SPacketMixin from fabric-networking-api-v1.mixins.json into net.minecraft.network.packet.c2s.common.CustomPayloadC2SPacket
[20:12:15] [Render thread/DEBUG] (FabricLoader/Mixin) Renaming synthetic method lambda$wrapCodec$0(Lnet/minecraft/network/PacketByteBuf;Lnet/minecraft/util/Identifier;)Lnet/minecraft/network/packet/CustomPayload$Type; to md24ae71$fabric-networking-api-v1$lambda$wrapCodec$0$0 in fabric-networking-api-v1.mixins.json:CustomPayloadC2SPacketMixin from mod fabric-networking-api-v1
[20:12:15] [Render thread/DEBUG] (FabricLoader/Mixin) Mixing CustomPayloadPacketCodecMixin from fabric-networking-api-v1.mixins.json into net.minecraft.network.packet.CustomPayload$1
[20:12:15] [Render thread/DEBUG] (FabricLoader/Mixin) Mixing ServerPlayNetworkHandlerMixin from fabric-networking-api-v1.mixins.json into net.minecraft.server.network.ServerPlayNetworkHandler
[20:12:15] [Render thread/DEBUG] (FabricLoader/Mixin) Mixing ServerPlayNetworkHandlerMixin from fabric-events-interaction-v0.mixins.json into net.minecraft.server.network.ServerPlayNetworkHandler
[20:12:15] [Render thread/DEBUG] (FabricLoader/Mixin) fabric-networking-api-v1.mixins.json:ServerPlayNetworkHandlerMixin from mod fabric-networking-api-v1->@Inject::initAddon(Lorg/spongepowered/asm/mixin/injection/callback/CallbackInfo;)V doesn't use it's CallbackInfo
[20:12:15] [Render thread/DEBUG] (FabricLoader/Mixin) fabric-networking-api-v1.mixins.json:ServerPlayNetworkHandlerMixin from mod fabric-networking-api-v1->@Inject::initAddon(Lorg/spongepowered/asm/mixin/injection/callback/CallbackInfo;)V has 0 override(s) in child classes
[20:12:15] [Render thread/DEBUG] (FabricLoader/Mixin) fabric-networking-api-v1.mixins.json:ServerPlayNetworkHandlerMixin from mod fabric-networking-api-v1->@Inject::initAddon(Lorg/spongepowered/asm/mixin/injection/callback/CallbackInfo;)V won't be passed a CallbackInfo as a result
[20:12:15] [Render thread/DEBUG] (FabricLoader/Mixin) fabric-networking-api-v1.mixins.json:ServerPlayNetworkHandlerMixin from mod fabric-networking-api-v1->@Inject::handleCustomPayloadReceivedAsync(Lnet/minecraft/network/packet/c2s/common/CustomPayloadC2SPacket;Lorg/spongepowered/asm/mixin/injection/callback/CallbackInfo;)V does use it's CallbackInfo
[20:12:15] [Render thread/DEBUG] (FabricLoader/Mixin) Mixing LootTableBuilderMixin from fabric-loot-api-v3.mixins.json into net.minecraft.loot.LootTable$Builder
[20:12:15] [Render thread/DEBUG] (FabricLoader/Mixin) Mixing LootTableBuilderMixin from fabric-loot-api-v2.mixins.json into net.minecraft.loot.LootTable$Builder
[20:12:15] [Render thread/DEBUG] (FabricLoader/Entrypoint) Iterating over entrypoint 'client'
[20:12:15] [Render thread/DEBUG] (FabricLoader/Mixin) Mixing ClientPlayNetworkHandlerMixin from fabric-message-api-v1.client.mixins.json into net.minecraft.client.network.ClientPlayNetworkHandler
[20:12:15] [Render thread/DEBUG] (FabricLoader/Mixin) Mixing ClientPlayNetworkHandlerMixin from fabric-networking-api-v1.client.mixins.json into net.minecraft.client.network.ClientPlayNetworkHandler
[20:12:15] [Render thread/DEBUG] (FabricLoader/Mixin) Mixing ClientPlayNetworkHandlerMixin from fabric-data-attachment-api-v1.client.mixins.json into net.minecraft.client.network.ClientPlayNetworkHandler
[20:12:15] [Render thread/DEBUG] (FabricLoader/Mixin) Mixing ClientPlayNetworkHandlerMixin from fabric-lifecycle-events-v1.client.mixins.json into net.minecraft.client.network.ClientPlayNetworkHandler
[20:12:15] [Render thread/DEBUG] (FabricLoader/Mixin) Mixing minecraft.network.ClientPlayNetworkHandlerMixin from vurstvisual.mixins.json into net.minecraft.client.network.ClientPlayNetworkHandler
[20:12:15] [Render thread/DEBUG] (FabricLoader/Mixin) Mixing ClientPlayNetworkHandlerMixin from fabric-command-api-v2.client.mixins.json into net.minecraft.client.network.ClientPlayNetworkHandler
[20:12:15] [Render thread/DEBUG] (FabricLoader/Mixin) fabric-message-api-v1.client.mixins.json:ClientPlayNetworkHandlerMixin from mod fabric-message-api-v1->@Inject::fabric_allowSendChatMessage(Ljava/lang/String;Lorg/spongepowered/asm/mixin/injection/callback/CallbackInfo;)V does use it's CallbackInfo
[20:12:15] [Render thread/DEBUG] (FabricLoader/Mixin) fabric-message-api-v1.client.mixins.json:ClientPlayNetworkHandlerMixin from mod fabric-message-api-v1->@Inject::fabric_allowSendCommandMessage(Ljava/lang/String;Lorg/spongepowered/asm/mixin/injection/callback/CallbackInfo;)V does use it's CallbackInfo
[20:12:15] [Render thread/DEBUG] (FabricLoader/Mixin) fabric-networking-api-v1.client.mixins.json:ClientPlayNetworkHandlerMixin from mod fabric-networking-api-v1->@Inject::initAddon(Lorg/spongepowered/asm/mixin/injection/callback/CallbackInfo;)V doesn't use it's CallbackInfo
[20:12:15] [Render thread/DEBUG] (FabricLoader/Mixin) fabric-networking-api-v1.client.mixins.json:ClientPlayNetworkHandlerMixin from mod fabric-networking-api-v1->@Inject::initAddon(Lorg/spongepowered/asm/mixin/injection/callback/CallbackInfo;)V has 0 override(s) in child classes
[20:12:15] [Render thread/DEBUG] (FabricLoader/Mixin) fabric-networking-api-v1.client.mixins.json:ClientPlayNetworkHandlerMixin from mod fabric-networking-api-v1->@Inject::initAddon(Lorg/spongepowered/asm/mixin/injection/callback/CallbackInfo;)V won't be passed a CallbackInfo as a result
[20:12:15] [Render thread/DEBUG] (FabricLoader/Mixin) fabric-networking-api-v1.client.mixins.json:ClientPlayNetworkHandlerMixin from mod fabric-networking-api-v1->@Inject::handleServerPlayReady(Lnet/minecraft/network/packet/s2c/play/GameJoinS2CPacket;Lorg/spongepowered/asm/mixin/injection/callback/CallbackInfo;)V doesn't use it's CallbackInfo
[20:12:15] [Render thread/DEBUG] (FabricLoader/Mixin) fabric-networking-api-v1.client.mixins.json:ClientPlayNetworkHandlerMixin from mod fabric-networking-api-v1->@Inject::handleServerPlayReady(Lnet/minecraft/network/packet/s2c/play/GameJoinS2CPacket;Lorg/spongepowered/asm/mixin/injection/callback/CallbackInfo;)V has 0 override(s) in child classes
[20:12:15] [Render thread/DEBUG] (FabricLoader/Mixin) fabric-networking-api-v1.client.mixins.json:ClientPlayNetworkHandlerMixin from mod fabric-networking-api-v1->@Inject::handleServerPlayReady(Lnet/minecraft/network/packet/s2c/play/GameJoinS2CPacket;Lorg/spongepowered/asm/mixin/injection/callback/CallbackInfo;)V won't be passed a CallbackInfo as a result
[20:12:15] [Render thread/DEBUG] (FabricLoader/Mixin) fabric-lifecycle-events-v1.client.mixins.json:ClientPlayNetworkHandlerMixin from mod fabric-lifecycle-events-v1->@Inject::onPlayerRespawn(Lnet/minecraft/network/packet/s2c/play/PlayerRespawnS2CPacket;Lorg/spongepowered/asm/mixin/injection/callback/CallbackInfo;)V doesn't use it's CallbackInfo
[20:12:15] [Render thread/DEBUG] (FabricLoader/Mixin) fabric-lifecycle-events-v1.client.mixins.json:ClientPlayNetworkHandlerMixin from mod fabric-lifecycle-events-v1->@Inject::onPlayerRespawn(Lnet/minecraft/network/packet/s2c/play/PlayerRespawnS2CPacket;Lorg/spongepowered/asm/mixin/injection/callback/CallbackInfo;)V has 0 override(s) in child classes
[20:12:15] [Render thread/DEBUG] (FabricLoader/Mixin) fabric-lifecycle-events-v1.client.mixins.json:ClientPlayNetworkHandlerMixin from mod fabric-lifecycle-events-v1->@Inject::onPlayerRespawn(Lnet/minecraft/network/packet/s2c/play/PlayerRespawnS2CPacket;Lorg/spongepowered/asm/mixin/injection/callback/CallbackInfo;)V won't be passed a CallbackInfo as a result
[20:12:15] [Render thread/DEBUG] (FabricLoader/Mixin) fabric-lifecycle-events-v1.client.mixins.json:ClientPlayNetworkHandlerMixin from mod fabric-lifecycle-events-v1->@Inject::onGameJoin(Lnet/minecraft/network/packet/s2c/play/GameJoinS2CPacket;Lorg/spongepowered/asm/mixin/injection/callback/CallbackInfo;)V doesn't use it's CallbackInfo
[20:12:15] [Render thread/DEBUG] (FabricLoader/Mixin) fabric-lifecycle-events-v1.client.mixins.json:ClientPlayNetworkHandlerMixin from mod fabric-lifecycle-events-v1->@Inject::onGameJoin(Lnet/minecraft/network/packet/s2c/play/GameJoinS2CPacket;Lorg/spongepowered/asm/mixin/injection/callback/CallbackInfo;)V has 0 override(s) in child classes
[20:12:15] [Render thread/DEBUG] (FabricLoader/Mixin) fabric-lifecycle-events-v1.client.mixins.json:ClientPlayNetworkHandlerMixin from mod fabric-lifecycle-events-v1->@Inject::onGameJoin(Lnet/minecraft/network/packet/s2c/play/GameJoinS2CPacket;Lorg/spongepowered/asm/mixin/injection/callback/CallbackInfo;)V won't be passed a CallbackInfo as a result
[20:12:15] [Render thread/DEBUG] (FabricLoader/Mixin) fabric-lifecycle-events-v1.client.mixins.json:ClientPlayNetworkHandlerMixin from mod fabric-lifecycle-events-v1->@Inject::onClearWorld(Lorg/spongepowered/asm/mixin/injection/callback/CallbackInfo;)V doesn't use it's CallbackInfo
[20:12:15] [Render thread/DEBUG] (FabricLoader/Mixin) fabric-lifecycle-events-v1.client.mixins.json:ClientPlayNetworkHandlerMixin from mod fabric-lifecycle-events-v1->@Inject::onClearWorld(Lorg/spongepowered/asm/mixin/injection/callback/CallbackInfo;)V has 0 override(s) in child classes
[20:12:15] [Render thread/DEBUG] (FabricLoader/Mixin) fabric-lifecycle-events-v1.client.mixins.json:ClientPlayNetworkHandlerMixin from mod fabric-lifecycle-events-v1->@Inject::onClearWorld(Lorg/spongepowered/asm/mixin/injection/callback/CallbackInfo;)V won't be passed a CallbackInfo as a result
[20:12:15] [Render thread/DEBUG] (FabricLoader/Mixin) fabric-lifecycle-events-v1.client.mixins.json:ClientPlayNetworkHandlerMixin from mod fabric-lifecycle-events-v1->@Inject::invokeTagsLoaded(Lnet/minecraft/network/packet/s2c/common/SynchronizeTagsS2CPacket;Lorg/spongepowered/asm/mixin/injection/callback/CallbackInfo;)V doesn't use it's CallbackInfo
[20:12:15] [Render thread/DEBUG] (FabricLoader/Mixin) fabric-lifecycle-events-v1.client.mixins.json:ClientPlayNetworkHandlerMixin from mod fabric-lifecycle-events-v1->@Inject::invokeTagsLoaded(Lnet/minecraft/network/packet/s2c/common/SynchronizeTagsS2CPacket;Lorg/spongepowered/asm/mixin/injection/callback/CallbackInfo;)V has 0 override(s) in child classes
[20:12:15] [Render thread/DEBUG] (FabricLoader/Mixin) fabric-lifecycle-events-v1.client.mixins.json:ClientPlayNetworkHandlerMixin from mod fabric-lifecycle-events-v1->@Inject::invokeTagsLoaded(Lnet/minecraft/network/packet/s2c/common/SynchronizeTagsS2CPacket;Lorg/spongepowered/asm/mixin/injection/callback/CallbackInfo;)V won't be passed a CallbackInfo as a result
[20:12:15] [Render thread/DEBUG] (FabricLoader/Mixin) vurstvisual.mixins.json:minecraft.network.ClientPlayNetworkHandlerMixin from mod vurstvisual->@Inject::sendChatMessageHook(Ljava/lang/String;Lorg/spongepowered/asm/mixin/injection/callback/CallbackInfo;)V does use it's CallbackInfo
[20:12:15] [Render thread/DEBUG] (FabricLoader/Mixin) vurstvisual.mixins.json:minecraft.network.ClientPlayNetworkHandlerMixin from mod vurstvisual->@Inject::sendChatCommandHook(Ljava/lang/String;Lorg/spongepowered/asm/mixin/injection/callback/CallbackInfo;)V does use it's CallbackInfo
[20:12:15] [Render thread/DEBUG] (FabricLoader/Mixin) vurstvisual.mixins.json:minecraft.network.ClientPlayNetworkHandlerMixin from mod vurstvisual->@Inject::onPlaySoundHook(Lnet/minecraft/network/packet/s2c/play/PlaySoundS2CPacket;Lorg/spongepowered/asm/mixin/injection/callback/CallbackInfo;)V does use it's CallbackInfo
[20:12:15] [Render thread/DEBUG] (FabricLoader/Mixin) vurstvisual.mixins.json:minecraft.network.ClientPlayNetworkHandlerMixin from mod vurstvisual->@Inject::onPlaySoundFromEntityHook(Lnet/minecraft/network/packet/s2c/play/PlaySoundFromEntityS2CPacket;Lorg/spongepowered/asm/mixin/injection/callback/CallbackInfo;)V does use it's CallbackInfo
[20:12:15] [Render thread/DEBUG] (FabricLoader/Mixin) fabric-command-api-v2.client.mixins.json:ClientPlayNetworkHandlerMixin from mod fabric-command-api-v2->@Inject::onGameJoin(Lnet/minecraft/network/packet/s2c/play/GameJoinS2CPacket;Lorg/spongepowered/asm/mixin/injection/callback/CallbackInfo;)V doesn't use it's CallbackInfo
[20:12:15] [Render thread/DEBUG] (FabricLoader/Mixin) fabric-command-api-v2.client.mixins.json:ClientPlayNetworkHandlerMixin from mod fabric-command-api-v2->@Inject::onGameJoin(Lnet/minecraft/network/packet/s2c/play/GameJoinS2CPacket;Lorg/spongepowered/asm/mixin/injection/callback/CallbackInfo;)V has 0 override(s) in child classes
[20:12:15] [Render thread/DEBUG] (FabricLoader/Mixin) fabric-command-api-v2.client.mixins.json:ClientPlayNetworkHandlerMixin from mod fabric-command-api-v2->@Inject::onGameJoin(Lnet/minecraft/network/packet/s2c/play/GameJoinS2CPacket;Lorg/spongepowered/asm/mixin/injection/callback/CallbackInfo;)V won't be passed a CallbackInfo as a result
[20:12:15] [Render thread/DEBUG] (FabricLoader/Mixin) fabric-command-api-v2.client.mixins.json:ClientPlayNetworkHandlerMixin from mod fabric-command-api-v2->@Inject::onOnCommandTree(Lnet/minecraft/network/packet/s2c/play/CommandTreeS2CPacket;Lorg/spongepowered/asm/mixin/injection/callback/CallbackInfo;)V doesn't use it's CallbackInfo
[20:12:15] [Render thread/DEBUG] (FabricLoader/Mixin) fabric-command-api-v2.client.mixins.json:ClientPlayNetworkHandlerMixin from mod fabric-command-api-v2->@Inject::onOnCommandTree(Lnet/minecraft/network/packet/s2c/play/CommandTreeS2CPacket;Lorg/spongepowered/asm/mixin/injection/callback/CallbackInfo;)V has 0 override(s) in child classes
[20:12:15] [Render thread/DEBUG] (FabricLoader/Mixin) fabric-command-api-v2.client.mixins.json:ClientPlayNetworkHandlerMixin from mod fabric-command-api-v2->@Inject::onOnCommandTree(Lnet/minecraft/network/packet/s2c/play/CommandTreeS2CPacket;Lorg/spongepowered/asm/mixin/injection/callback/CallbackInfo;)V won't be passed a CallbackInfo as a result
[20:12:15] [Render thread/DEBUG] (FabricLoader/Mixin) fabric-command-api-v2.client.mixins.json:ClientPlayNetworkHandlerMixin from mod fabric-command-api-v2->@Inject::onSendCommand(Ljava/lang/String;Lorg/spongepowered/asm/mixin/injection/callback/CallbackInfoReturnable;)V does use it's CallbackInfoReturnable
[20:12:15] [Render thread/DEBUG] (FabricLoader/Mixin) fabric-command-api-v2.client.mixins.json:ClientPlayNetworkHandlerMixin from mod fabric-command-api-v2->@Inject::onSendCommand(Ljava/lang/String;Lorg/spongepowered/asm/mixin/injection/callback/CallbackInfo;)V does use it's CallbackInfo
[20:12:15] [Render thread/DEBUG] (FabricLoader/Mixin) Mixing accessor.ClientCommonNetworkHandlerAccessor from fabric-networking-api-v1.client.mixins.json into net.minecraft.client.network.ClientCommonNetworkHandler
[20:12:15] [Render thread/DEBUG] (FabricLoader/Mixin) Mixing ClientCommonNetworkHandlerMixin from fabric-networking-api-v1.client.mixins.json into net.minecraft.client.network.ClientCommonNetworkHandler
[20:12:15] [Render thread/DEBUG] (FabricLoader/Mixin) fabric-networking-api-v1.client.mixins.json:ClientCommonNetworkHandlerMixin from mod fabric-networking-api-v1->@Inject::onCustomPayload(Lnet/minecraft/network/packet/s2c/common/CustomPayloadS2CPacket;Lorg/spongepowered/asm/mixin/injection/callback/CallbackInfo;)V does use it's CallbackInfo
[20:12:15] [Render thread/DEBUG] (FabricLoader/Mixin) Mixing ClientConfigurationNetworkHandlerMixin from fabric-networking-api-v1.client.mixins.json into net.minecraft.client.network.ClientConfigurationNetworkHandler
[20:12:15] [Render thread/DEBUG] (FabricLoader/Mixin) Mixing accessor.ClientConfigurationNetworkHandlerAccessor from fabric-networking-api-v1.client.mixins.json into net.minecraft.client.network.ClientConfigurationNetworkHandler
[20:12:15] [Render thread/DEBUG] (FabricLoader/Mixin) Mixing ClientConfigurationNetworkHandlerMixin from fabric-lifecycle-events-v1.client.mixins.json into net.minecraft.client.network.ClientConfigurationNetworkHandler
[20:12:15] [Render thread/DEBUG] (FabricLoader/Mixin) fabric-networking-api-v1.client.mixins.json:ClientConfigurationNetworkHandlerMixin from mod fabric-networking-api-v1->@Inject::initAddon(Lorg/spongepowered/asm/mixin/injection/callback/CallbackInfo;)V doesn't use it's CallbackInfo
[20:12:15] [Render thread/DEBUG] (FabricLoader/Mixin) fabric-networking-api-v1.client.mixins.json:ClientConfigurationNetworkHandlerMixin from mod fabric-networking-api-v1->@Inject::initAddon(Lorg/spongepowered/asm/mixin/injection/callback/CallbackInfo;)V has 0 override(s) in child classes
[20:12:15] [Render thread/DEBUG] (FabricLoader/Mixin) fabric-networking-api-v1.client.mixins.json:ClientConfigurationNetworkHandlerMixin from mod fabric-networking-api-v1->@Inject::initAddon(Lorg/spongepowered/asm/mixin/injection/callback/CallbackInfo;)V won't be passed a CallbackInfo as a result
[20:12:15] [Render thread/DEBUG] (FabricLoader/Mixin) fabric-networking-api-v1.client.mixins.json:ClientConfigurationNetworkHandlerMixin from mod fabric-networking-api-v1->@Inject::handleComplete(Lnet/minecraft/network/packet/s2c/config/ReadyS2CPacket;Lorg/spongepowered/asm/mixin/injection/callback/CallbackInfo;)V doesn't use it's CallbackInfo
[20:12:15] [Render thread/DEBUG] (FabricLoader/Mixin) fabric-networking-api-v1.client.mixins.json:ClientConfigurationNetworkHandlerMixin from mod fabric-networking-api-v1->@Inject::handleComplete(Lnet/minecraft/network/packet/s2c/config/ReadyS2CPacket;Lorg/spongepowered/asm/mixin/injection/callback/CallbackInfo;)V has 0 override(s) in child classes
[20:12:15] [Render thread/DEBUG] (FabricLoader/Mixin) fabric-networking-api-v1.client.mixins.json:ClientConfigurationNetworkHandlerMixin from mod fabric-networking-api-v1->@Inject::handleComplete(Lnet/minecraft/network/packet/s2c/config/ReadyS2CPacket;Lorg/spongepowered/asm/mixin/injection/callback/CallbackInfo;)V won't be passed a CallbackInfo as a result
[20:12:15] [Render thread/DEBUG] (FabricLoader/Mixin) fabric-lifecycle-events-v1.client.mixins.json:ClientConfigurationNetworkHandlerMixin from mod fabric-lifecycle-events-v1->@Inject::invokeTagsLoaded(Lnet/minecraft/resource/ResourceFactory;Lorg/spongepowered/asm/mixin/injection/callback/CallbackInfoReturnable;)V does use it's CallbackInfoReturnable
[20:12:15] [Render thread/DEBUG] (FabricLoader/Mixin) Mixing accessor.ClientLoginNetworkHandlerAccessor from fabric-networking-api-v1.client.mixins.json into net.minecraft.client.network.ClientLoginNetworkHandler
[20:12:15] [Render thread/DEBUG] (FabricLoader/Mixin) Mixing ClientLoginNetworkHandlerMixin from fabric-networking-api-v1.client.mixins.json into net.minecraft.client.network.ClientLoginNetworkHandler
[20:12:15] [Render thread/DEBUG] (FabricLoader/Mixin) fabric-networking-api-v1.client.mixins.json:ClientLoginNetworkHandlerMixin from mod fabric-networking-api-v1->@Inject::initAddon(Lorg/spongepowered/asm/mixin/injection/callback/CallbackInfo;)V doesn't use it's CallbackInfo
[20:12:15] [Render thread/DEBUG] (FabricLoader/Mixin) fabric-networking-api-v1.client.mixins.json:ClientLoginNetworkHandlerMixin from mod fabric-networking-api-v1->@Inject::initAddon(Lorg/spongepowered/asm/mixin/injection/callback/CallbackInfo;)V has 0 override(s) in child classes
[20:12:15] [Render thread/DEBUG] (FabricLoader/Mixin) fabric-networking-api-v1.client.mixins.json:ClientLoginNetworkHandlerMixin from mod fabric-networking-api-v1->@Inject::initAddon(Lorg/spongepowered/asm/mixin/injection/callback/CallbackInfo;)V won't be passed a CallbackInfo as a result
[20:12:15] [Render thread/DEBUG] (FabricLoader/Mixin) fabric-networking-api-v1.client.mixins.json:ClientLoginNetworkHandlerMixin from mod fabric-networking-api-v1->@Inject::handleQueryRequest(Lnet/minecraft/network/packet/s2c/login/LoginQueryRequestS2CPacket;Lorg/spongepowered/asm/mixin/injection/callback/CallbackInfo;)V does use it's CallbackInfo
[20:12:15] [Render thread/DEBUG] (FabricLoader/Mixin) Mixing ClientConnectionMixin from fabric-data-attachment-api-v1.mixins.json into net.minecraft.network.ClientConnection
[20:12:15] [Render thread/DEBUG] (FabricLoader/Mixin) Mixing ClientConnectionMixin from fabric-networking-api-v1.mixins.json into net.minecraft.network.ClientConnection
[20:12:15] [Render thread/DEBUG] (FabricLoader/Mixin) Renaming synthetic method lambda$fabric_getPendingChannelsNames$0(Lnet/minecraft/network/NetworkPhase;)Ljava/util/Collection; to md24ae71$fabric-networking-api-v1$lambda$fabric_getPendingChannelsNames$0$0 in fabric-networking-api-v1.mixins.json:ClientConnectionMixin from mod fabric-networking-api-v1
[20:12:15] [Render thread/DEBUG] (FabricLoader/Mixin) Mixing ingredient.ClientConnectionMixin from fabric-recipe-api-v1.mixins.json into net.minecraft.network.ClientConnection
[20:12:15] [Render thread/DEBUG] (FabricLoader/Mixin) Mixing minecraft.network.ClientConnectionMixin from vurstvisual.mixins.json into net.minecraft.network.ClientConnection
[20:12:15] [Render thread/DEBUG] (FabricLoader/Mixin) Renaming synthetic method lambda$triggerReceivePacketEvent$0(Lnet/minecraft/network/packet/Packet;)V to md24ae71$vurstvisual$lambda$triggerReceivePacketEvent$0$1 in vurstvisual.mixins.json:minecraft.network.ClientConnectionMixin from mod vurstvisual
[20:12:15] [Render thread/DEBUG] (FabricLoader/Mixin) fabric-networking-api-v1.mixins.json:ClientConnectionMixin from mod fabric-networking-api-v1->@Inject::initAddedFields(Lnet/minecraft/network/NetworkSide;Lorg/spongepowered/asm/mixin/injection/callback/CallbackInfo;)V doesn't use it's CallbackInfo
[20:12:15] [Render thread/DEBUG] (FabricLoader/Mixin) fabric-networking-api-v1.mixins.json:ClientConnectionMixin from mod fabric-networking-api-v1->@Inject::initAddedFields(Lnet/minecraft/network/NetworkSide;Lorg/spongepowered/asm/mixin/injection/callback/CallbackInfo;)V has 0 override(s) in child classes
[20:12:15] [Render thread/DEBUG] (FabricLoader/Mixin) fabric-networking-api-v1.mixins.json:ClientConnectionMixin from mod fabric-networking-api-v1->@Inject::initAddedFields(Lnet/minecraft/network/NetworkSide;Lorg/spongepowered/asm/mixin/injection/callback/CallbackInfo;)V won't be passed a CallbackInfo as a result
[20:12:15] [Render thread/DEBUG] (FabricLoader/Mixin) fabric-networking-api-v1.mixins.json:ClientConnectionMixin from mod fabric-networking-api-v1->@Inject::checkPacket(Lnet/minecraft/network/packet/Packet;Lnet/minecraft/network/PacketCallbacks;ZLorg/spongepowered/asm/mixin/injection/callback/CallbackInfo;)V doesn't use it's CallbackInfo
[20:12:15] [Render thread/DEBUG] (FabricLoader/Mixin) fabric-networking-api-v1.mixins.json:ClientConnectionMixin from mod fabric-networking-api-v1->@Inject::checkPacket(Lnet/minecraft/network/packet/Packet;Lnet/minecraft/network/PacketCallbacks;ZLorg/spongepowered/asm/mixin/injection/callback/CallbackInfo;)V has 0 override(s) in child classes
[20:12:15] [Render thread/DEBUG] (FabricLoader/Mixin) fabric-networking-api-v1.mixins.json:ClientConnectionMixin from mod fabric-networking-api-v1->@Inject::checkPacket(Lnet/minecraft/network/packet/Packet;Lnet/minecraft/network/PacketCallbacks;ZLorg/spongepowered/asm/mixin/injection/callback/CallbackInfo;)V won't be passed a CallbackInfo as a result
[20:12:15] [Render thread/DEBUG] (FabricLoader/Mixin) fabric-networking-api-v1.mixins.json:ClientConnectionMixin from mod fabric-networking-api-v1->@Inject::checkPacket(Lnet/minecraft/network/packet/Packet;Lnet/minecraft/network/PacketCallbacks;ZLorg/spongepowered/asm/mixin/injection/callback/CallbackInfo;)V doesn't use it's CallbackInfo
[20:12:15] [Render thread/DEBUG] (FabricLoader/Mixin) fabric-networking-api-v1.mixins.json:ClientConnectionMixin from mod fabric-networking-api-v1->@Inject::checkPacket(Lnet/minecraft/network/packet/Packet;Lnet/minecraft/network/PacketCallbacks;ZLorg/spongepowered/asm/mixin/injection/callback/CallbackInfo;)V has 0 override(s) in child classes
[20:12:15] [Render thread/DEBUG] (FabricLoader/Mixin) fabric-networking-api-v1.mixins.json:ClientConnectionMixin from mod fabric-networking-api-v1->@Inject::checkPacket(Lnet/minecraft/network/packet/Packet;Lnet/minecraft/network/PacketCallbacks;ZLorg/spongepowered/asm/mixin/injection/callback/CallbackInfo;)V won't be passed a CallbackInfo as a result
[20:12:15] [Render thread/DEBUG] (FabricLoader/Mixin) fabric-networking-api-v1.mixins.json:ClientConnectionMixin from mod fabric-networking-api-v1->@Inject::unwatchAddon(Lnet/minecraft/network/NetworkState;Lnet/minecraft/network/listener/PacketListener;Lorg/spongepowered/asm/mixin/injection/callback/CallbackInfo;)V doesn't use it's CallbackInfo
[20:12:15] [Render thread/DEBUG] (FabricLoader/Mixin) fabric-networking-api-v1.mixins.json:ClientConnectionMixin from mod fabric-networking-api-v1->@Inject::unwatchAddon(Lnet/minecraft/network/NetworkState;Lnet/minecraft/network/listener/PacketListener;Lorg/spongepowered/asm/mixin/injection/callback/CallbackInfo;)V has 0 override(s) in child classes
[20:12:15] [Render thread/DEBUG] (FabricLoader/Mixin) fabric-networking-api-v1.mixins.json:ClientConnectionMixin from mod fabric-networking-api-v1->@Inject::unwatchAddon(Lnet/minecraft/network/NetworkState;Lnet/minecraft/network/listener/PacketListener;Lorg/spongepowered/asm/mixin/injection/callback/CallbackInfo;)V won't be passed a CallbackInfo as a result
[20:12:15] [Render thread/DEBUG] (FabricLoader/Mixin) fabric-networking-api-v1.mixins.json:ClientConnectionMixin from mod fabric-networking-api-v1->@Inject::disconnectAddon(Lio/netty/channel/ChannelHandlerContext;Lorg/spongepowered/asm/mixin/injection/callback/CallbackInfo;)V doesn't use it's CallbackInfo
[20:12:15] [Render thread/DEBUG] (FabricLoader/Mixin) fabric-networking-api-v1.mixins.json:ClientConnectionMixin from mod fabric-networking-api-v1->@Inject::disconnectAddon(Lio/netty/channel/ChannelHandlerContext;Lorg/spongepowered/asm/mixin/injection/callback/CallbackInfo;)V has 0 override(s) in child classes
[20:12:15] [Render thread/DEBUG] (FabricLoader/Mixin) fabric-networking-api-v1.mixins.json:ClientConnectionMixin from mod fabric-networking-api-v1->@Inject::disconnectAddon(Lio/netty/channel/ChannelHandlerContext;Lorg/spongepowered/asm/mixin/injection/callback/CallbackInfo;)V won't be passed a CallbackInfo as a result
[20:12:15] [Render thread/DEBUG] (FabricLoader/Mixin) fabric-networking-api-v1.mixins.json:ClientConnectionMixin from mod fabric-networking-api-v1->@Inject::disconnectAddon(Lorg/spongepowered/asm/mixin/injection/callback/CallbackInfo;)V doesn't use it's CallbackInfo
[20:12:15] [Render thread/DEBUG] (FabricLoader/Mixin) fabric-networking-api-v1.mixins.json:ClientConnectionMixin from mod fabric-networking-api-v1->@Inject::disconnectAddon(Lorg/spongepowered/asm/mixin/injection/callback/CallbackInfo;)V has 0 override(s) in child classes
[20:12:15] [Render thread/DEBUG] (FabricLoader/Mixin) fabric-networking-api-v1.mixins.json:ClientConnectionMixin from mod fabric-networking-api-v1->@Inject::disconnectAddon(Lorg/spongepowered/asm/mixin/injection/callback/CallbackInfo;)V won't be passed a CallbackInfo as a result
[20:12:15] [Render thread/DEBUG] (FabricLoader/Mixin) vurstvisual.mixins.json:minecraft.network.ClientConnectionMixin from mod vurstvisual->@Inject::triggerReceivePacketEvent(Lnet/minecraft/network/packet/Packet;Lnet/minecraft/network/listener/PacketListener;Lorg/spongepowered/asm/mixin/injection/callback/CallbackInfo;)V does use it's CallbackInfo
[20:12:15] [Render thread/DEBUG] (FabricLoader/Mixin) vurstvisual.mixins.json:minecraft.network.ClientConnectionMixin from mod vurstvisual->@Inject::triggerSendPacketEvent(Lnet/minecraft/network/packet/Packet;Lorg/spongepowered/asm/mixin/injection/callback/CallbackInfo;)V does use it's CallbackInfo
[20:12:15] [Render thread/INFO] (net.fabricmc.fabric.impl.client.indigo.Indigo) [Indigo] Registering Indigo renderer!
[20:12:15] [Render thread/DEBUG] (FabricLoader/Mixin) Mixing SimpleRegistryTagLookup2Accessor from fabric-tag-api-v1.mixins.json into net.minecraft.registry.SimpleRegistry$TagLookup$2
[20:12:15] [Render thread/DEBUG] (FabricLoader/Mixin) Mixing GameOptionsMixin from fabric-resource-loader-v0.client.mixins.json into net.minecraft.client.option.GameOptions
[20:12:15] [Render thread/DEBUG] (FabricLoader/Mixin) Mixing GameOptionsMixin from fabric-key-binding-api-v1.mixins.json into net.minecraft.client.option.GameOptions
[20:12:15] [Render thread/DEBUG] (FabricLoader/Mixin) fabric-resource-loader-v0.client.mixins.json:GameOptionsMixin from mod fabric-resource-loader-v0->@Inject::onLoad(Lorg/spongepowered/asm/mixin/injection/callback/CallbackInfo;)V doesn't use it's CallbackInfo
[20:12:15] [Render thread/DEBUG] (FabricLoader/Mixin) fabric-resource-loader-v0.client.mixins.json:GameOptionsMixin from mod fabric-resource-loader-v0->@Inject::onLoad(Lorg/spongepowered/asm/mixin/injection/callback/CallbackInfo;)V has 0 override(s) in child classes
[20:12:15] [Render thread/DEBUG] (FabricLoader/Mixin) fabric-resource-loader-v0.client.mixins.json:GameOptionsMixin from mod fabric-resource-loader-v0->@Inject::onLoad(Lorg/spongepowered/asm/mixin/injection/callback/CallbackInfo;)V won't be passed a CallbackInfo as a result
[20:12:15] [Render thread/DEBUG] (FabricLoader/Mixin) fabric-resource-loader-v0.client.mixins.json:GameOptionsMixin from mod fabric-resource-loader-v0->@Inject::onLoad(Lorg/spongepowered/asm/mixin/injection/callback/CallbackInfo;)V doesn't use it's CallbackInfo
[20:12:15] [Render thread/DEBUG] (FabricLoader/Mixin) fabric-resource-loader-v0.client.mixins.json:GameOptionsMixin from mod fabric-resource-loader-v0->@Inject::onLoad(Lorg/spongepowered/asm/mixin/injection/callback/CallbackInfo;)V has 0 override(s) in child classes
[20:12:15] [Render thread/DEBUG] (FabricLoader/Mixin) fabric-resource-loader-v0.client.mixins.json:GameOptionsMixin from mod fabric-resource-loader-v0->@Inject::onLoad(Lorg/spongepowered/asm/mixin/injection/callback/CallbackInfo;)V won't be passed a CallbackInfo as a result
[20:12:15] [Render thread/DEBUG] (FabricLoader/Mixin) fabric-key-binding-api-v1.mixins.json:GameOptionsMixin from mod fabric-key-binding-api-v1->@Inject::loadHook(Lorg/spongepowered/asm/mixin/injection/callback/CallbackInfo;)V doesn't use it's CallbackInfo
[20:12:15] [Render thread/DEBUG] (FabricLoader/Mixin) fabric-key-binding-api-v1.mixins.json:GameOptionsMixin from mod fabric-key-binding-api-v1->@Inject::loadHook(Lorg/spongepowered/asm/mixin/injection/callback/CallbackInfo;)V has 0 override(s) in child classes
[20:12:15] [Render thread/DEBUG] (FabricLoader/Mixin) fabric-key-binding-api-v1.mixins.json:GameOptionsMixin from mod fabric-key-binding-api-v1->@Inject::loadHook(Lorg/spongepowered/asm/mixin/injection/callback/CallbackInfo;)V won't be passed a CallbackInfo as a result
[20:12:15] [Render thread/DEBUG] (FabricLoader/Mixin) Mixing SoundInstanceMixin from fabric-sound-api-v1.mixins.json into net.minecraft.client.sound.SoundInstance
[20:12:15] [Render thread/DEBUG] (FabricLoader/Mixin) Mixing ResourcePackProfileMixin from fabric-resource-conditions-api-v1.mixins.json into net.minecraft.resource.ResourcePackProfile
[20:12:15] [Render thread/DEBUG] (FabricLoader/Mixin) Mixing ResourcePackProfileMixin from fabric-resource-loader-v0.mixins.json into net.minecraft.resource.ResourcePackProfile
[20:12:15] [Render thread/DEBUG] (FabricLoader/Mixin) Renaming synthetic method lambda$static$0(Ljava/util/Set;)Z to md24ae71$fabric-resource-loader-v0$lambda$static$0$0 in fabric-resource-loader-v0.mixins.json:ResourcePackProfileMixin from mod fabric-resource-loader-v0
[20:12:15] [Render thread/DEBUG] (FabricLoader/Mixin) fabric-resource-loader-v0.mixins.json:ResourcePackProfileMixin from mod fabric-resource-loader-v0->@Inject::onCreateResourcePack(Lorg/spongepowered/asm/mixin/injection/callback/CallbackInfoReturnable;)V does use it's CallbackInfoReturnable
[20:12:16] [Render thread/INFO] (net.minecraft.client.MinecraftClient) Backend library: LWJGL version 3.3.3-snapshot
[20:12:16] [Render thread/DEBUG] (FabricLoader/Mixin) Mixing client.render.WindowMixin from vurstvisual.mixins.json into net.minecraft.client.util.Window
[20:12:16] [Render thread/DEBUG] (FabricLoader/Mixin) vurstvisual.mixins.json:client.render.WindowMixin from mod vurstvisual->@Inject::onWindowSizeChanged(JIILorg/spongepowered/asm/mixin/injection/callback/CallbackInfo;)V doesn't use it's CallbackInfo
[20:12:16] [Download-1/DEBUG] (com.mojang.authlib.yggdrasil.YggdrasilMinecraftSessionService) Couldn't fetch profile properties for 197d9491-ff34-3fd1-8394-1aadd56cfa2c as the profile does not exist
[20:12:16] [Render thread/DEBUG] (FabricLoader/Mixin) Mixing ClientCommandSourceMixin from fabric-command-api-v2.client.mixins.json into net.minecraft.client.network.ClientCommandSource
[20:12:16] [Render thread/DEBUG] (FabricLoader/Mixin) Mixing client.CameraMixin from vurstvisual.mixins.json into net.minecraft.client.render.Camera
[20:12:16] [Render thread/DEBUG] (FabricLoader/Mixin) vurstvisual.mixins.json:client.CameraMixin from mod vurstvisual->@Inject::updateHook(Lnet/minecraft/world/BlockView;Lnet/minecraft/entity/Entity;ZZFLorg/spongepowered/asm/mixin/injection/callback/CallbackInfo;)V does use it's CallbackInfo
[20:12:16] [Render thread/DEBUG] (FabricLoader/Mixin) vurstvisual.mixins.json:client.CameraMixin from mod vurstvisual->@Inject::posHook(Lnet/minecraft/util/math/Vec3d;Lorg/spongepowered/asm/mixin/injection/callback/CallbackInfo;)V does use it's CallbackInfo
[20:12:16] [Render thread/DEBUG] (FabricLoader/Mixin) Mixing client.MouseMixin from vurstvisual.mixins.json into net.minecraft.client.Mouse
[20:12:16] [Render thread/DEBUG] (FabricLoader/Mixin) Mixing MouseMixin from fabric-screen-api-v1.mixins.json into net.minecraft.client.Mouse
[20:12:16] [Render thread/DEBUG] (FabricLoader/Mixin) vurstvisual.mixins.json:client.MouseMixin from mod vurstvisual->@Inject::onMouseButton(JIIILorg/spongepowered/asm/mixin/injection/callback/CallbackInfo;)V doesn't use it's CallbackInfo
[20:12:16] [Render thread/DEBUG] (FabricLoader/Mixin) vurstvisual.mixins.json:client.MouseMixin from mod vurstvisual->@Inject::onMouseButton(JIIILorg/spongepowered/asm/mixin/injection/callback/CallbackInfo;)V has 0 override(s) in child classes
[20:12:16] [Render thread/DEBUG] (FabricLoader/Mixin) vurstvisual.mixins.json:client.MouseMixin from mod vurstvisual->@Inject::onMouseButton(JIIILorg/spongepowered/asm/mixin/injection/callback/CallbackInfo;)V won't be passed a CallbackInfo as a result
[20:12:16] [Render thread/DEBUG] (FabricLoader/Mixin) vurstvisual.mixins.json:client.MouseMixin from mod vurstvisual->@Inject::onMouseScrollHook(JDDLorg/spongepowered/asm/mixin/injection/callback/CallbackInfo;)V does use it's CallbackInfo
[20:12:16] [Render thread/DEBUG] (FabricLoader/Mixin) Mixing client.KeyboardMixin from vurstvisual.mixins.json into net.minecraft.client.Keyboard
[20:12:16] [Render thread/DEBUG] (FabricLoader/Mixin) Mixing KeyboardMixin from fabric-screen-api-v1.mixins.json into net.minecraft.client.Keyboard
[20:12:16] [Render thread/DEBUG] (FabricLoader/Mixin) vurstvisual.mixins.json:client.KeyboardMixin from mod vurstvisual->@Inject::triggerKeyEvent(JIIIILorg/spongepowered/asm/mixin/injection/callback/CallbackInfo;)V doesn't use it's CallbackInfo
[20:12:16] [Render thread/DEBUG] (FabricLoader/Mixin) vurstvisual.mixins.json:client.KeyboardMixin from mod vurstvisual->@Inject::triggerKeyEvent(JIIIILorg/spongepowered/asm/mixin/injection/callback/CallbackInfo;)V has 0 override(s) in child classes
[20:12:16] [Render thread/DEBUG] (FabricLoader/Mixin) vurstvisual.mixins.json:client.KeyboardMixin from mod vurstvisual->@Inject::triggerKeyEvent(JIIIILorg/spongepowered/asm/mixin/injection/callback/CallbackInfo;)V won't be passed a CallbackInfo as a result
[20:12:16] [Render thread/DEBUG] (FabricLoader/Mixin) Mixing LifecycledResourceManagerImplMixin from fabric-resource-loader-v0.mixins.json into net.minecraft.resource.LifecycledResourceManagerImpl
[20:12:16] [Render thread/DEBUG] (FabricLoader/Mixin) fabric-resource-loader-v0.mixins.json:LifecycledResourceManagerImplMixin from mod fabric-resource-loader-v0->@Inject::init(Lnet/minecraft/resource/ResourceType;Ljava/util/List;Lorg/spongepowered/asm/mixin/injection/callback/CallbackInfo;)V doesn't use it's CallbackInfo
[20:12:16] [Render thread/DEBUG] (FabricLoader/Mixin) fabric-resource-loader-v0.mixins.json:LifecycledResourceManagerImplMixin from mod fabric-resource-loader-v0->@Inject::init(Lnet/minecraft/resource/ResourceType;Ljava/util/List;Lorg/spongepowered/asm/mixin/injection/callback/CallbackInfo;)V has 0 override(s) in child classes
[20:12:16] [Render thread/DEBUG] (FabricLoader/Mixin) fabric-resource-loader-v0.mixins.json:LifecycledResourceManagerImplMixin from mod fabric-resource-loader-v0->@Inject::init(Lnet/minecraft/resource/ResourceType;Ljava/util/List;Lorg/spongepowered/asm/mixin/injection/callback/CallbackInfo;)V won't be passed a CallbackInfo as a result
[20:12:17] [Render thread/DEBUG] (net.fabricmc.fabric.impl.resource.loader.ModResourcePackUtil) [Fabric] Starting internal pack sorting with: [vanilla, fabric, fabric-api, fabric-api-base, fabric-api-lookup-api-v1, fabric-biome-api-v1, fabric-block-api-v1, fabric-block-view-api-v2, fabric-blockrenderlayer-v1, fabric-client-gametest-api-v1, fabric-client-tags-api-v1, fabric-command-api-v1, fabric-command-api-v2, fabric-commands-v0, fabric-content-registries-v0, fabric-convention-tags-v1, fabric-convention-tags-v2, fabric-crash-report-info-v1, fabric-data-attachment-api-v1, fabric-data-generation-api-v1, fabric-dimensions-v1, fabric-entity-events-v1, fabric-events-interaction-v0, fabric-game-rule-api-v1, fabric-gametest-api-v1, fabric-item-api-v1, fabric-item-group-api-v1, fabric-item-group-api-v1_programmer_art, fabric-key-binding-api-v1, fabric-keybindings-v0, fabric-lifecycle-events-v1, fabric-loot-api-v2, fabric-loot-api-v3, fabric-message-api-v1, fabric-model-loading-api-v1, fabric-networking-api-v1, fabric-object-builder-api-v1, fabric-particles-v1, fabric-recipe-api-v1, fabric-registry-sync-v0, fabric-renderer-api-v1, fabric-renderer-indigo, fabric-rendering-data-attachment-v1, fabric-rendering-fluids-v1, fabric-rendering-v1, fabric-resource-conditions-api-v1, fabric-resource-loader-v0, fabric-screen-api-v1, fabric-screen-handler-api-v1, fabric-sound-api-v1, fabric-tag-api-v1, fabric-transfer-api-v1, fabric-transitive-access-wideners-v1, fabricloader, vurstvisual]
[20:12:17] [Render thread/DEBUG] (net.fabricmc.fabric.impl.resource.loader.ModResourcePackUtil) [Fabric] Removed all internal packs, result: [vanilla, fabric]
[20:12:17] [Render thread/DEBUG] (net.fabricmc.fabric.impl.resource.loader.ModResourcePackUtil) [Fabric] cur @ fabric, auto-enabled fabric-api, currently enabled: [vanilla, fabric, fabric-api]
[20:12:17] [Render thread/DEBUG] (net.fabricmc.fabric.impl.resource.loader.ModResourcePackUtil) [Fabric] cur @ fabric, auto-enabled fabric-api-base, currently enabled: [vanilla, fabric, fabric-api, fabric-api-base]
[20:12:17] [Render thread/DEBUG] (net.fabricmc.fabric.impl.resource.loader.ModResourcePackUtil) [Fabric] cur @ fabric, auto-enabled fabric-api-lookup-api-v1, currently enabled: [vanilla, fabric, fabric-api, fabric-api-base, fabric-api-lookup-api-v1]
[20:12:17] [Render thread/DEBUG] (net.fabricmc.fabric.impl.resource.loader.ModResourcePackUtil) [Fabric] cur @ fabric, auto-enabled fabric-biome-api-v1, currently enabled: [vanilla, fabric, fabric-api, fabric-api-base, fabric-api-lookup-api-v1, fabric-biome-api-v1]
[20:12:17] [Render thread/DEBUG] (net.fabricmc.fabric.impl.resource.loader.ModResourcePackUtil) [Fabric] cur @ fabric, auto-enabled fabric-block-api-v1, currently enabled: [vanilla, fabric, fabric-api, fabric-api-base, fabric-api-lookup-api-v1, fabric-biome-api-v1, fabric-block-api-v1]
[20:12:17] [Render thread/DEBUG] (net.fabricmc.fabric.impl.resource.loader.ModResourcePackUtil) [Fabric] cur @ fabric, auto-enabled fabric-block-view-api-v2, currently enabled: [vanilla, fabric, fabric-api, fabric-api-base, fabric-api-lookup-api-v1, fabric-biome-api-v1, fabric-block-api-v1, fabric-block-view-api-v2]
[20:12:17] [Render thread/DEBUG] (net.fabricmc.fabric.impl.resource.loader.ModResourcePackUtil) [Fabric] cur @ fabric, auto-enabled fabric-blockrenderlayer-v1, currently enabled: [vanilla, fabric, fabric-api, fabric-api-base, fabric-api-lookup-api-v1, fabric-biome-api-v1, fabric-block-api-v1, fabric-block-view-api-v2, fabric-blockrenderlayer-v1]
[20:12:17] [Render thread/DEBUG] (net.fabricmc.fabric.impl.resource.loader.ModResourcePackUtil) [Fabric] cur @ fabric, auto-enabled fabric-client-gametest-api-v1, currently enabled: [vanilla, fabric, fabric-api, fabric-api-base, fabric-api-lookup-api-v1, fabric-biome-api-v1, fabric-block-api-v1, fabric-block-view-api-v2, fabric-blockrenderlayer-v1, fabric-client-gametest-api-v1]
[20:12:17] [Render thread/DEBUG] (net.fabricmc.fabric.impl.resource.loader.ModResourcePackUtil) [Fabric] cur @ fabric, auto-enabled fabric-client-tags-api-v1, currently enabled: [vanilla, fabric, fabric-api, fabric-api-base, fabric-api-lookup-api-v1, fabric-biome-api-v1, fabric-block-api-v1, fabric-block-view-api-v2, fabric-blockrenderlayer-v1, fabric-client-gametest-api-v1, fabric-client-tags-api-v1]
[20:12:17] [Render thread/DEBUG] (net.fabricmc.fabric.impl.resource.loader.ModResourcePackUtil) [Fabric] cur @ fabric, auto-enabled fabric-command-api-v1, currently enabled: [vanilla, fabric, fabric-api, fabric-api-base, fabric-api-lookup-api-v1, fabric-biome-api-v1, fabric-block-api-v1, fabric-block-view-api-v2, fabric-blockrenderlayer-v1, fabric-client-gametest-api-v1, fabric-client-tags-api-v1, fabric-command-api-v1]
[20:12:17] [Render thread/DEBUG] (net.fabricmc.fabric.impl.resource.loader.ModResourcePackUtil) [Fabric] cur @ fabric, auto-enabled fabric-command-api-v2, currently enabled: [vanilla, fabric, fabric-api, fabric-api-base, fabric-api-lookup-api-v1, fabric-biome-api-v1, fabric-block-api-v1, fabric-block-view-api-v2, fabric-blockrenderlayer-v1, fabric-client-gametest-api-v1, fabric-client-tags-api-v1, fabric-command-api-v1, fabric-command-api-v2]
[20:12:17] [Render thread/DEBUG] (net.fabricmc.fabric.impl.resource.loader.ModResourcePackUtil) [Fabric] cur @ fabric, auto-enabled fabric-commands-v0, currently enabled: [vanilla, fabric, fabric-api, fabric-api-base, fabric-api-lookup-api-v1, fabric-biome-api-v1, fabric-block-api-v1, fabric-block-view-api-v2, fabric-blockrenderlayer-v1, fabric-client-gametest-api-v1, fabric-client-tags-api-v1, fabric-command-api-v1, fabric-command-api-v2, fabric-commands-v0]
[20:12:17] [Render thread/DEBUG] (net.fabricmc.fabric.impl.resource.loader.ModResourcePackUtil) [Fabric] cur @ fabric, auto-enabled fabric-content-registries-v0, currently enabled: [vanilla, fabric, fabric-api, fabric-api-base, fabric-api-lookup-api-v1, fabric-biome-api-v1, fabric-block-api-v1, fabric-block-view-api-v2, fabric-blockrenderlayer-v1, fabric-client-gametest-api-v1, fabric-client-tags-api-v1, fabric-command-api-v1, fabric-command-api-v2, fabric-commands-v0, fabric-content-registries-v0]
[20:12:17] [Render thread/DEBUG] (net.fabricmc.fabric.impl.resource.loader.ModResourcePackUtil) [Fabric] cur @ fabric, auto-enabled fabric-convention-tags-v1, currently enabled: [vanilla, fabric, fabric-api, fabric-api-base, fabric-api-lookup-api-v1, fabric-biome-api-v1, fabric-block-api-v1, fabric-block-view-api-v2, fabric-blockrenderlayer-v1, fabric-client-gametest-api-v1, fabric-client-tags-api-v1, fabric-command-api-v1, fabric-command-api-v2, fabric-commands-v0, fabric-content-registries-v0, fabric-convention-tags-v1]
[20:12:17] [Render thread/DEBUG] (net.fabricmc.fabric.impl.resource.loader.ModResourcePackUtil) [Fabric] cur @ fabric, auto-enabled fabric-convention-tags-v2, currently enabled: [vanilla, fabric, fabric-api, fabric-api-base, fabric-api-lookup-api-v1, fabric-biome-api-v1, fabric-block-api-v1, fabric-block-view-api-v2, fabric-blockrenderlayer-v1, fabric-client-gametest-api-v1, fabric-client-tags-api-v1, fabric-command-api-v1, fabric-command-api-v2, fabric-commands-v0, fabric-content-registries-v0, fabric-convention-tags-v1, fabric-convention-tags-v2]
[20:12:17] [Render thread/DEBUG] (net.fabricmc.fabric.impl.resource.loader.ModResourcePackUtil) [Fabric] cur @ fabric, auto-enabled fabric-crash-report-info-v1, currently enabled: [vanilla, fabric, fabric-api, fabric-api-base, fabric-api-lookup-api-v1, fabric-biome-api-v1, fabric-block-api-v1, fabric-block-view-api-v2, fabric-blockrenderlayer-v1, fabric-client-gametest-api-v1, fabric-client-tags-api-v1, fabric-command-api-v1, fabric-command-api-v2, fabric-commands-v0, fabric-content-registries-v0, fabric-convention-tags-v1, fabric-convention-tags-v2, fabric-crash-report-info-v1]
[20:12:17] [Render thread/DEBUG] (net.fabricmc.fabric.impl.resource.loader.ModResourcePackUtil) [Fabric] cur @ fabric, auto-enabled fabric-data-attachment-api-v1, currently enabled: [vanilla, fabric, fabric-api, fabric-api-base, fabric-api-lookup-api-v1, fabric-biome-api-v1, fabric-block-api-v1, fabric-block-view-api-v2, fabric-blockrenderlayer-v1, fabric-client-gametest-api-v1, fabric-client-tags-api-v1, fabric-command-api-v1, fabric-command-api-v2, fabric-commands-v0, fabric-content-registries-v0, fabric-convention-tags-v1, fabric-convention-tags-v2, fabric-crash-report-info-v1, fabric-data-attachment-api-v1]
[20:12:17] [Render thread/DEBUG] (net.fabricmc.fabric.impl.resource.loader.ModResourcePackUtil) [Fabric] cur @ fabric, auto-enabled fabric-data-generation-api-v1, currently enabled: [vanilla, fabric, fabric-api, fabric-api-base, fabric-api-lookup-api-v1, fabric-biome-api-v1, fabric-block-api-v1, fabric-block-view-api-v2, fabric-blockrenderlayer-v1, fabric-client-gametest-api-v1, fabric-client-tags-api-v1, fabric-command-api-v1, fabric-command-api-v2, fabric-commands-v0, fabric-content-registries-v0, fabric-convention-tags-v1, fabric-convention-tags-v2, fabric-crash-report-info-v1, fabric-data-attachment-api-v1, fabric-data-generation-api-v1]
[20:12:17] [Render thread/DEBUG] (net.fabricmc.fabric.impl.resource.loader.ModResourcePackUtil) [Fabric] cur @ fabric, auto-enabled fabric-dimensions-v1, currently enabled: [vanilla, fabric, fabric-api, fabric-api-base, fabric-api-lookup-api-v1, fabric-biome-api-v1, fabric-block-api-v1, fabric-block-view-api-v2, fabric-blockrenderlayer-v1, fabric-client-gametest-api-v1, fabric-client-tags-api-v1, fabric-command-api-v1, fabric-command-api-v2, fabric-commands-v0, fabric-content-registries-v0, fabric-convention-tags-v1, fabric-convention-tags-v2, fabric-crash-report-info-v1, fabric-data-attachment-api-v1, fabric-data-generation-api-v1, fabric-dimensions-v1]
[20:12:17] [Render thread/DEBUG] (net.fabricmc.fabric.impl.resource.loader.ModResourcePackUtil) [Fabric] cur @ fabric, auto-enabled fabric-entity-events-v1, currently enabled: [vanilla, fabric, fabric-api, fabric-api-base, fabric-api-lookup-api-v1, fabric-biome-api-v1, fabric-block-api-v1, fabric-block-view-api-v2, fabric-blockrenderlayer-v1, fabric-client-gametest-api-v1, fabric-client-tags-api-v1, fabric-command-api-v1, fabric-command-api-v2, fabric-commands-v0, fabric-content-registries-v0, fabric-convention-tags-v1, fabric-convention-tags-v2, fabric-crash-report-info-v1, fabric-data-attachment-api-v1, fabric-data-generation-api-v1, fabric-dimensions-v1, fabric-entity-events-v1]
[20:12:17] [Render thread/DEBUG] (net.fabricmc.fabric.impl.resource.loader.ModResourcePackUtil) [Fabric] cur @ fabric, auto-enabled fabric-events-interaction-v0, currently enabled: [vanilla, fabric, fabric-api, fabric-api-base, fabric-api-lookup-api-v1, fabric-biome-api-v1, fabric-block-api-v1, fabric-block-view-api-v2, fabric-blockrenderlayer-v1, fabric-client-gametest-api-v1, fabric-client-tags-api-v1, fabric-command-api-v1, fabric-command-api-v2, fabric-commands-v0, fabric-content-registries-v0, fabric-convention-tags-v1, fabric-convention-tags-v2, fabric-crash-report-info-v1, fabric-data-attachment-api-v1, fabric-data-generation-api-v1, fabric-dimensions-v1, fabric-entity-events-v1, fabric-events-interaction-v0]
[20:12:17] [Render thread/DEBUG] (net.fabricmc.fabric.impl.resource.loader.ModResourcePackUtil) [Fabric] cur @ fabric, auto-enabled fabric-game-rule-api-v1, currently enabled: [vanilla, fabric, fabric-api, fabric-api-base, fabric-api-lookup-api-v1, fabric-biome-api-v1, fabric-block-api-v1, fabric-block-view-api-v2, fabric-blockrenderlayer-v1, fabric-client-gametest-api-v1, fabric-client-tags-api-v1, fabric-command-api-v1, fabric-command-api-v2, fabric-commands-v0, fabric-content-registries-v0, fabric-convention-tags-v1, fabric-convention-tags-v2, fabric-crash-report-info-v1, fabric-data-attachment-api-v1, fabric-data-generation-api-v1, fabric-dimensions-v1, fabric-entity-events-v1, fabric-events-interaction-v0, fabric-game-rule-api-v1]
[20:12:17] [Render thread/DEBUG] (net.fabricmc.fabric.impl.resource.loader.ModResourcePackUtil) [Fabric] cur @ fabric, auto-enabled fabric-gametest-api-v1, currently enabled: [vanilla, fabric, fabric-api, fabric-api-base, fabric-api-lookup-api-v1, fabric-biome-api-v1, fabric-block-api-v1, fabric-block-view-api-v2, fabric-blockrenderlayer-v1, fabric-client-gametest-api-v1, fabric-client-tags-api-v1, fabric-command-api-v1, fabric-command-api-v2, fabric-commands-v0, fabric-content-registries-v0, fabric-convention-tags-v1, fabric-convention-tags-v2, fabric-crash-report-info-v1, fabric-data-attachment-api-v1, fabric-data-generation-api-v1, fabric-dimensions-v1, fabric-entity-events-v1, fabric-events-interaction-v0, fabric-game-rule-api-v1, fabric-gametest-api-v1]
[20:12:17] [Render thread/DEBUG] (net.fabricmc.fabric.impl.resource.loader.ModResourcePackUtil) [Fabric] cur @ fabric, auto-enabled fabric-item-api-v1, currently enabled: [vanilla, fabric, fabric-api, fabric-api-base, fabric-api-lookup-api-v1, fabric-biome-api-v1, fabric-block-api-v1, fabric-block-view-api-v2, fabric-blockrenderlayer-v1, fabric-client-gametest-api-v1, fabric-client-tags-api-v1, fabric-command-api-v1, fabric-command-api-v2, fabric-commands-v0, fabric-content-registries-v0, fabric-convention-tags-v1, fabric-convention-tags-v2, fabric-crash-report-info-v1, fabric-data-attachment-api-v1, fabric-data-generation-api-v1, fabric-dimensions-v1, fabric-entity-events-v1, fabric-events-interaction-v0, fabric-game-rule-api-v1, fabric-gametest-api-v1, fabric-item-api-v1]
[20:12:17] [Render thread/DEBUG] (net.fabricmc.fabric.impl.resource.loader.ModResourcePackUtil) [Fabric] cur @ fabric, auto-enabled fabric-item-group-api-v1, currently enabled: [vanilla, fabric, fabric-api, fabric-api-base, fabric-api-lookup-api-v1, fabric-biome-api-v1, fabric-block-api-v1, fabric-block-view-api-v2, fabric-blockrenderlayer-v1, fabric-client-gametest-api-v1, fabric-client-tags-api-v1, fabric-command-api-v1, fabric-command-api-v2, fabric-commands-v0, fabric-content-registries-v0, fabric-convention-tags-v1, fabric-convention-tags-v2, fabric-crash-report-info-v1, fabric-data-attachment-api-v1, fabric-data-generation-api-v1, fabric-dimensions-v1, fabric-entity-events-v1, fabric-events-interaction-v0, fabric-game-rule-api-v1, fabric-gametest-api-v1, fabric-item-api-v1, fabric-item-group-api-v1]
[20:12:17] [Render thread/DEBUG] (net.fabricmc.fabric.impl.resource.loader.ModResourcePackUtil) [Fabric] cur @ fabric, auto-enabled fabric-key-binding-api-v1, currently enabled: [vanilla, fabric, fabric-api, fabric-api-base, fabric-api-lookup-api-v1, fabric-biome-api-v1, fabric-block-api-v1, fabric-block-view-api-v2, fabric-blockrenderlayer-v1, fabric-client-gametest-api-v1, fabric-client-tags-api-v1, fabric-command-api-v1, fabric-command-api-v2, fabric-commands-v0, fabric-content-registries-v0, fabric-convention-tags-v1, fabric-convention-tags-v2, fabric-crash-report-info-v1, fabric-data-attachment-api-v1, fabric-data-generation-api-v1, fabric-dimensions-v1, fabric-entity-events-v1, fabric-events-interaction-v0, fabric-game-rule-api-v1, fabric-gametest-api-v1, fabric-item-api-v1, fabric-item-group-api-v1, fabric-key-binding-api-v1]
[20:12:17] [Render thread/DEBUG] (net.fabricmc.fabric.impl.resource.loader.ModResourcePackUtil) [Fabric] cur @ fabric, auto-enabled fabric-keybindings-v0, currently enabled: [vanilla, fabric, fabric-api, fabric-api-base, fabric-api-lookup-api-v1, fabric-biome-api-v1, fabric-block-api-v1, fabric-block-view-api-v2, fabric-blockrenderlayer-v1, fabric-client-gametest-api-v1, fabric-client-tags-api-v1, fabric-command-api-v1, fabric-command-api-v2, fabric-commands-v0, fabric-content-registries-v0, fabric-convention-tags-v1, fabric-convention-tags-v2, fabric-crash-report-info-v1, fabric-data-attachment-api-v1, fabric-data-generation-api-v1, fabric-dimensions-v1, fabric-entity-events-v1, fabric-events-interaction-v0, fabric-game-rule-api-v1, fabric-gametest-api-v1, fabric-item-api-v1, fabric-item-group-api-v1, fabric-key-binding-api-v1, fabric-keybindings-v0]
[20:12:17] [Render thread/DEBUG] (net.fabricmc.fabric.impl.resource.loader.ModResourcePackUtil) [Fabric] cur @ fabric, auto-enabled fabric-lifecycle-events-v1, currently enabled: [vanilla, fabric, fabric-api, fabric-api-base, fabric-api-lookup-api-v1, fabric-biome-api-v1, fabric-block-api-v1, fabric-block-view-api-v2, fabric-blockrenderlayer-v1, fabric-client-gametest-api-v1, fabric-client-tags-api-v1, fabric-command-api-v1, fabric-command-api-v2, fabric-commands-v0, fabric-content-registries-v0, fabric-convention-tags-v1, fabric-convention-tags-v2, fabric-crash-report-info-v1, fabric-data-attachment-api-v1, fabric-data-generation-api-v1, fabric-dimensions-v1, fabric-entity-events-v1, fabric-events-interaction-v0, fabric-game-rule-api-v1, fabric-gametest-api-v1, fabric-item-api-v1, fabric-item-group-api-v1, fabric-key-binding-api-v1, fabric-keybindings-v0, fabric-lifecycle-events-v1]
[20:12:17] [Render thread/DEBUG] (net.fabricmc.fabric.impl.resource.loader.ModResourcePackUtil) [Fabric] cur @ fabric, auto-enabled fabric-loot-api-v2, currently enabled: [vanilla, fabric, fabric-api, fabric-api-base, fabric-api-lookup-api-v1, fabric-biome-api-v1, fabric-block-api-v1, fabric-block-view-api-v2, fabric-blockrenderlayer-v1, fabric-client-gametest-api-v1, fabric-client-tags-api-v1, fabric-command-api-v1, fabric-command-api-v2, fabric-commands-v0, fabric-content-registries-v0, fabric-convention-tags-v1, fabric-convention-tags-v2, fabric-crash-report-info-v1, fabric-data-attachment-api-v1, fabric-data-generation-api-v1, fabric-dimensions-v1, fabric-entity-events-v1, fabric-events-interaction-v0, fabric-game-rule-api-v1, fabric-gametest-api-v1, fabric-item-api-v1, fabric-item-group-api-v1, fabric-key-binding-api-v1, fabric-keybindings-v0, fabric-lifecycle-events-v1, fabric-loot-api-v2]
[20:12:17] [Render thread/DEBUG] (net.fabricmc.fabric.impl.resource.loader.ModResourcePackUtil) [Fabric] cur @ fabric, auto-enabled fabric-loot-api-v3, currently enabled: [vanilla, fabric, fabric-api, fabric-api-base, fabric-api-lookup-api-v1, fabric-biome-api-v1, fabric-block-api-v1, fabric-block-view-api-v2, fabric-blockrenderlayer-v1, fabric-client-gametest-api-v1, fabric-client-tags-api-v1, fabric-command-api-v1, fabric-command-api-v2, fabric-commands-v0, fabric-content-registries-v0, fabric-convention-tags-v1, fabric-convention-tags-v2, fabric-crash-report-info-v1, fabric-data-attachment-api-v1, fabric-data-generation-api-v1, fabric-dimensions-v1, fabric-entity-events-v1, fabric-events-interaction-v0, fabric-game-rule-api-v1, fabric-gametest-api-v1, fabric-item-api-v1, fabric-item-group-api-v1, fabric-key-binding-api-v1, fabric-keybindings-v0, fabric-lifecycle-events-v1, fabric-loot-api-v2, fabric-loot-api-v3]
[20:12:17] [Render thread/DEBUG] (net.fabricmc.fabric.impl.resource.loader.ModResourcePackUtil) [Fabric] cur @ fabric, auto-enabled fabric-message-api-v1, currently enabled: [vanilla, fabric, fabric-api, fabric-api-base, fabric-api-lookup-api-v1, fabric-biome-api-v1, fabric-block-api-v1, fabric-block-view-api-v2, fabric-blockrenderlayer-v1, fabric-client-gametest-api-v1, fabric-client-tags-api-v1, fabric-command-api-v1, fabric-command-api-v2, fabric-commands-v0, fabric-content-registries-v0, fabric-convention-tags-v1, fabric-convention-tags-v2, fabric-crash-report-info-v1, fabric-data-attachment-api-v1, fabric-data-generation-api-v1, fabric-dimensions-v1, fabric-entity-events-v1, fabric-events-interaction-v0, fabric-game-rule-api-v1, fabric-gametest-api-v1, fabric-item-api-v1, fabric-item-group-api-v1, fabric-key-binding-api-v1, fabric-keybindings-v0, fabric-lifecycle-events-v1, fabric-loot-api-v2, fabric-loot-api-v3, fabric-message-api-v1]
[20:12:17] [Render thread/DEBUG] (net.fabricmc.fabric.impl.resource.loader.ModResourcePackUtil) [Fabric] cur @ fabric, auto-enabled fabric-model-loading-api-v1, currently enabled: [vanilla, fabric, fabric-api, fabric-api-base, fabric-api-lookup-api-v1, fabric-biome-api-v1, fabric-block-api-v1, fabric-block-view-api-v2, fabric-blockrenderlayer-v1, fabric-client-gametest-api-v1, fabric-client-tags-api-v1, fabric-command-api-v1, fabric-command-api-v2, fabric-commands-v0, fabric-content-registries-v0, fabric-convention-tags-v1, fabric-convention-tags-v2, fabric-crash-report-info-v1, fabric-data-attachment-api-v1, fabric-data-generation-api-v1, fabric-dimensions-v1, fabric-entity-events-v1, fabric-events-interaction-v0, fabric-game-rule-api-v1, fabric-gametest-api-v1, fabric-item-api-v1, fabric-item-group-api-v1, fabric-key-binding-api-v1, fabric-keybindings-v0, fabric-lifecycle-events-v1, fabric-loot-api-v2, fabric-loot-api-v3, fabric-message-api-v1, fabric-model-loading-api-v1]
[20:12:17] [Render thread/DEBUG] (net.fabricmc.fabric.impl.resource.loader.ModResourcePackUtil) [Fabric] cur @ fabric, auto-enabled fabric-networking-api-v1, currently enabled: [vanilla, fabric, fabric-api, fabric-api-base, fabric-api-lookup-api-v1, fabric-biome-api-v1, fabric-block-api-v1, fabric-block-view-api-v2, fabric-blockrenderlayer-v1, fabric-client-gametest-api-v1, fabric-client-tags-api-v1, fabric-command-api-v1, fabric-command-api-v2, fabric-commands-v0, fabric-content-registries-v0, fabric-convention-tags-v1, fabric-convention-tags-v2, fabric-crash-report-info-v1, fabric-data-attachment-api-v1, fabric-data-generation-api-v1, fabric-dimensions-v1, fabric-entity-events-v1, fabric-events-interaction-v0, fabric-game-rule-api-v1, fabric-gametest-api-v1, fabric-item-api-v1, fabric-item-group-api-v1, fabric-key-binding-api-v1, fabric-keybindings-v0, fabric-lifecycle-events-v1, fabric-loot-api-v2, fabric-loot-api-v3, fabric-message-api-v1, fabric-model-loading-api-v1, fabric-networking-api-v1]
[20:12:17] [Render thread/DEBUG] (net.fabricmc.fabric.impl.resource.loader.ModResourcePackUtil) [Fabric] cur @ fabric, auto-enabled fabric-object-builder-api-v1, currently enabled: [vanilla, fabric, fabric-api, fabric-api-base, fabric-api-lookup-api-v1, fabric-biome-api-v1, fabric-block-api-v1, fabric-block-view-api-v2, fabric-blockrenderlayer-v1, fabric-client-gametest-api-v1, fabric-client-tags-api-v1, fabric-command-api-v1, fabric-command-api-v2, fabric-commands-v0, fabric-content-registries-v0, fabric-convention-tags-v1, fabric-convention-tags-v2, fabric-crash-report-info-v1, fabric-data-attachment-api-v1, fabric-data-generation-api-v1, fabric-dimensions-v1, fabric-entity-events-v1, fabric-events-interaction-v0, fabric-game-rule-api-v1, fabric-gametest-api-v1, fabric-item-api-v1, fabric-item-group-api-v1, fabric-key-binding-api-v1, fabric-keybindings-v0, fabric-lifecycle-events-v1, fabric-loot-api-v2, fabric-loot-api-v3, fabric-message-api-v1, fabric-model-loading-api-v1, fabric-networking-api-v1, fabric-object-builder-api-v1]
[20:12:17] [Render thread/DEBUG] (net.fabricmc.fabric.impl.resource.loader.ModResourcePackUtil) [Fabric] cur @ fabric, auto-enabled fabric-particles-v1, currently enabled: [vanilla, fabric, fabric-api, fabric-api-base, fabric-api-lookup-api-v1, fabric-biome-api-v1, fabric-block-api-v1, fabric-block-view-api-v2, fabric-blockrenderlayer-v1, fabric-client-gametest-api-v1, fabric-client-tags-api-v1, fabric-command-api-v1, fabric-command-api-v2, fabric-commands-v0, fabric-content-registries-v0, fabric-convention-tags-v1, fabric-convention-tags-v2, fabric-crash-report-info-v1, fabric-data-attachment-api-v1, fabric-data-generation-api-v1, fabric-dimensions-v1, fabric-entity-events-v1, fabric-events-interaction-v0, fabric-game-rule-api-v1, fabric-gametest-api-v1, fabric-item-api-v1, fabric-item-group-api-v1, fabric-key-binding-api-v1, fabric-keybindings-v0, fabric-lifecycle-events-v1, fabric-loot-api-v2, fabric-loot-api-v3, fabric-message-api-v1, fabric-model-loading-api-v1, fabric-networking-api-v1, fabric-object-builder-api-v1, fabric-particles-v1]
[20:12:17] [Render thread/DEBUG] (net.fabricmc.fabric.impl.resource.loader.ModResourcePackUtil) [Fabric] cur @ fabric, auto-enabled fabric-recipe-api-v1, currently enabled: [vanilla, fabric, fabric-api, fabric-api-base, fabric-api-lookup-api-v1, fabric-biome-api-v1, fabric-block-api-v1, fabric-block-view-api-v2, fabric-blockrenderlayer-v1, fabric-client-gametest-api-v1, fabric-client-tags-api-v1, fabric-command-api-v1, fabric-command-api-v2, fabric-commands-v0, fabric-content-registries-v0, fabric-convention-tags-v1, fabric-convention-tags-v2, fabric-crash-report-info-v1, fabric-data-attachment-api-v1, fabric-data-generation-api-v1, fabric-dimensions-v1, fabric-entity-events-v1, fabric-events-interaction-v0, fabric-game-rule-api-v1, fabric-gametest-api-v1, fabric-item-api-v1, fabric-item-group-api-v1, fabric-key-binding-api-v1, fabric-keybindings-v0, fabric-lifecycle-events-v1, fabric-loot-api-v2, fabric-loot-api-v3, fabric-message-api-v1, fabric-model-loading-api-v1, fabric-networking-api-v1, fabric-object-builder-api-v1, fabric-particles-v1, fabric-recipe-api-v1]
[20:12:17] [Render thread/DEBUG] (net.fabricmc.fabric.impl.resource.loader.ModResourcePackUtil) [Fabric] cur @ fabric, auto-enabled fabric-registry-sync-v0, currently enabled: [vanilla, fabric, fabric-api, fabric-api-base, fabric-api-lookup-api-v1, fabric-biome-api-v1, fabric-block-api-v1, fabric-block-view-api-v2, fabric-blockrenderlayer-v1, fabric-client-gametest-api-v1, fabric-client-tags-api-v1, fabric-command-api-v1, fabric-command-api-v2, fabric-commands-v0, fabric-content-registries-v0, fabric-convention-tags-v1, fabric-convention-tags-v2, fabric-crash-report-info-v1, fabric-data-attachment-api-v1, fabric-data-generation-api-v1, fabric-dimensions-v1, fabric-entity-events-v1, fabric-events-interaction-v0, fabric-game-rule-api-v1, fabric-gametest-api-v1, fabric-item-api-v1, fabric-item-group-api-v1, fabric-key-binding-api-v1, fabric-keybindings-v0, fabric-lifecycle-events-v1, fabric-loot-api-v2, fabric-loot-api-v3, fabric-message-api-v1, fabric-model-loading-api-v1, fabric-networking-api-v1, fabric-object-builder-api-v1, fabric-particles-v1, fabric-recipe-api-v1, fabric-registry-sync-v0]
[20:12:17] [Render thread/DEBUG] (net.fabricmc.fabric.impl.resource.loader.ModResourcePackUtil) [Fabric] cur @ fabric, auto-enabled fabric-renderer-api-v1, currently enabled: [vanilla, fabric, fabric-api, fabric-api-base, fabric-api-lookup-api-v1, fabric-biome-api-v1, fabric-block-api-v1, fabric-block-view-api-v2, fabric-blockrenderlayer-v1, fabric-client-gametest-api-v1, fabric-client-tags-api-v1, fabric-command-api-v1, fabric-command-api-v2, fabric-commands-v0, fabric-content-registries-v0, fabric-convention-tags-v1, fabric-convention-tags-v2, fabric-crash-report-info-v1, fabric-data-attachment-api-v1, fabric-data-generation-api-v1, fabric-dimensions-v1, fabric-entity-events-v1, fabric-events-interaction-v0, fabric-game-rule-api-v1, fabric-gametest-api-v1, fabric-item-api-v1, fabric-item-group-api-v1, fabric-key-binding-api-v1, fabric-keybindings-v0, fabric-lifecycle-events-v1, fabric-loot-api-v2, fabric-loot-api-v3, fabric-message-api-v1, fabric-model-loading-api-v1, fabric-networking-api-v1, fabric-object-builder-api-v1, fabric-particles-v1, fabric-recipe-api-v1, fabric-registry-sync-v0, fabric-renderer-api-v1]
[20:12:17] [Render thread/DEBUG] (net.fabricmc.fabric.impl.resource.loader.ModResourcePackUtil) [Fabric] cur @ fabric, auto-enabled fabric-renderer-indigo, currently enabled: [vanilla, fabric, fabric-api, fabric-api-base, fabric-api-lookup-api-v1, fabric-biome-api-v1, fabric-block-api-v1, fabric-block-view-api-v2, fabric-blockrenderlayer-v1, fabric-client-gametest-api-v1, fabric-client-tags-api-v1, fabric-command-api-v1, fabric-command-api-v2, fabric-commands-v0, fabric-content-registries-v0, fabric-convention-tags-v1, fabric-convention-tags-v2, fabric-crash-report-info-v1, fabric-data-attachment-api-v1, fabric-data-generation-api-v1, fabric-dimensions-v1, fabric-entity-events-v1, fabric-events-interaction-v0, fabric-game-rule-api-v1, fabric-gametest-api-v1, fabric-item-api-v1, fabric-item-group-api-v1, fabric-key-binding-api-v1, fabric-keybindings-v0, fabric-lifecycle-events-v1, fabric-loot-api-v2, fabric-loot-api-v3, fabric-message-api-v1, fabric-model-loading-api-v1, fabric-networking-api-v1, fabric-object-builder-api-v1, fabric-particles-v1, fabric-recipe-api-v1, fabric-registry-sync-v0, fabric-renderer-api-v1, fabric-renderer-indigo]
[20:12:17] [Render thread/DEBUG] (net.fabricmc.fabric.impl.resource.loader.ModResourcePackUtil) [Fabric] cur @ fabric, auto-enabled fabric-rendering-data-attachment-v1, currently enabled: [vanilla, fabric, fabric-api, fabric-api-base, fabric-api-lookup-api-v1, fabric-biome-api-v1, fabric-block-api-v1, fabric-block-view-api-v2, fabric-blockrenderlayer-v1, fabric-client-gametest-api-v1, fabric-client-tags-api-v1, fabric-command-api-v1, fabric-command-api-v2, fabric-commands-v0, fabric-content-registries-v0, fabric-convention-tags-v1, fabric-convention-tags-v2, fabric-crash-report-info-v1, fabric-data-attachment-api-v1, fabric-data-generation-api-v1, fabric-dimensions-v1, fabric-entity-events-v1, fabric-events-interaction-v0, fabric-game-rule-api-v1, fabric-gametest-api-v1, fabric-item-api-v1, fabric-item-group-api-v1, fabric-key-binding-api-v1, fabric-keybindings-v0, fabric-lifecycle-events-v1, fabric-loot-api-v2, fabric-loot-api-v3, fabric-message-api-v1, fabric-model-loading-api-v1, fabric-networking-api-v1, fabric-object-builder-api-v1, fabric-particles-v1, fabric-recipe-api-v1, fabric-registry-sync-v0, fabric-renderer-api-v1, fabric-renderer-indigo, fabric-rendering-data-attachment-v1]
[20:12:17] [Render thread/DEBUG] (net.fabricmc.fabric.impl.resource.loader.ModResourcePackUtil) [Fabric] cur @ fabric, auto-enabled fabric-rendering-fluids-v1, currently enabled: [vanilla, fabric, fabric-api, fabric-api-base, fabric-api-lookup-api-v1, fabric-biome-api-v1, fabric-block-api-v1, fabric-block-view-api-v2, fabric-blockrenderlayer-v1, fabric-client-gametest-api-v1, fabric-client-tags-api-v1, fabric-command-api-v1, fabric-command-api-v2, fabric-commands-v0, fabric-content-registries-v0, fabric-convention-tags-v1, fabric-convention-tags-v2, fabric-crash-report-info-v1, fabric-data-attachment-api-v1, fabric-data-generation-api-v1, fabric-dimensions-v1, fabric-entity-events-v1, fabric-events-interaction-v0, fabric-game-rule-api-v1, fabric-gametest-api-v1, fabric-item-api-v1, fabric-item-group-api-v1, fabric-key-binding-api-v1, fabric-keybindings-v0, fabric-lifecycle-events-v1, fabric-loot-api-v2, fabric-loot-api-v3, fabric-message-api-v1, fabric-model-loading-api-v1, fabric-networking-api-v1, fabric-object-builder-api-v1, fabric-particles-v1, fabric-recipe-api-v1, fabric-registry-sync-v0, fabric-renderer-api-v1, fabric-renderer-indigo, fabric-rendering-data-attachment-v1, fabric-rendering-fluids-v1]
[20:12:17] [Render thread/DEBUG] (net.fabricmc.fabric.impl.resource.loader.ModResourcePackUtil) [Fabric] cur @ fabric, auto-enabled fabric-rendering-v1, currently enabled: [vanilla, fabric, fabric-api, fabric-api-base, fabric-api-lookup-api-v1, fabric-biome-api-v1, fabric-block-api-v1, fabric-block-view-api-v2, fabric-blockrenderlayer-v1, fabric-client-gametest-api-v1, fabric-client-tags-api-v1, fabric-command-api-v1, fabric-command-api-v2, fabric-commands-v0, fabric-content-registries-v0, fabric-convention-tags-v1, fabric-convention-tags-v2, fabric-crash-report-info-v1, fabric-data-attachment-api-v1, fabric-data-generation-api-v1, fabric-dimensions-v1, fabric-entity-events-v1, fabric-events-interaction-v0, fabric-game-rule-api-v1, fabric-gametest-api-v1, fabric-item-api-v1, fabric-item-group-api-v1, fabric-key-binding-api-v1, fabric-keybindings-v0, fabric-lifecycle-events-v1, fabric-loot-api-v2, fabric-loot-api-v3, fabric-message-api-v1, fabric-model-loading-api-v1, fabric-networking-api-v1, fabric-object-builder-api-v1, fabric-particles-v1, fabric-recipe-api-v1, fabric-registry-sync-v0, fabric-renderer-api-v1, fabric-renderer-indigo, fabric-rendering-data-attachment-v1, fabric-rendering-fluids-v1, fabric-rendering-v1]
[20:12:17] [Render thread/DEBUG] (net.fabricmc.fabric.impl.resource.loader.ModResourcePackUtil) [Fabric] cur @ fabric, auto-enabled fabric-resource-conditions-api-v1, currently enabled: [vanilla, fabric, fabric-api, fabric-api-base, fabric-api-lookup-api-v1, fabric-biome-api-v1, fabric-block-api-v1, fabric-block-view-api-v2, fabric-blockrenderlayer-v1, fabric-client-gametest-api-v1, fabric-client-tags-api-v1, fabric-command-api-v1, fabric-command-api-v2, fabric-commands-v0, fabric-content-registries-v0, fabric-convention-tags-v1, fabric-convention-tags-v2, fabric-crash-report-info-v1, fabric-data-attachment-api-v1, fabric-data-generation-api-v1, fabric-dimensions-v1, fabric-entity-events-v1, fabric-events-interaction-v0, fabric-game-rule-api-v1, fabric-gametest-api-v1, fabric-item-api-v1, fabric-item-group-api-v1, fabric-key-binding-api-v1, fabric-keybindings-v0, fabric-lifecycle-events-v1, fabric-loot-api-v2, fabric-loot-api-v3, fabric-message-api-v1, fabric-model-loading-api-v1, fabric-networking-api-v1, fabric-object-builder-api-v1, fabric-particles-v1, fabric-recipe-api-v1, fabric-registry-sync-v0, fabric-renderer-api-v1, fabric-renderer-indigo, fabric-rendering-data-attachment-v1, fabric-rendering-fluids-v1, fabric-rendering-v1, fabric-resource-conditions-api-v1]
[20:12:17] [Render thread/DEBUG] (net.fabricmc.fabric.impl.resource.loader.ModResourcePackUtil) [Fabric] cur @ fabric, auto-enabled fabric-resource-loader-v0, currently enabled: [vanilla, fabric, fabric-api, fabric-api-base, fabric-api-lookup-api-v1, fabric-biome-api-v1, fabric-block-api-v1, fabric-block-view-api-v2, fabric-blockrenderlayer-v1, fabric-client-gametest-api-v1, fabric-client-tags-api-v1, fabric-command-api-v1, fabric-command-api-v2, fabric-commands-v0, fabric-content-registries-v0, fabric-convention-tags-v1, fabric-convention-tags-v2, fabric-crash-report-info-v1, fabric-data-attachment-api-v1, fabric-data-generation-api-v1, fabric-dimensions-v1, fabric-entity-events-v1, fabric-events-interaction-v0, fabric-game-rule-api-v1, fabric-gametest-api-v1, fabric-item-api-v1, fabric-item-group-api-v1, fabric-key-binding-api-v1, fabric-keybindings-v0, fabric-lifecycle-events-v1, fabric-loot-api-v2, fabric-loot-api-v3, fabric-message-api-v1, fabric-model-loading-api-v1, fabric-networking-api-v1, fabric-object-builder-api-v1, fabric-particles-v1, fabric-recipe-api-v1, fabric-registry-sync-v0, fabric-renderer-api-v1, fabric-renderer-indigo, fabric-rendering-data-attachment-v1, fabric-rendering-fluids-v1, fabric-rendering-v1, fabric-resource-conditions-api-v1, fabric-resource-loader-v0]
[20:12:17] [Render thread/DEBUG] (net.fabricmc.fabric.impl.resource.loader.ModResourcePackUtil) [Fabric] cur @ fabric, auto-enabled fabric-screen-api-v1, currently enabled: [vanilla, fabric, fabric-api, fabric-api-base, fabric-api-lookup-api-v1, fabric-biome-api-v1, fabric-block-api-v1, fabric-block-view-api-v2, fabric-blockrenderlayer-v1, fabric-client-gametest-api-v1, fabric-client-tags-api-v1, fabric-command-api-v1, fabric-command-api-v2, fabric-commands-v0, fabric-content-registries-v0, fabric-convention-tags-v1, fabric-convention-tags-v2, fabric-crash-report-info-v1, fabric-data-attachment-api-v1, fabric-data-generation-api-v1, fabric-dimensions-v1, fabric-entity-events-v1, fabric-events-interaction-v0, fabric-game-rule-api-v1, fabric-gametest-api-v1, fabric-item-api-v1, fabric-item-group-api-v1, fabric-key-binding-api-v1, fabric-keybindings-v0, fabric-lifecycle-events-v1, fabric-loot-api-v2, fabric-loot-api-v3, fabric-message-api-v1, fabric-model-loading-api-v1, fabric-networking-api-v1, fabric-object-builder-api-v1, fabric-particles-v1, fabric-recipe-api-v1, fabric-registry-sync-v0, fabric-renderer-api-v1, fabric-renderer-indigo, fabric-rendering-data-attachment-v1, fabric-rendering-fluids-v1, fabric-rendering-v1, fabric-resource-conditions-api-v1, fabric-resource-loader-v0, fabric-screen-api-v1]
[20:12:17] [Render thread/DEBUG] (net.fabricmc.fabric.impl.resource.loader.ModResourcePackUtil) [Fabric] cur @ fabric, auto-enabled fabric-screen-handler-api-v1, currently enabled: [vanilla, fabric, fabric-api, fabric-api-base, fabric-api-lookup-api-v1, fabric-biome-api-v1, fabric-block-api-v1, fabric-block-view-api-v2, fabric-blockrenderlayer-v1, fabric-client-gametest-api-v1, fabric-client-tags-api-v1, fabric-command-api-v1, fabric-command-api-v2, fabric-commands-v0, fabric-content-registries-v0, fabric-convention-tags-v1, fabric-convention-tags-v2, fabric-crash-report-info-v1, fabric-data-attachment-api-v1, fabric-data-generation-api-v1, fabric-dimensions-v1, fabric-entity-events-v1, fabric-events-interaction-v0, fabric-game-rule-api-v1, fabric-gametest-api-v1, fabric-item-api-v1, fabric-item-group-api-v1, fabric-key-binding-api-v1, fabric-keybindings-v0, fabric-lifecycle-events-v1, fabric-loot-api-v2, fabric-loot-api-v3, fabric-message-api-v1, fabric-model-loading-api-v1, fabric-networking-api-v1, fabric-object-builder-api-v1, fabric-particles-v1, fabric-recipe-api-v1, fabric-registry-sync-v0, fabric-renderer-api-v1, fabric-renderer-indigo, fabric-rendering-data-attachment-v1, fabric-rendering-fluids-v1, fabric-rendering-v1, fabric-resource-conditions-api-v1, fabric-resource-loader-v0, fabric-screen-api-v1, fabric-screen-handler-api-v1]
[20:12:17] [Render thread/DEBUG] (net.fabricmc.fabric.impl.resource.loader.ModResourcePackUtil) [Fabric] cur @ fabric, auto-enabled fabric-sound-api-v1, currently enabled: [vanilla, fabric, fabric-api, fabric-api-base, fabric-api-lookup-api-v1, fabric-biome-api-v1, fabric-block-api-v1, fabric-block-view-api-v2, fabric-blockrenderlayer-v1, fabric-client-gametest-api-v1, fabric-client-tags-api-v1, fabric-command-api-v1, fabric-command-api-v2, fabric-commands-v0, fabric-content-registries-v0, fabric-convention-tags-v1, fabric-convention-tags-v2, fabric-crash-report-info-v1, fabric-data-attachment-api-v1, fabric-data-generation-api-v1, fabric-dimensions-v1, fabric-entity-events-v1, fabric-events-interaction-v0, fabric-game-rule-api-v1, fabric-gametest-api-v1, fabric-item-api-v1, fabric-item-group-api-v1, fabric-key-binding-api-v1, fabric-keybindings-v0, fabric-lifecycle-events-v1, fabric-loot-api-v2, fabric-loot-api-v3, fabric-message-api-v1, fabric-model-loading-api-v1, fabric-networking-api-v1, fabric-object-builder-api-v1, fabric-particles-v1, fabric-recipe-api-v1, fabric-registry-sync-v0, fabric-renderer-api-v1, fabric-renderer-indigo, fabric-rendering-data-attachment-v1, fabric-rendering-fluids-v1, fabric-rendering-v1, fabric-resource-conditions-api-v1, fabric-resource-loader-v0, fabric-screen-api-v1, fabric-screen-handler-api-v1, fabric-sound-api-v1]
[20:12:17] [Render thread/DEBUG] (net.fabricmc.fabric.impl.resource.loader.ModResourcePackUtil) [Fabric] cur @ fabric, auto-enabled fabric-tag-api-v1, currently enabled: [vanilla, fabric, fabric-api, fabric-api-base, fabric-api-lookup-api-v1, fabric-biome-api-v1, fabric-block-api-v1, fabric-block-view-api-v2, fabric-blockrenderlayer-v1, fabric-client-gametest-api-v1, fabric-client-tags-api-v1, fabric-command-api-v1, fabric-command-api-v2, fabric-commands-v0, fabric-content-registries-v0, fabric-convention-tags-v1, fabric-convention-tags-v2, fabric-crash-report-info-v1, fabric-data-attachment-api-v1, fabric-data-generation-api-v1, fabric-dimensions-v1, fabric-entity-events-v1, fabric-events-interaction-v0, fabric-game-rule-api-v1, fabric-gametest-api-v1, fabric-item-api-v1, fabric-item-group-api-v1, fabric-key-binding-api-v1, fabric-keybindings-v0, fabric-lifecycle-events-v1, fabric-loot-api-v2, fabric-loot-api-v3, fabric-message-api-v1, fabric-model-loading-api-v1, fabric-networking-api-v1, fabric-object-builder-api-v1, fabric-particles-v1, fabric-recipe-api-v1, fabric-registry-sync-v0, fabric-renderer-api-v1, fabric-renderer-indigo, fabric-rendering-data-attachment-v1, fabric-rendering-fluids-v1, fabric-rendering-v1, fabric-resource-conditions-api-v1, fabric-resource-loader-v0, fabric-screen-api-v1, fabric-screen-handler-api-v1, fabric-sound-api-v1, fabric-tag-api-v1]
[20:12:17] [Render thread/DEBUG] (net.fabricmc.fabric.impl.resource.loader.ModResourcePackUtil) [Fabric] cur @ fabric, auto-enabled fabric-transfer-api-v1, currently enabled: [vanilla, fabric, fabric-api, fabric-api-base, fabric-api-lookup-api-v1, fabric-biome-api-v1, fabric-block-api-v1, fabric-block-view-api-v2, fabric-blockrenderlayer-v1, fabric-client-gametest-api-v1, fabric-client-tags-api-v1, fabric-command-api-v1, fabric-command-api-v2, fabric-commands-v0, fabric-content-registries-v0, fabric-convention-tags-v1, fabric-convention-tags-v2, fabric-crash-report-info-v1, fabric-data-attachment-api-v1, fabric-data-generation-api-v1, fabric-dimensions-v1, fabric-entity-events-v1, fabric-events-interaction-v0, fabric-game-rule-api-v1, fabric-gametest-api-v1, fabric-item-api-v1, fabric-item-group-api-v1, fabric-key-binding-api-v1, fabric-keybindings-v0, fabric-lifecycle-events-v1, fabric-loot-api-v2, fabric-loot-api-v3, fabric-message-api-v1, fabric-model-loading-api-v1, fabric-networking-api-v1, fabric-object-builder-api-v1, fabric-particles-v1, fabric-recipe-api-v1, fabric-registry-sync-v0, fabric-renderer-api-v1, fabric-renderer-indigo, fabric-rendering-data-attachment-v1, fabric-rendering-fluids-v1, fabric-rendering-v1, fabric-resource-conditions-api-v1, fabric-resource-loader-v0, fabric-screen-api-v1, fabric-screen-handler-api-v1, fabric-sound-api-v1, fabric-tag-api-v1, fabric-transfer-api-v1]
[20:12:17] [Render thread/DEBUG] (net.fabricmc.fabric.impl.resource.loader.ModResourcePackUtil) [Fabric] cur @ fabric, auto-enabled fabric-transitive-access-wideners-v1, currently enabled: [vanilla, fabric, fabric-api, fabric-api-base, fabric-api-lookup-api-v1, fabric-biome-api-v1, fabric-block-api-v1, fabric-block-view-api-v2, fabric-blockrenderlayer-v1, fabric-client-gametest-api-v1, fabric-client-tags-api-v1, fabric-command-api-v1, fabric-command-api-v2, fabric-commands-v0, fabric-content-registries-v0, fabric-convention-tags-v1, fabric-convention-tags-v2, fabric-crash-report-info-v1, fabric-data-attachment-api-v1, fabric-data-generation-api-v1, fabric-dimensions-v1, fabric-entity-events-v1, fabric-events-interaction-v0, fabric-game-rule-api-v1, fabric-gametest-api-v1, fabric-item-api-v1, fabric-item-group-api-v1, fabric-key-binding-api-v1, fabric-keybindings-v0, fabric-lifecycle-events-v1, fabric-loot-api-v2, fabric-loot-api-v3, fabric-message-api-v1, fabric-model-loading-api-v1, fabric-networking-api-v1, fabric-object-builder-api-v1, fabric-particles-v1, fabric-recipe-api-v1, fabric-registry-sync-v0, fabric-renderer-api-v1, fabric-renderer-indigo, fabric-rendering-data-attachment-v1, fabric-rendering-fluids-v1, fabric-rendering-v1, fabric-resource-conditions-api-v1, fabric-resource-loader-v0, fabric-screen-api-v1, fabric-screen-handler-api-v1, fabric-sound-api-v1, fabric-tag-api-v1, fabric-transfer-api-v1, fabric-transitive-access-wideners-v1]
[20:12:17] [Render thread/DEBUG] (net.fabricmc.fabric.impl.resource.loader.ModResourcePackUtil) [Fabric] cur @ fabric, auto-enabled fabricloader, currently enabled: [vanilla, fabric, fabric-api, fabric-api-base, fabric-api-lookup-api-v1, fabric-biome-api-v1, fabric-block-api-v1, fabric-block-view-api-v2, fabric-blockrenderlayer-v1, fabric-client-gametest-api-v1, fabric-client-tags-api-v1, fabric-command-api-v1, fabric-command-api-v2, fabric-commands-v0, fabric-content-registries-v0, fabric-convention-tags-v1, fabric-convention-tags-v2, fabric-crash-report-info-v1, fabric-data-attachment-api-v1, fabric-data-generation-api-v1, fabric-dimensions-v1, fabric-entity-events-v1, fabric-events-interaction-v0, fabric-game-rule-api-v1, fabric-gametest-api-v1, fabric-item-api-v1, fabric-item-group-api-v1, fabric-key-binding-api-v1, fabric-keybindings-v0, fabric-lifecycle-events-v1, fabric-loot-api-v2, fabric-loot-api-v3, fabric-message-api-v1, fabric-model-loading-api-v1, fabric-networking-api-v1, fabric-object-builder-api-v1, fabric-particles-v1, fabric-recipe-api-v1, fabric-registry-sync-v0, fabric-renderer-api-v1, fabric-renderer-indigo, fabric-rendering-data-attachment-v1, fabric-rendering-fluids-v1, fabric-rendering-v1, fabric-resource-conditions-api-v1, fabric-resource-loader-v0, fabric-screen-api-v1, fabric-screen-handler-api-v1, fabric-sound-api-v1, fabric-tag-api-v1, fabric-transfer-api-v1, fabric-transitive-access-wideners-v1, fabricloader]
[20:12:17] [Render thread/DEBUG] (net.fabricmc.fabric.impl.resource.loader.ModResourcePackUtil) [Fabric] cur @ fabric, auto-enabled vurstvisual, currently enabled: [vanilla, fabric, fabric-api, fabric-api-base, fabric-api-lookup-api-v1, fabric-biome-api-v1, fabric-block-api-v1, fabric-block-view-api-v2, fabric-blockrenderlayer-v1, fabric-client-gametest-api-v1, fabric-client-tags-api-v1, fabric-command-api-v1, fabric-command-api-v2, fabric-commands-v0, fabric-content-registries-v0, fabric-convention-tags-v1, fabric-convention-tags-v2, fabric-crash-report-info-v1, fabric-data-attachment-api-v1, fabric-data-generation-api-v1, fabric-dimensions-v1, fabric-entity-events-v1, fabric-events-interaction-v0, fabric-game-rule-api-v1, fabric-gametest-api-v1, fabric-item-api-v1, fabric-item-group-api-v1, fabric-key-binding-api-v1, fabric-keybindings-v0, fabric-lifecycle-events-v1, fabric-loot-api-v2, fabric-loot-api-v3, fabric-message-api-v1, fabric-model-loading-api-v1, fabric-networking-api-v1, fabric-object-builder-api-v1, fabric-particles-v1, fabric-recipe-api-v1, fabric-registry-sync-v0, fabric-renderer-api-v1, fabric-renderer-indigo, fabric-rendering-data-attachment-v1, fabric-rendering-fluids-v1, fabric-rendering-v1, fabric-resource-conditions-api-v1, fabric-resource-loader-v0, fabric-screen-api-v1, fabric-screen-handler-api-v1, fabric-sound-api-v1, fabric-tag-api-v1, fabric-transfer-api-v1, fabric-transitive-access-wideners-v1, fabricloader, vurstvisual]
[20:12:17] [Render thread/DEBUG] (net.fabricmc.fabric.impl.resource.loader.ModResourcePackUtil) [Fabric] Final sorting result: [vanilla, fabric, fabric-api, fabric-api-base, fabric-api-lookup-api-v1, fabric-biome-api-v1, fabric-block-api-v1, fabric-block-view-api-v2, fabric-blockrenderlayer-v1, fabric-client-gametest-api-v1, fabric-client-tags-api-v1, fabric-command-api-v1, fabric-command-api-v2, fabric-commands-v0, fabric-content-registries-v0, fabric-convention-tags-v1, fabric-convention-tags-v2, fabric-crash-report-info-v1, fabric-data-attachment-api-v1, fabric-data-generation-api-v1, fabric-dimensions-v1, fabric-entity-events-v1, fabric-events-interaction-v0, fabric-game-rule-api-v1, fabric-gametest-api-v1, fabric-item-api-v1, fabric-item-group-api-v1, fabric-key-binding-api-v1, fabric-keybindings-v0, fabric-lifecycle-events-v1, fabric-loot-api-v2, fabric-loot-api-v3, fabric-message-api-v1, fabric-model-loading-api-v1, fabric-networking-api-v1, fabric-object-builder-api-v1, fabric-particles-v1, fabric-recipe-api-v1, fabric-registry-sync-v0, fabric-renderer-api-v1, fabric-renderer-indigo, fabric-rendering-data-attachment-v1, fabric-rendering-fluids-v1, fabric-rendering-v1, fabric-resource-conditions-api-v1, fabric-resource-loader-v0, fabric-screen-api-v1, fabric-screen-handler-api-v1, fabric-sound-api-v1, fabric-tag-api-v1, fabric-transfer-api-v1, fabric-transitive-access-wideners-v1, fabricloader, vurstvisual]
[20:12:17] [Render thread/DEBUG] (net.fabricmc.fabric.impl.resource.loader.ModResourcePackUtil) [Fabric] Starting internal pack sorting with: [vanilla, fabric, fabric-api, fabric-api-base, fabric-api-lookup-api-v1, fabric-biome-api-v1, fabric-block-api-v1, fabric-block-view-api-v2, fabric-blockrenderlayer-v1, fabric-client-gametest-api-v1, fabric-client-tags-api-v1, fabric-command-api-v1, fabric-command-api-v2, fabric-commands-v0, fabric-content-registries-v0, fabric-convention-tags-v1, fabric-convention-tags-v2, fabric-crash-report-info-v1, fabric-data-attachment-api-v1, fabric-data-generation-api-v1, fabric-dimensions-v1, fabric-entity-events-v1, fabric-events-interaction-v0, fabric-game-rule-api-v1, fabric-gametest-api-v1, fabric-item-api-v1, fabric-item-group-api-v1, fabric-item-group-api-v1_programmer_art, fabric-key-binding-api-v1, fabric-keybindings-v0, fabric-lifecycle-events-v1, fabric-loot-api-v2, fabric-loot-api-v3, fabric-message-api-v1, fabric-model-loading-api-v1, fabric-networking-api-v1, fabric-object-builder-api-v1, fabric-particles-v1, fabric-recipe-api-v1, fabric-registry-sync-v0, fabric-renderer-api-v1, fabric-renderer-indigo, fabric-rendering-data-attachment-v1, fabric-rendering-fluids-v1, fabric-rendering-v1, fabric-resource-conditions-api-v1, fabric-resource-loader-v0, fabric-screen-api-v1, fabric-screen-handler-api-v1, fabric-sound-api-v1, fabric-tag-api-v1, fabric-transfer-api-v1, fabric-transitive-access-wideners-v1, fabricloader, vurstvisual]
[20:12:17] [Render thread/DEBUG] (net.fabricmc.fabric.impl.resource.loader.ModResourcePackUtil) [Fabric] Removed all internal packs, result: [vanilla, fabric]
[20:12:17] [Render thread/DEBUG] (net.fabricmc.fabric.impl.resource.loader.ModResourcePackUtil) [Fabric] cur @ fabric, auto-enabled fabric-api, currently enabled: [vanilla, fabric, fabric-api]
[20:12:17] [Render thread/DEBUG] (net.fabricmc.fabric.impl.resource.loader.ModResourcePackUtil) [Fabric] cur @ fabric, auto-enabled fabric-api-base, currently enabled: [vanilla, fabric, fabric-api, fabric-api-base]
[20:12:17] [Render thread/DEBUG] (net.fabricmc.fabric.impl.resource.loader.ModResourcePackUtil) [Fabric] cur @ fabric, auto-enabled fabric-api-lookup-api-v1, currently enabled: [vanilla, fabric, fabric-api, fabric-api-base, fabric-api-lookup-api-v1]
[20:12:17] [Render thread/DEBUG] (net.fabricmc.fabric.impl.resource.loader.ModResourcePackUtil) [Fabric] cur @ fabric, auto-enabled fabric-biome-api-v1, currently enabled: [vanilla, fabric, fabric-api, fabric-api-base, fabric-api-lookup-api-v1, fabric-biome-api-v1]
[20:12:17] [Render thread/DEBUG] (net.fabricmc.fabric.impl.resource.loader.ModResourcePackUtil) [Fabric] cur @ fabric, auto-enabled fabric-block-api-v1, currently enabled: [vanilla, fabric, fabric-api, fabric-api-base, fabric-api-lookup-api-v1, fabric-biome-api-v1, fabric-block-api-v1]
[20:12:17] [Render thread/DEBUG] (net.fabricmc.fabric.impl.resource.loader.ModResourcePackUtil) [Fabric] cur @ fabric, auto-enabled fabric-block-view-api-v2, currently enabled: [vanilla, fabric, fabric-api, fabric-api-base, fabric-api-lookup-api-v1, fabric-biome-api-v1, fabric-block-api-v1, fabric-block-view-api-v2]
[20:12:17] [Render thread/DEBUG] (net.fabricmc.fabric.impl.resource.loader.ModResourcePackUtil) [Fabric] cur @ fabric, auto-enabled fabric-blockrenderlayer-v1, currently enabled: [vanilla, fabric, fabric-api, fabric-api-base, fabric-api-lookup-api-v1, fabric-biome-api-v1, fabric-block-api-v1, fabric-block-view-api-v2, fabric-blockrenderlayer-v1]
[20:12:17] [Render thread/DEBUG] (net.fabricmc.fabric.impl.resource.loader.ModResourcePackUtil) [Fabric] cur @ fabric, auto-enabled fabric-client-gametest-api-v1, currently enabled: [vanilla, fabric, fabric-api, fabric-api-base, fabric-api-lookup-api-v1, fabric-biome-api-v1, fabric-block-api-v1, fabric-block-view-api-v2, fabric-blockrenderlayer-v1, fabric-client-gametest-api-v1]
[20:12:17] [Render thread/DEBUG] (net.fabricmc.fabric.impl.resource.loader.ModResourcePackUtil) [Fabric] cur @ fabric, auto-enabled fabric-client-tags-api-v1, currently enabled: [vanilla, fabric, fabric-api, fabric-api-base, fabric-api-lookup-api-v1, fabric-biome-api-v1, fabric-block-api-v1, fabric-block-view-api-v2, fabric-blockrenderlayer-v1, fabric-client-gametest-api-v1, fabric-client-tags-api-v1]
[20:12:17] [Render thread/DEBUG] (net.fabricmc.fabric.impl.resource.loader.ModResourcePackUtil) [Fabric] cur @ fabric, auto-enabled fabric-command-api-v1, currently enabled: [vanilla, fabric, fabric-api, fabric-api-base, fabric-api-lookup-api-v1, fabric-biome-api-v1, fabric-block-api-v1, fabric-block-view-api-v2, fabric-blockrenderlayer-v1, fabric-client-gametest-api-v1, fabric-client-tags-api-v1, fabric-command-api-v1]
[20:12:17] [Render thread/DEBUG] (net.fabricmc.fabric.impl.resource.loader.ModResourcePackUtil) [Fabric] cur @ fabric, auto-enabled fabric-command-api-v2, currently enabled: [vanilla, fabric, fabric-api, fabric-api-base, fabric-api-lookup-api-v1, fabric-biome-api-v1, fabric-block-api-v1, fabric-block-view-api-v2, fabric-blockrenderlayer-v1, fabric-client-gametest-api-v1, fabric-client-tags-api-v1, fabric-command-api-v1, fabric-command-api-v2]
[20:12:17] [Render thread/DEBUG] (net.fabricmc.fabric.impl.resource.loader.ModResourcePackUtil) [Fabric] cur @ fabric, auto-enabled fabric-commands-v0, currently enabled: [vanilla, fabric, fabric-api, fabric-api-base, fabric-api-lookup-api-v1, fabric-biome-api-v1, fabric-block-api-v1, fabric-block-view-api-v2, fabric-blockrenderlayer-v1, fabric-client-gametest-api-v1, fabric-client-tags-api-v1, fabric-command-api-v1, fabric-command-api-v2, fabric-commands-v0]
[20:12:17] [Render thread/DEBUG] (net.fabricmc.fabric.impl.resource.loader.ModResourcePackUtil) [Fabric] cur @ fabric, auto-enabled fabric-content-registries-v0, currently enabled: [vanilla, fabric, fabric-api, fabric-api-base, fabric-api-lookup-api-v1, fabric-biome-api-v1, fabric-block-api-v1, fabric-block-view-api-v2, fabric-blockrenderlayer-v1, fabric-client-gametest-api-v1, fabric-client-tags-api-v1, fabric-command-api-v1, fabric-command-api-v2, fabric-commands-v0, fabric-content-registries-v0]
[20:12:17] [Render thread/DEBUG] (net.fabricmc.fabric.impl.resource.loader.ModResourcePackUtil) [Fabric] cur @ fabric, auto-enabled fabric-convention-tags-v1, currently enabled: [vanilla, fabric, fabric-api, fabric-api-base, fabric-api-lookup-api-v1, fabric-biome-api-v1, fabric-block-api-v1, fabric-block-view-api-v2, fabric-blockrenderlayer-v1, fabric-client-gametest-api-v1, fabric-client-tags-api-v1, fabric-command-api-v1, fabric-command-api-v2, fabric-commands-v0, fabric-content-registries-v0, fabric-convention-tags-v1]
[20:12:17] [Render thread/DEBUG] (net.fabricmc.fabric.impl.resource.loader.ModResourcePackUtil) [Fabric] cur @ fabric, auto-enabled fabric-convention-tags-v2, currently enabled: [vanilla, fabric, fabric-api, fabric-api-base, fabric-api-lookup-api-v1, fabric-biome-api-v1, fabric-block-api-v1, fabric-block-view-api-v2, fabric-blockrenderlayer-v1, fabric-client-gametest-api-v1, fabric-client-tags-api-v1, fabric-command-api-v1, fabric-command-api-v2, fabric-commands-v0, fabric-content-registries-v0, fabric-convention-tags-v1, fabric-convention-tags-v2]
[20:12:17] [Render thread/DEBUG] (net.fabricmc.fabric.impl.resource.loader.ModResourcePackUtil) [Fabric] cur @ fabric, auto-enabled fabric-crash-report-info-v1, currently enabled: [vanilla, fabric, fabric-api, fabric-api-base, fabric-api-lookup-api-v1, fabric-biome-api-v1, fabric-block-api-v1, fabric-block-view-api-v2, fabric-blockrenderlayer-v1, fabric-client-gametest-api-v1, fabric-client-tags-api-v1, fabric-command-api-v1, fabric-command-api-v2, fabric-commands-v0, fabric-content-registries-v0, fabric-convention-tags-v1, fabric-convention-tags-v2, fabric-crash-report-info-v1]
[20:12:17] [Render thread/DEBUG] (net.fabricmc.fabric.impl.resource.loader.ModResourcePackUtil) [Fabric] cur @ fabric, auto-enabled fabric-data-attachment-api-v1, currently enabled: [vanilla, fabric, fabric-api, fabric-api-base, fabric-api-lookup-api-v1, fabric-biome-api-v1, fabric-block-api-v1, fabric-block-view-api-v2, fabric-blockrenderlayer-v1, fabric-client-gametest-api-v1, fabric-client-tags-api-v1, fabric-command-api-v1, fabric-command-api-v2, fabric-commands-v0, fabric-content-registries-v0, fabric-convention-tags-v1, fabric-convention-tags-v2, fabric-crash-report-info-v1, fabric-data-attachment-api-v1]
[20:12:17] [Render thread/DEBUG] (net.fabricmc.fabric.impl.resource.loader.ModResourcePackUtil) [Fabric] cur @ fabric, auto-enabled fabric-data-generation-api-v1, currently enabled: [vanilla, fabric, fabric-api, fabric-api-base, fabric-api-lookup-api-v1, fabric-biome-api-v1, fabric-block-api-v1, fabric-block-view-api-v2, fabric-blockrenderlayer-v1, fabric-client-gametest-api-v1, fabric-client-tags-api-v1, fabric-command-api-v1, fabric-command-api-v2, fabric-commands-v0, fabric-content-registries-v0, fabric-convention-tags-v1, fabric-convention-tags-v2, fabric-crash-report-info-v1, fabric-data-attachment-api-v1, fabric-data-generation-api-v1]
[20:12:17] [Render thread/DEBUG] (net.fabricmc.fabric.impl.resource.loader.ModResourcePackUtil) [Fabric] cur @ fabric, auto-enabled fabric-dimensions-v1, currently enabled: [vanilla, fabric, fabric-api, fabric-api-base, fabric-api-lookup-api-v1, fabric-biome-api-v1, fabric-block-api-v1, fabric-block-view-api-v2, fabric-blockrenderlayer-v1, fabric-client-gametest-api-v1, fabric-client-tags-api-v1, fabric-command-api-v1, fabric-command-api-v2, fabric-commands-v0, fabric-content-registries-v0, fabric-convention-tags-v1, fabric-convention-tags-v2, fabric-crash-report-info-v1, fabric-data-attachment-api-v1, fabric-data-generation-api-v1, fabric-dimensions-v1]
[20:12:17] [Render thread/DEBUG] (net.fabricmc.fabric.impl.resource.loader.ModResourcePackUtil) [Fabric] cur @ fabric, auto-enabled fabric-entity-events-v1, currently enabled: [vanilla, fabric, fabric-api, fabric-api-base, fabric-api-lookup-api-v1, fabric-biome-api-v1, fabric-block-api-v1, fabric-block-view-api-v2, fabric-blockrenderlayer-v1, fabric-client-gametest-api-v1, fabric-client-tags-api-v1, fabric-command-api-v1, fabric-command-api-v2, fabric-commands-v0, fabric-content-registries-v0, fabric-convention-tags-v1, fabric-convention-tags-v2, fabric-crash-report-info-v1, fabric-data-attachment-api-v1, fabric-data-generation-api-v1, fabric-dimensions-v1, fabric-entity-events-v1]
[20:12:17] [Render thread/DEBUG] (net.fabricmc.fabric.impl.resource.loader.ModResourcePackUtil) [Fabric] cur @ fabric, auto-enabled fabric-events-interaction-v0, currently enabled: [vanilla, fabric, fabric-api, fabric-api-base, fabric-api-lookup-api-v1, fabric-biome-api-v1, fabric-block-api-v1, fabric-block-view-api-v2, fabric-blockrenderlayer-v1, fabric-client-gametest-api-v1, fabric-client-tags-api-v1, fabric-command-api-v1, fabric-command-api-v2, fabric-commands-v0, fabric-content-registries-v0, fabric-convention-tags-v1, fabric-convention-tags-v2, fabric-crash-report-info-v1, fabric-data-attachment-api-v1, fabric-data-generation-api-v1, fabric-dimensions-v1, fabric-entity-events-v1, fabric-events-interaction-v0]
[20:12:17] [Render thread/DEBUG] (net.fabricmc.fabric.impl.resource.loader.ModResourcePackUtil) [Fabric] cur @ fabric, auto-enabled fabric-game-rule-api-v1, currently enabled: [vanilla, fabric, fabric-api, fabric-api-base, fabric-api-lookup-api-v1, fabric-biome-api-v1, fabric-block-api-v1, fabric-block-view-api-v2, fabric-blockrenderlayer-v1, fabric-client-gametest-api-v1, fabric-client-tags-api-v1, fabric-command-api-v1, fabric-command-api-v2, fabric-commands-v0, fabric-content-registries-v0, fabric-convention-tags-v1, fabric-convention-tags-v2, fabric-crash-report-info-v1, fabric-data-attachment-api-v1, fabric-data-generation-api-v1, fabric-dimensions-v1, fabric-entity-events-v1, fabric-events-interaction-v0, fabric-game-rule-api-v1]
[20:12:17] [Render thread/DEBUG] (net.fabricmc.fabric.impl.resource.loader.ModResourcePackUtil) [Fabric] cur @ fabric, auto-enabled fabric-gametest-api-v1, currently enabled: [vanilla, fabric, fabric-api, fabric-api-base, fabric-api-lookup-api-v1, fabric-biome-api-v1, fabric-block-api-v1, fabric-block-view-api-v2, fabric-blockrenderlayer-v1, fabric-client-gametest-api-v1, fabric-client-tags-api-v1, fabric-command-api-v1, fabric-command-api-v2, fabric-commands-v0, fabric-content-registries-v0, fabric-convention-tags-v1, fabric-convention-tags-v2, fabric-crash-report-info-v1, fabric-data-attachment-api-v1, fabric-data-generation-api-v1, fabric-dimensions-v1, fabric-entity-events-v1, fabric-events-interaction-v0, fabric-game-rule-api-v1, fabric-gametest-api-v1]
[20:12:17] [Render thread/DEBUG] (net.fabricmc.fabric.impl.resource.loader.ModResourcePackUtil) [Fabric] cur @ fabric, auto-enabled fabric-item-api-v1, currently enabled: [vanilla, fabric, fabric-api, fabric-api-base, fabric-api-lookup-api-v1, fabric-biome-api-v1, fabric-block-api-v1, fabric-block-view-api-v2, fabric-blockrenderlayer-v1, fabric-client-gametest-api-v1, fabric-client-tags-api-v1, fabric-command-api-v1, fabric-command-api-v2, fabric-commands-v0, fabric-content-registries-v0, fabric-convention-tags-v1, fabric-convention-tags-v2, fabric-crash-report-info-v1, fabric-data-attachment-api-v1, fabric-data-generation-api-v1, fabric-dimensions-v1, fabric-entity-events-v1, fabric-events-interaction-v0, fabric-game-rule-api-v1, fabric-gametest-api-v1, fabric-item-api-v1]
[20:12:17] [Render thread/DEBUG] (net.fabricmc.fabric.impl.resource.loader.ModResourcePackUtil) [Fabric] cur @ fabric, auto-enabled fabric-item-group-api-v1, currently enabled: [vanilla, fabric, fabric-api, fabric-api-base, fabric-api-lookup-api-v1, fabric-biome-api-v1, fabric-block-api-v1, fabric-block-view-api-v2, fabric-blockrenderlayer-v1, fabric-client-gametest-api-v1, fabric-client-tags-api-v1, fabric-command-api-v1, fabric-command-api-v2, fabric-commands-v0, fabric-content-registries-v0, fabric-convention-tags-v1, fabric-convention-tags-v2, fabric-crash-report-info-v1, fabric-data-attachment-api-v1, fabric-data-generation-api-v1, fabric-dimensions-v1, fabric-entity-events-v1, fabric-events-interaction-v0, fabric-game-rule-api-v1, fabric-gametest-api-v1, fabric-item-api-v1, fabric-item-group-api-v1]
[20:12:17] [Render thread/DEBUG] (net.fabricmc.fabric.impl.resource.loader.ModResourcePackUtil) [Fabric] cur @ fabric, auto-enabled fabric-key-binding-api-v1, currently enabled: [vanilla, fabric, fabric-api, fabric-api-base, fabric-api-lookup-api-v1, fabric-biome-api-v1, fabric-block-api-v1, fabric-block-view-api-v2, fabric-blockrenderlayer-v1, fabric-client-gametest-api-v1, fabric-client-tags-api-v1, fabric-command-api-v1, fabric-command-api-v2, fabric-commands-v0, fabric-content-registries-v0, fabric-convention-tags-v1, fabric-convention-tags-v2, fabric-crash-report-info-v1, fabric-data-attachment-api-v1, fabric-data-generation-api-v1, fabric-dimensions-v1, fabric-entity-events-v1, fabric-events-interaction-v0, fabric-game-rule-api-v1, fabric-gametest-api-v1, fabric-item-api-v1, fabric-item-group-api-v1, fabric-key-binding-api-v1]
[20:12:17] [Render thread/DEBUG] (net.fabricmc.fabric.impl.resource.loader.ModResourcePackUtil) [Fabric] cur @ fabric, auto-enabled fabric-keybindings-v0, currently enabled: [vanilla, fabric, fabric-api, fabric-api-base, fabric-api-lookup-api-v1, fabric-biome-api-v1, fabric-block-api-v1, fabric-block-view-api-v2, fabric-blockrenderlayer-v1, fabric-client-gametest-api-v1, fabric-client-tags-api-v1, fabric-command-api-v1, fabric-command-api-v2, fabric-commands-v0, fabric-content-registries-v0, fabric-convention-tags-v1, fabric-convention-tags-v2, fabric-crash-report-info-v1, fabric-data-attachment-api-v1, fabric-data-generation-api-v1, fabric-dimensions-v1, fabric-entity-events-v1, fabric-events-interaction-v0, fabric-game-rule-api-v1, fabric-gametest-api-v1, fabric-item-api-v1, fabric-item-group-api-v1, fabric-key-binding-api-v1, fabric-keybindings-v0]
[20:12:17] [Render thread/DEBUG] (net.fabricmc.fabric.impl.resource.loader.ModResourcePackUtil) [Fabric] cur @ fabric, auto-enabled fabric-lifecycle-events-v1, currently enabled: [vanilla, fabric, fabric-api, fabric-api-base, fabric-api-lookup-api-v1, fabric-biome-api-v1, fabric-block-api-v1, fabric-block-view-api-v2, fabric-blockrenderlayer-v1, fabric-client-gametest-api-v1, fabric-client-tags-api-v1, fabric-command-api-v1, fabric-command-api-v2, fabric-commands-v0, fabric-content-registries-v0, fabric-convention-tags-v1, fabric-convention-tags-v2, fabric-crash-report-info-v1, fabric-data-attachment-api-v1, fabric-data-generation-api-v1, fabric-dimensions-v1, fabric-entity-events-v1, fabric-events-interaction-v0, fabric-game-rule-api-v1, fabric-gametest-api-v1, fabric-item-api-v1, fabric-item-group-api-v1, fabric-key-binding-api-v1, fabric-keybindings-v0, fabric-lifecycle-events-v1]
[20:12:17] [Render thread/DEBUG] (net.fabricmc.fabric.impl.resource.loader.ModResourcePackUtil) [Fabric] cur @ fabric, auto-enabled fabric-loot-api-v2, currently enabled: [vanilla, fabric, fabric-api, fabric-api-base, fabric-api-lookup-api-v1, fabric-biome-api-v1, fabric-block-api-v1, fabric-block-view-api-v2, fabric-blockrenderlayer-v1, fabric-client-gametest-api-v1, fabric-client-tags-api-v1, fabric-command-api-v1, fabric-command-api-v2, fabric-commands-v0, fabric-content-registries-v0, fabric-convention-tags-v1, fabric-convention-tags-v2, fabric-crash-report-info-v1, fabric-data-attachment-api-v1, fabric-data-generation-api-v1, fabric-dimensions-v1, fabric-entity-events-v1, fabric-events-interaction-v0, fabric-game-rule-api-v1, fabric-gametest-api-v1, fabric-item-api-v1, fabric-item-group-api-v1, fabric-key-binding-api-v1, fabric-keybindings-v0, fabric-lifecycle-events-v1, fabric-loot-api-v2]
[20:12:17] [Render thread/DEBUG] (net.fabricmc.fabric.impl.resource.loader.ModResourcePackUtil) [Fabric] cur @ fabric, auto-enabled fabric-loot-api-v3, currently enabled: [vanilla, fabric, fabric-api, fabric-api-base, fabric-api-lookup-api-v1, fabric-biome-api-v1, fabric-block-api-v1, fabric-block-view-api-v2, fabric-blockrenderlayer-v1, fabric-client-gametest-api-v1, fabric-client-tags-api-v1, fabric-command-api-v1, fabric-command-api-v2, fabric-commands-v0, fabric-content-registries-v0, fabric-convention-tags-v1, fabric-convention-tags-v2, fabric-crash-report-info-v1, fabric-data-attachment-api-v1, fabric-data-generation-api-v1, fabric-dimensions-v1, fabric-entity-events-v1, fabric-events-interaction-v0, fabric-game-rule-api-v1, fabric-gametest-api-v1, fabric-item-api-v1, fabric-item-group-api-v1, fabric-key-binding-api-v1, fabric-keybindings-v0, fabric-lifecycle-events-v1, fabric-loot-api-v2, fabric-loot-api-v3]
[20:12:17] [Render thread/DEBUG] (net.fabricmc.fabric.impl.resource.loader.ModResourcePackUtil) [Fabric] cur @ fabric, auto-enabled fabric-message-api-v1, currently enabled: [vanilla, fabric, fabric-api, fabric-api-base, fabric-api-lookup-api-v1, fabric-biome-api-v1, fabric-block-api-v1, fabric-block-view-api-v2, fabric-blockrenderlayer-v1, fabric-client-gametest-api-v1, fabric-client-tags-api-v1, fabric-command-api-v1, fabric-command-api-v2, fabric-commands-v0, fabric-content-registries-v0, fabric-convention-tags-v1, fabric-convention-tags-v2, fabric-crash-report-info-v1, fabric-data-attachment-api-v1, fabric-data-generation-api-v1, fabric-dimensions-v1, fabric-entity-events-v1, fabric-events-interaction-v0, fabric-game-rule-api-v1, fabric-gametest-api-v1, fabric-item-api-v1, fabric-item-group-api-v1, fabric-key-binding-api-v1, fabric-keybindings-v0, fabric-lifecycle-events-v1, fabric-loot-api-v2, fabric-loot-api-v3, fabric-message-api-v1]
[20:12:17] [Render thread/DEBUG] (net.fabricmc.fabric.impl.resource.loader.ModResourcePackUtil) [Fabric] cur @ fabric, auto-enabled fabric-model-loading-api-v1, currently enabled: [vanilla, fabric, fabric-api, fabric-api-base, fabric-api-lookup-api-v1, fabric-biome-api-v1, fabric-block-api-v1, fabric-block-view-api-v2, fabric-blockrenderlayer-v1, fabric-client-gametest-api-v1, fabric-client-tags-api-v1, fabric-command-api-v1, fabric-command-api-v2, fabric-commands-v0, fabric-content-registries-v0, fabric-convention-tags-v1, fabric-convention-tags-v2, fabric-crash-report-info-v1, fabric-data-attachment-api-v1, fabric-data-generation-api-v1, fabric-dimensions-v1, fabric-entity-events-v1, fabric-events-interaction-v0, fabric-game-rule-api-v1, fabric-gametest-api-v1, fabric-item-api-v1, fabric-item-group-api-v1, fabric-key-binding-api-v1, fabric-keybindings-v0, fabric-lifecycle-events-v1, fabric-loot-api-v2, fabric-loot-api-v3, fabric-message-api-v1, fabric-model-loading-api-v1]
[20:12:17] [Render thread/DEBUG] (net.fabricmc.fabric.impl.resource.loader.ModResourcePackUtil) [Fabric] cur @ fabric, auto-enabled fabric-networking-api-v1, currently enabled: [vanilla, fabric, fabric-api, fabric-api-base, fabric-api-lookup-api-v1, fabric-biome-api-v1, fabric-block-api-v1, fabric-block-view-api-v2, fabric-blockrenderlayer-v1, fabric-client-gametest-api-v1, fabric-client-tags-api-v1, fabric-command-api-v1, fabric-command-api-v2, fabric-commands-v0, fabric-content-registries-v0, fabric-convention-tags-v1, fabric-convention-tags-v2, fabric-crash-report-info-v1, fabric-data-attachment-api-v1, fabric-data-generation-api-v1, fabric-dimensions-v1, fabric-entity-events-v1, fabric-events-interaction-v0, fabric-game-rule-api-v1, fabric-gametest-api-v1, fabric-item-api-v1, fabric-item-group-api-v1, fabric-key-binding-api-v1, fabric-keybindings-v0, fabric-lifecycle-events-v1, fabric-loot-api-v2, fabric-loot-api-v3, fabric-message-api-v1, fabric-model-loading-api-v1, fabric-networking-api-v1]
[20:12:17] [Render thread/DEBUG] (net.fabricmc.fabric.impl.resource.loader.ModResourcePackUtil) [Fabric] cur @ fabric, auto-enabled fabric-object-builder-api-v1, currently enabled: [vanilla, fabric, fabric-api, fabric-api-base, fabric-api-lookup-api-v1, fabric-biome-api-v1, fabric-block-api-v1, fabric-block-view-api-v2, fabric-blockrenderlayer-v1, fabric-client-gametest-api-v1, fabric-client-tags-api-v1, fabric-command-api-v1, fabric-command-api-v2, fabric-commands-v0, fabric-content-registries-v0, fabric-convention-tags-v1, fabric-convention-tags-v2, fabric-crash-report-info-v1, fabric-data-attachment-api-v1, fabric-data-generation-api-v1, fabric-dimensions-v1, fabric-entity-events-v1, fabric-events-interaction-v0, fabric-game-rule-api-v1, fabric-gametest-api-v1, fabric-item-api-v1, fabric-item-group-api-v1, fabric-key-binding-api-v1, fabric-keybindings-v0, fabric-lifecycle-events-v1, fabric-loot-api-v2, fabric-loot-api-v3, fabric-message-api-v1, fabric-model-loading-api-v1, fabric-networking-api-v1, fabric-object-builder-api-v1]
[20:12:17] [Render thread/DEBUG] (net.fabricmc.fabric.impl.resource.loader.ModResourcePackUtil) [Fabric] cur @ fabric, auto-enabled fabric-particles-v1, currently enabled: [vanilla, fabric, fabric-api, fabric-api-base, fabric-api-lookup-api-v1, fabric-biome-api-v1, fabric-block-api-v1, fabric-block-view-api-v2, fabric-blockrenderlayer-v1, fabric-client-gametest-api-v1, fabric-client-tags-api-v1, fabric-command-api-v1, fabric-command-api-v2, fabric-commands-v0, fabric-content-registries-v0, fabric-convention-tags-v1, fabric-convention-tags-v2, fabric-crash-report-info-v1, fabric-data-attachment-api-v1, fabric-data-generation-api-v1, fabric-dimensions-v1, fabric-entity-events-v1, fabric-events-interaction-v0, fabric-game-rule-api-v1, fabric-gametest-api-v1, fabric-item-api-v1, fabric-item-group-api-v1, fabric-key-binding-api-v1, fabric-keybindings-v0, fabric-lifecycle-events-v1, fabric-loot-api-v2, fabric-loot-api-v3, fabric-message-api-v1, fabric-model-loading-api-v1, fabric-networking-api-v1, fabric-object-builder-api-v1, fabric-particles-v1]
[20:12:17] [Render thread/DEBUG] (net.fabricmc.fabric.impl.resource.loader.ModResourcePackUtil) [Fabric] cur @ fabric, auto-enabled fabric-recipe-api-v1, currently enabled: [vanilla, fabric, fabric-api, fabric-api-base, fabric-api-lookup-api-v1, fabric-biome-api-v1, fabric-block-api-v1, fabric-block-view-api-v2, fabric-blockrenderlayer-v1, fabric-client-gametest-api-v1, fabric-client-tags-api-v1, fabric-command-api-v1, fabric-command-api-v2, fabric-commands-v0, fabric-content-registries-v0, fabric-convention-tags-v1, fabric-convention-tags-v2, fabric-crash-report-info-v1, fabric-data-attachment-api-v1, fabric-data-generation-api-v1, fabric-dimensions-v1, fabric-entity-events-v1, fabric-events-interaction-v0, fabric-game-rule-api-v1, fabric-gametest-api-v1, fabric-item-api-v1, fabric-item-group-api-v1, fabric-key-binding-api-v1, fabric-keybindings-v0, fabric-lifecycle-events-v1, fabric-loot-api-v2, fabric-loot-api-v3, fabric-message-api-v1, fabric-model-loading-api-v1, fabric-networking-api-v1, fabric-object-builder-api-v1, fabric-particles-v1, fabric-recipe-api-v1]
[20:12:17] [Render thread/DEBUG] (net.fabricmc.fabric.impl.resource.loader.ModResourcePackUtil) [Fabric] cur @ fabric, auto-enabled fabric-registry-sync-v0, currently enabled: [vanilla, fabric, fabric-api, fabric-api-base, fabric-api-lookup-api-v1, fabric-biome-api-v1, fabric-block-api-v1, fabric-block-view-api-v2, fabric-blockrenderlayer-v1, fabric-client-gametest-api-v1, fabric-client-tags-api-v1, fabric-command-api-v1, fabric-command-api-v2, fabric-commands-v0, fabric-content-registries-v0, fabric-convention-tags-v1, fabric-convention-tags-v2, fabric-crash-report-info-v1, fabric-data-attachment-api-v1, fabric-data-generation-api-v1, fabric-dimensions-v1, fabric-entity-events-v1, fabric-events-interaction-v0, fabric-game-rule-api-v1, fabric-gametest-api-v1, fabric-item-api-v1, fabric-item-group-api-v1, fabric-key-binding-api-v1, fabric-keybindings-v0, fabric-lifecycle-events-v1, fabric-loot-api-v2, fabric-loot-api-v3, fabric-message-api-v1, fabric-model-loading-api-v1, fabric-networking-api-v1, fabric-object-builder-api-v1, fabric-particles-v1, fabric-recipe-api-v1, fabric-registry-sync-v0]
[20:12:17] [Render thread/DEBUG] (net.fabricmc.fabric.impl.resource.loader.ModResourcePackUtil) [Fabric] cur @ fabric, auto-enabled fabric-renderer-api-v1, currently enabled: [vanilla, fabric, fabric-api, fabric-api-base, fabric-api-lookup-api-v1, fabric-biome-api-v1, fabric-block-api-v1, fabric-block-view-api-v2, fabric-blockrenderlayer-v1, fabric-client-gametest-api-v1, fabric-client-tags-api-v1, fabric-command-api-v1, fabric-command-api-v2, fabric-commands-v0, fabric-content-registries-v0, fabric-convention-tags-v1, fabric-convention-tags-v2, fabric-crash-report-info-v1, fabric-data-attachment-api-v1, fabric-data-generation-api-v1, fabric-dimensions-v1, fabric-entity-events-v1, fabric-events-interaction-v0, fabric-game-rule-api-v1, fabric-gametest-api-v1, fabric-item-api-v1, fabric-item-group-api-v1, fabric-key-binding-api-v1, fabric-keybindings-v0, fabric-lifecycle-events-v1, fabric-loot-api-v2, fabric-loot-api-v3, fabric-message-api-v1, fabric-model-loading-api-v1, fabric-networking-api-v1, fabric-object-builder-api-v1, fabric-particles-v1, fabric-recipe-api-v1, fabric-registry-sync-v0, fabric-renderer-api-v1]
[20:12:17] [Render thread/DEBUG] (net.fabricmc.fabric.impl.resource.loader.ModResourcePackUtil) [Fabric] cur @ fabric, auto-enabled fabric-renderer-indigo, currently enabled: [vanilla, fabric, fabric-api, fabric-api-base, fabric-api-lookup-api-v1, fabric-biome-api-v1, fabric-block-api-v1, fabric-block-view-api-v2, fabric-blockrenderlayer-v1, fabric-client-gametest-api-v1, fabric-client-tags-api-v1, fabric-command-api-v1, fabric-command-api-v2, fabric-commands-v0, fabric-content-registries-v0, fabric-convention-tags-v1, fabric-convention-tags-v2, fabric-crash-report-info-v1, fabric-data-attachment-api-v1, fabric-data-generation-api-v1, fabric-dimensions-v1, fabric-entity-events-v1, fabric-events-interaction-v0, fabric-game-rule-api-v1, fabric-gametest-api-v1, fabric-item-api-v1, fabric-item-group-api-v1, fabric-key-binding-api-v1, fabric-keybindings-v0, fabric-lifecycle-events-v1, fabric-loot-api-v2, fabric-loot-api-v3, fabric-message-api-v1, fabric-model-loading-api-v1, fabric-networking-api-v1, fabric-object-builder-api-v1, fabric-particles-v1, fabric-recipe-api-v1, fabric-registry-sync-v0, fabric-renderer-api-v1, fabric-renderer-indigo]
[20:12:17] [Render thread/DEBUG] (net.fabricmc.fabric.impl.resource.loader.ModResourcePackUtil) [Fabric] cur @ fabric, auto-enabled fabric-rendering-data-attachment-v1, currently enabled: [vanilla, fabric, fabric-api, fabric-api-base, fabric-api-lookup-api-v1, fabric-biome-api-v1, fabric-block-api-v1, fabric-block-view-api-v2, fabric-blockrenderlayer-v1, fabric-client-gametest-api-v1, fabric-client-tags-api-v1, fabric-command-api-v1, fabric-command-api-v2, fabric-commands-v0, fabric-content-registries-v0, fabric-convention-tags-v1, fabric-convention-tags-v2, fabric-crash-report-info-v1, fabric-data-attachment-api-v1, fabric-data-generation-api-v1, fabric-dimensions-v1, fabric-entity-events-v1, fabric-events-interaction-v0, fabric-game-rule-api-v1, fabric-gametest-api-v1, fabric-item-api-v1, fabric-item-group-api-v1, fabric-key-binding-api-v1, fabric-keybindings-v0, fabric-lifecycle-events-v1, fabric-loot-api-v2, fabric-loot-api-v3, fabric-message-api-v1, fabric-model-loading-api-v1, fabric-networking-api-v1, fabric-object-builder-api-v1, fabric-particles-v1, fabric-recipe-api-v1, fabric-registry-sync-v0, fabric-renderer-api-v1, fabric-renderer-indigo, fabric-rendering-data-attachment-v1]
[20:12:17] [Render thread/DEBUG] (net.fabricmc.fabric.impl.resource.loader.ModResourcePackUtil) [Fabric] cur @ fabric, auto-enabled fabric-rendering-fluids-v1, currently enabled: [vanilla, fabric, fabric-api, fabric-api-base, fabric-api-lookup-api-v1, fabric-biome-api-v1, fabric-block-api-v1, fabric-block-view-api-v2, fabric-blockrenderlayer-v1, fabric-client-gametest-api-v1, fabric-client-tags-api-v1, fabric-command-api-v1, fabric-command-api-v2, fabric-commands-v0, fabric-content-registries-v0, fabric-convention-tags-v1, fabric-convention-tags-v2, fabric-crash-report-info-v1, fabric-data-attachment-api-v1, fabric-data-generation-api-v1, fabric-dimensions-v1, fabric-entity-events-v1, fabric-events-interaction-v0, fabric-game-rule-api-v1, fabric-gametest-api-v1, fabric-item-api-v1, fabric-item-group-api-v1, fabric-key-binding-api-v1, fabric-keybindings-v0, fabric-lifecycle-events-v1, fabric-loot-api-v2, fabric-loot-api-v3, fabric-message-api-v1, fabric-model-loading-api-v1, fabric-networking-api-v1, fabric-object-builder-api-v1, fabric-particles-v1, fabric-recipe-api-v1, fabric-registry-sync-v0, fabric-renderer-api-v1, fabric-renderer-indigo, fabric-rendering-data-attachment-v1, fabric-rendering-fluids-v1]
[20:12:17] [Render thread/DEBUG] (net.fabricmc.fabric.impl.resource.loader.ModResourcePackUtil) [Fabric] cur @ fabric, auto-enabled fabric-rendering-v1, currently enabled: [vanilla, fabric, fabric-api, fabric-api-base, fabric-api-lookup-api-v1, fabric-biome-api-v1, fabric-block-api-v1, fabric-block-view-api-v2, fabric-blockrenderlayer-v1, fabric-client-gametest-api-v1, fabric-client-tags-api-v1, fabric-command-api-v1, fabric-command-api-v2, fabric-commands-v0, fabric-content-registries-v0, fabric-convention-tags-v1, fabric-convention-tags-v2, fabric-crash-report-info-v1, fabric-data-attachment-api-v1, fabric-data-generation-api-v1, fabric-dimensions-v1, fabric-entity-events-v1, fabric-events-interaction-v0, fabric-game-rule-api-v1, fabric-gametest-api-v1, fabric-item-api-v1, fabric-item-group-api-v1, fabric-key-binding-api-v1, fabric-keybindings-v0, fabric-lifecycle-events-v1, fabric-loot-api-v2, fabric-loot-api-v3, fabric-message-api-v1, fabric-model-loading-api-v1, fabric-networking-api-v1, fabric-object-builder-api-v1, fabric-particles-v1, fabric-recipe-api-v1, fabric-registry-sync-v0, fabric-renderer-api-v1, fabric-renderer-indigo, fabric-rendering-data-attachment-v1, fabric-rendering-fluids-v1, fabric-rendering-v1]
[20:12:17] [Render thread/DEBUG] (net.fabricmc.fabric.impl.resource.loader.ModResourcePackUtil) [Fabric] cur @ fabric, auto-enabled fabric-resource-conditions-api-v1, currently enabled: [vanilla, fabric, fabric-api, fabric-api-base, fabric-api-lookup-api-v1, fabric-biome-api-v1, fabric-block-api-v1, fabric-block-view-api-v2, fabric-blockrenderlayer-v1, fabric-client-gametest-api-v1, fabric-client-tags-api-v1, fabric-command-api-v1, fabric-command-api-v2, fabric-commands-v0, fabric-content-registries-v0, fabric-convention-tags-v1, fabric-convention-tags-v2, fabric-crash-report-info-v1, fabric-data-attachment-api-v1, fabric-data-generation-api-v1, fabric-dimensions-v1, fabric-entity-events-v1, fabric-events-interaction-v0, fabric-game-rule-api-v1, fabric-gametest-api-v1, fabric-item-api-v1, fabric-item-group-api-v1, fabric-key-binding-api-v1, fabric-keybindings-v0, fabric-lifecycle-events-v1, fabric-loot-api-v2, fabric-loot-api-v3, fabric-message-api-v1, fabric-model-loading-api-v1, fabric-networking-api-v1, fabric-object-builder-api-v1, fabric-particles-v1, fabric-recipe-api-v1, fabric-registry-sync-v0, fabric-renderer-api-v1, fabric-renderer-indigo, fabric-rendering-data-attachment-v1, fabric-rendering-fluids-v1, fabric-rendering-v1, fabric-resource-conditions-api-v1]
[20:12:17] [Render thread/DEBUG] (net.fabricmc.fabric.impl.resource.loader.ModResourcePackUtil) [Fabric] cur @ fabric, auto-enabled fabric-resource-loader-v0, currently enabled: [vanilla, fabric, fabric-api, fabric-api-base, fabric-api-lookup-api-v1, fabric-biome-api-v1, fabric-block-api-v1, fabric-block-view-api-v2, fabric-blockrenderlayer-v1, fabric-client-gametest-api-v1, fabric-client-tags-api-v1, fabric-command-api-v1, fabric-command-api-v2, fabric-commands-v0, fabric-content-registries-v0, fabric-convention-tags-v1, fabric-convention-tags-v2, fabric-crash-report-info-v1, fabric-data-attachment-api-v1, fabric-data-generation-api-v1, fabric-dimensions-v1, fabric-entity-events-v1, fabric-events-interaction-v0, fabric-game-rule-api-v1, fabric-gametest-api-v1, fabric-item-api-v1, fabric-item-group-api-v1, fabric-key-binding-api-v1, fabric-keybindings-v0, fabric-lifecycle-events-v1, fabric-loot-api-v2, fabric-loot-api-v3, fabric-message-api-v1, fabric-model-loading-api-v1, fabric-networking-api-v1, fabric-object-builder-api-v1, fabric-particles-v1, fabric-recipe-api-v1, fabric-registry-sync-v0, fabric-renderer-api-v1, fabric-renderer-indigo, fabric-rendering-data-attachment-v1, fabric-rendering-fluids-v1, fabric-rendering-v1, fabric-resource-conditions-api-v1, fabric-resource-loader-v0]
[20:12:17] [Render thread/DEBUG] (net.fabricmc.fabric.impl.resource.loader.ModResourcePackUtil) [Fabric] cur @ fabric, auto-enabled fabric-screen-api-v1, currently enabled: [vanilla, fabric, fabric-api, fabric-api-base, fabric-api-lookup-api-v1, fabric-biome-api-v1, fabric-block-api-v1, fabric-block-view-api-v2, fabric-blockrenderlayer-v1, fabric-client-gametest-api-v1, fabric-client-tags-api-v1, fabric-command-api-v1, fabric-command-api-v2, fabric-commands-v0, fabric-content-registries-v0, fabric-convention-tags-v1, fabric-convention-tags-v2, fabric-crash-report-info-v1, fabric-data-attachment-api-v1, fabric-data-generation-api-v1, fabric-dimensions-v1, fabric-entity-events-v1, fabric-events-interaction-v0, fabric-game-rule-api-v1, fabric-gametest-api-v1, fabric-item-api-v1, fabric-item-group-api-v1, fabric-key-binding-api-v1, fabric-keybindings-v0, fabric-lifecycle-events-v1, fabric-loot-api-v2, fabric-loot-api-v3, fabric-message-api-v1, fabric-model-loading-api-v1, fabric-networking-api-v1, fabric-object-builder-api-v1, fabric-particles-v1, fabric-recipe-api-v1, fabric-registry-sync-v0, fabric-renderer-api-v1, fabric-renderer-indigo, fabric-rendering-data-attachment-v1, fabric-rendering-fluids-v1, fabric-rendering-v1, fabric-resource-conditions-api-v1, fabric-resource-loader-v0, fabric-screen-api-v1]
[20:12:17] [Render thread/DEBUG] (net.fabricmc.fabric.impl.resource.loader.ModResourcePackUtil) [Fabric] cur @ fabric, auto-enabled fabric-screen-handler-api-v1, currently enabled: [vanilla, fabric, fabric-api, fabric-api-base, fabric-api-lookup-api-v1, fabric-biome-api-v1, fabric-block-api-v1, fabric-block-view-api-v2, fabric-blockrenderlayer-v1, fabric-client-gametest-api-v1, fabric-client-tags-api-v1, fabric-command-api-v1, fabric-command-api-v2, fabric-commands-v0, fabric-content-registries-v0, fabric-convention-tags-v1, fabric-convention-tags-v2, fabric-crash-report-info-v1, fabric-data-attachment-api-v1, fabric-data-generation-api-v1, fabric-dimensions-v1, fabric-entity-events-v1, fabric-events-interaction-v0, fabric-game-rule-api-v1, fabric-gametest-api-v1, fabric-item-api-v1, fabric-item-group-api-v1, fabric-key-binding-api-v1, fabric-keybindings-v0, fabric-lifecycle-events-v1, fabric-loot-api-v2, fabric-loot-api-v3, fabric-message-api-v1, fabric-model-loading-api-v1, fabric-networking-api-v1, fabric-object-builder-api-v1, fabric-particles-v1, fabric-recipe-api-v1, fabric-registry-sync-v0, fabric-renderer-api-v1, fabric-renderer-indigo, fabric-rendering-data-attachment-v1, fabric-rendering-fluids-v1, fabric-rendering-v1, fabric-resource-conditions-api-v1, fabric-resource-loader-v0, fabric-screen-api-v1, fabric-screen-handler-api-v1]
[20:12:17] [Render thread/DEBUG] (net.fabricmc.fabric.impl.resource.loader.ModResourcePackUtil) [Fabric] cur @ fabric, auto-enabled fabric-sound-api-v1, currently enabled: [vanilla, fabric, fabric-api, fabric-api-base, fabric-api-lookup-api-v1, fabric-biome-api-v1, fabric-block-api-v1, fabric-block-view-api-v2, fabric-blockrenderlayer-v1, fabric-client-gametest-api-v1, fabric-client-tags-api-v1, fabric-command-api-v1, fabric-command-api-v2, fabric-commands-v0, fabric-content-registries-v0, fabric-convention-tags-v1, fabric-convention-tags-v2, fabric-crash-report-info-v1, fabric-data-attachment-api-v1, fabric-data-generation-api-v1, fabric-dimensions-v1, fabric-entity-events-v1, fabric-events-interaction-v0, fabric-game-rule-api-v1, fabric-gametest-api-v1, fabric-item-api-v1, fabric-item-group-api-v1, fabric-key-binding-api-v1, fabric-keybindings-v0, fabric-lifecycle-events-v1, fabric-loot-api-v2, fabric-loot-api-v3, fabric-message-api-v1, fabric-model-loading-api-v1, fabric-networking-api-v1, fabric-object-builder-api-v1, fabric-particles-v1, fabric-recipe-api-v1, fabric-registry-sync-v0, fabric-renderer-api-v1, fabric-renderer-indigo, fabric-rendering-data-attachment-v1, fabric-rendering-fluids-v1, fabric-rendering-v1, fabric-resource-conditions-api-v1, fabric-resource-loader-v0, fabric-screen-api-v1, fabric-screen-handler-api-v1, fabric-sound-api-v1]
[20:12:17] [Render thread/DEBUG] (net.fabricmc.fabric.impl.resource.loader.ModResourcePackUtil) [Fabric] cur @ fabric, auto-enabled fabric-tag-api-v1, currently enabled: [vanilla, fabric, fabric-api, fabric-api-base, fabric-api-lookup-api-v1, fabric-biome-api-v1, fabric-block-api-v1, fabric-block-view-api-v2, fabric-blockrenderlayer-v1, fabric-client-gametest-api-v1, fabric-client-tags-api-v1, fabric-command-api-v1, fabric-command-api-v2, fabric-commands-v0, fabric-content-registries-v0, fabric-convention-tags-v1, fabric-convention-tags-v2, fabric-crash-report-info-v1, fabric-data-attachment-api-v1, fabric-data-generation-api-v1, fabric-dimensions-v1, fabric-entity-events-v1, fabric-events-interaction-v0, fabric-game-rule-api-v1, fabric-gametest-api-v1, fabric-item-api-v1, fabric-item-group-api-v1, fabric-key-binding-api-v1, fabric-keybindings-v0, fabric-lifecycle-events-v1, fabric-loot-api-v2, fabric-loot-api-v3, fabric-message-api-v1, fabric-model-loading-api-v1, fabric-networking-api-v1, fabric-object-builder-api-v1, fabric-particles-v1, fabric-recipe-api-v1, fabric-registry-sync-v0, fabric-renderer-api-v1, fabric-renderer-indigo, fabric-rendering-data-attachment-v1, fabric-rendering-fluids-v1, fabric-rendering-v1, fabric-resource-conditions-api-v1, fabric-resource-loader-v0, fabric-screen-api-v1, fabric-screen-handler-api-v1, fabric-sound-api-v1, fabric-tag-api-v1]
[20:12:17] [Render thread/DEBUG] (net.fabricmc.fabric.impl.resource.loader.ModResourcePackUtil) [Fabric] cur @ fabric, auto-enabled fabric-transfer-api-v1, currently enabled: [vanilla, fabric, fabric-api, fabric-api-base, fabric-api-lookup-api-v1, fabric-biome-api-v1, fabric-block-api-v1, fabric-block-view-api-v2, fabric-blockrenderlayer-v1, fabric-client-gametest-api-v1, fabric-client-tags-api-v1, fabric-command-api-v1, fabric-command-api-v2, fabric-commands-v0, fabric-content-registries-v0, fabric-convention-tags-v1, fabric-convention-tags-v2, fabric-crash-report-info-v1, fabric-data-attachment-api-v1, fabric-data-generation-api-v1, fabric-dimensions-v1, fabric-entity-events-v1, fabric-events-interaction-v0, fabric-game-rule-api-v1, fabric-gametest-api-v1, fabric-item-api-v1, fabric-item-group-api-v1, fabric-key-binding-api-v1, fabric-keybindings-v0, fabric-lifecycle-events-v1, fabric-loot-api-v2, fabric-loot-api-v3, fabric-message-api-v1, fabric-model-loading-api-v1, fabric-networking-api-v1, fabric-object-builder-api-v1, fabric-particles-v1, fabric-recipe-api-v1, fabric-registry-sync-v0, fabric-renderer-api-v1, fabric-renderer-indigo, fabric-rendering-data-attachment-v1, fabric-rendering-fluids-v1, fabric-rendering-v1, fabric-resource-conditions-api-v1, fabric-resource-loader-v0, fabric-screen-api-v1, fabric-screen-handler-api-v1, fabric-sound-api-v1, fabric-tag-api-v1, fabric-transfer-api-v1]
[20:12:17] [Render thread/DEBUG] (net.fabricmc.fabric.impl.resource.loader.ModResourcePackUtil) [Fabric] cur @ fabric, auto-enabled fabric-transitive-access-wideners-v1, currently enabled: [vanilla, fabric, fabric-api, fabric-api-base, fabric-api-lookup-api-v1, fabric-biome-api-v1, fabric-block-api-v1, fabric-block-view-api-v2, fabric-blockrenderlayer-v1, fabric-client-gametest-api-v1, fabric-client-tags-api-v1, fabric-command-api-v1, fabric-command-api-v2, fabric-commands-v0, fabric-content-registries-v0, fabric-convention-tags-v1, fabric-convention-tags-v2, fabric-crash-report-info-v1, fabric-data-attachment-api-v1, fabric-data-generation-api-v1, fabric-dimensions-v1, fabric-entity-events-v1, fabric-events-interaction-v0, fabric-game-rule-api-v1, fabric-gametest-api-v1, fabric-item-api-v1, fabric-item-group-api-v1, fabric-key-binding-api-v1, fabric-keybindings-v0, fabric-lifecycle-events-v1, fabric-loot-api-v2, fabric-loot-api-v3, fabric-message-api-v1, fabric-model-loading-api-v1, fabric-networking-api-v1, fabric-object-builder-api-v1, fabric-particles-v1, fabric-recipe-api-v1, fabric-registry-sync-v0, fabric-renderer-api-v1, fabric-renderer-indigo, fabric-rendering-data-attachment-v1, fabric-rendering-fluids-v1, fabric-rendering-v1, fabric-resource-conditions-api-v1, fabric-resource-loader-v0, fabric-screen-api-v1, fabric-screen-handler-api-v1, fabric-sound-api-v1, fabric-tag-api-v1, fabric-transfer-api-v1, fabric-transitive-access-wideners-v1]
[20:12:17] [Render thread/DEBUG] (net.fabricmc.fabric.impl.resource.loader.ModResourcePackUtil) [Fabric] cur @ fabric, auto-enabled fabricloader, currently enabled: [vanilla, fabric, fabric-api, fabric-api-base, fabric-api-lookup-api-v1, fabric-biome-api-v1, fabric-block-api-v1, fabric-block-view-api-v2, fabric-blockrenderlayer-v1, fabric-client-gametest-api-v1, fabric-client-tags-api-v1, fabric-command-api-v1, fabric-command-api-v2, fabric-commands-v0, fabric-content-registries-v0, fabric-convention-tags-v1, fabric-convention-tags-v2, fabric-crash-report-info-v1, fabric-data-attachment-api-v1, fabric-data-generation-api-v1, fabric-dimensions-v1, fabric-entity-events-v1, fabric-events-interaction-v0, fabric-game-rule-api-v1, fabric-gametest-api-v1, fabric-item-api-v1, fabric-item-group-api-v1, fabric-key-binding-api-v1, fabric-keybindings-v0, fabric-lifecycle-events-v1, fabric-loot-api-v2, fabric-loot-api-v3, fabric-message-api-v1, fabric-model-loading-api-v1, fabric-networking-api-v1, fabric-object-builder-api-v1, fabric-particles-v1, fabric-recipe-api-v1, fabric-registry-sync-v0, fabric-renderer-api-v1, fabric-renderer-indigo, fabric-rendering-data-attachment-v1, fabric-rendering-fluids-v1, fabric-rendering-v1, fabric-resource-conditions-api-v1, fabric-resource-loader-v0, fabric-screen-api-v1, fabric-screen-handler-api-v1, fabric-sound-api-v1, fabric-tag-api-v1, fabric-transfer-api-v1, fabric-transitive-access-wideners-v1, fabricloader]
[20:12:17] [Render thread/DEBUG] (net.fabricmc.fabric.impl.resource.loader.ModResourcePackUtil) [Fabric] cur @ fabric, auto-enabled vurstvisual, currently enabled: [vanilla, fabric, fabric-api, fabric-api-base, fabric-api-lookup-api-v1, fabric-biome-api-v1, fabric-block-api-v1, fabric-block-view-api-v2, fabric-blockrenderlayer-v1, fabric-client-gametest-api-v1, fabric-client-tags-api-v1, fabric-command-api-v1, fabric-command-api-v2, fabric-commands-v0, fabric-content-registries-v0, fabric-convention-tags-v1, fabric-convention-tags-v2, fabric-crash-report-info-v1, fabric-data-attachment-api-v1, fabric-data-generation-api-v1, fabric-dimensions-v1, fabric-entity-events-v1, fabric-events-interaction-v0, fabric-game-rule-api-v1, fabric-gametest-api-v1, fabric-item-api-v1, fabric-item-group-api-v1, fabric-key-binding-api-v1, fabric-keybindings-v0, fabric-lifecycle-events-v1, fabric-loot-api-v2, fabric-loot-api-v3, fabric-message-api-v1, fabric-model-loading-api-v1, fabric-networking-api-v1, fabric-object-builder-api-v1, fabric-particles-v1, fabric-recipe-api-v1, fabric-registry-sync-v0, fabric-renderer-api-v1, fabric-renderer-indigo, fabric-rendering-data-attachment-v1, fabric-rendering-fluids-v1, fabric-rendering-v1, fabric-resource-conditions-api-v1, fabric-resource-loader-v0, fabric-screen-api-v1, fabric-screen-handler-api-v1, fabric-sound-api-v1, fabric-tag-api-v1, fabric-transfer-api-v1, fabric-transitive-access-wideners-v1, fabricloader, vurstvisual]
[20:12:17] [Render thread/DEBUG] (net.fabricmc.fabric.impl.resource.loader.ModResourcePackUtil) [Fabric] Final sorting result: [vanilla, fabric, fabric-api, fabric-api-base, fabric-api-lookup-api-v1, fabric-biome-api-v1, fabric-block-api-v1, fabric-block-view-api-v2, fabric-blockrenderlayer-v1, fabric-client-gametest-api-v1, fabric-client-tags-api-v1, fabric-command-api-v1, fabric-command-api-v2, fabric-commands-v0, fabric-content-registries-v0, fabric-convention-tags-v1, fabric-convention-tags-v2, fabric-crash-report-info-v1, fabric-data-attachment-api-v1, fabric-data-generation-api-v1, fabric-dimensions-v1, fabric-entity-events-v1, fabric-events-interaction-v0, fabric-game-rule-api-v1, fabric-gametest-api-v1, fabric-item-api-v1, fabric-item-group-api-v1, fabric-key-binding-api-v1, fabric-keybindings-v0, fabric-lifecycle-events-v1, fabric-loot-api-v2, fabric-loot-api-v3, fabric-message-api-v1, fabric-model-loading-api-v1, fabric-networking-api-v1, fabric-object-builder-api-v1, fabric-particles-v1, fabric-recipe-api-v1, fabric-registry-sync-v0, fabric-renderer-api-v1, fabric-renderer-indigo, fabric-rendering-data-attachment-v1, fabric-rendering-fluids-v1, fabric-rendering-v1, fabric-resource-conditions-api-v1, fabric-resource-loader-v0, fabric-screen-api-v1, fabric-screen-handler-api-v1, fabric-sound-api-v1, fabric-tag-api-v1, fabric-transfer-api-v1, fabric-transitive-access-wideners-v1, fabricloader, vurstvisual]
[20:12:17] [Render thread/DEBUG] (FabricLoader/Mixin) Mixing KeyedResourceReloadListenerClientMixin from fabric-resource-loader-v0.client.mixins.json into net.minecraft.client.resource.language.LanguageManager
[20:12:17] [Render thread/DEBUG] (FabricLoader/Mixin) Mixing KeyedResourceReloadListenerClientMixin from fabric-resource-loader-v0.client.mixins.json into net.minecraft.client.texture.TextureManager
[20:12:17] [Render thread/DEBUG] (FabricLoader/Mixin) Mixing KeyedResourceReloadListenerClientMixin from fabric-resource-loader-v0.client.mixins.json into net.minecraft.client.sound.SoundManager
[20:12:17] [Render thread/DEBUG] (FabricLoader/Mixin) Mixing modification.DynamicRegistryManagerImmutableImplMixin from fabric-biome-api-v1.mixins.json into net.minecraft.registry.DynamicRegistryManager$ImmutableImpl
[20:12:17] [Render thread/DEBUG] (FabricLoader/Mixin) Mixing SoundSystemMixin from fabric-sound-api-v1.mixins.json into net.minecraft.client.sound.SoundSystem
[20:12:17] [Render thread/DEBUG] (FabricLoader/Mixin) Mixing FontManagerMixin from fabric-resource-loader-v0.client.mixins.json into net.minecraft.client.font.FontManager
[20:12:17] [Render thread/DEBUG] (FabricLoader/Mixin) Mixing BlockColorsMixin from fabric-registry-sync-v0.client.mixins.json into net.minecraft.client.color.block.BlockColors
[20:12:17] [Render thread/DEBUG] (FabricLoader/Mixin) Mixing BlockColorsMixin from fabric-rendering-v1.mixins.json into net.minecraft.client.color.block.BlockColors
[20:12:17] [Render thread/DEBUG] (FabricLoader/Mixin) fabric-registry-sync-v0.client.mixins.json:BlockColorsMixin from mod fabric-registry-sync-v0->@Inject::create(Lorg/spongepowered/asm/mixin/injection/callback/CallbackInfo;)V doesn't use it's CallbackInfo
[20:12:17] [Render thread/DEBUG] (FabricLoader/Mixin) fabric-registry-sync-v0.client.mixins.json:BlockColorsMixin from mod fabric-registry-sync-v0->@Inject::create(Lorg/spongepowered/asm/mixin/injection/callback/CallbackInfo;)V has 0 override(s) in child classes
[20:12:17] [Render thread/DEBUG] (FabricLoader/Mixin) fabric-registry-sync-v0.client.mixins.json:BlockColorsMixin from mod fabric-registry-sync-v0->@Inject::create(Lorg/spongepowered/asm/mixin/injection/callback/CallbackInfo;)V won't be passed a CallbackInfo as a result
[20:12:17] [Render thread/DEBUG] (FabricLoader/Mixin) fabric-rendering-v1.mixins.json:BlockColorsMixin from mod fabric-rendering-v1->@Inject::create(Lorg/spongepowered/asm/mixin/injection/callback/CallbackInfoReturnable;)V does use it's CallbackInfoReturnable
[20:12:17] [Render thread/DEBUG] (FabricLoader/Mixin) Mixing KeyedResourceReloadListenerClientMixin from fabric-resource-loader-v0.client.mixins.json into net.minecraft.client.render.model.BakedModelManager
[20:12:17] [Render thread/DEBUG] (FabricLoader/Mixin) Mixing BakedModelManagerMixin from fabric-model-loading-api-v1.mixins.json into net.minecraft.client.render.model.BakedModelManager
[20:12:17] [Render thread/DEBUG] (FabricLoader/Mixin) Renaming synthetic method lambda$hookModelBaking$3(Ljava/util/function/Function;Ljava/lang/Void;)Ljava/lang/Object; to md24ae71$fabric-model-loading-api-v1$lambda$hookModelBaking$3$0 in fabric-model-loading-api-v1.mixins.json:BakedModelManagerMixin from mod fabric-model-loading-api-v1
[20:12:17] [Render thread/DEBUG] (FabricLoader/Mixin) Renaming synthetic method lambda$hookModelDiscovery$2(Ljava/util/function/Function;Ljava/lang/Void;)Lnet/minecraft/client/render/model/ReferencedModelsCollector; to md24ae71$fabric-model-loading-api-v1$lambda$hookModelDiscovery$2$1 in fabric-model-loading-api-v1.mixins.json:BakedModelManagerMixin from mod fabric-model-loading-api-v1
[20:12:17] [Render thread/DEBUG] (FabricLoader/Mixin) Renaming synthetic method lambda$hookBlockStateModels$1(Lnet/minecraft/client/render/model/BlockStatesLoader$BlockStateDefinition;Lnet/fabricmc/fabric/impl/client/model/loading/ModelLoadingEventDispatcher;)Lnet/minecraft/client/render/model/BlockStatesLoader$BlockStateDefinition; to md24ae71$fabric-model-loading-api-v1$lambda$hookBlockStateModels$1$2 in fabric-model-loading-api-v1.mixins.json:BakedModelManagerMixin from mod fabric-model-loading-api-v1
[20:12:17] [Render thread/DEBUG] (FabricLoader/Mixin) Renaming synthetic method lambda$resetEventDispatcherFuture$0(Ljava/lang/Void;)Ljava/lang/Void; to md24ae71$fabric-model-loading-api-v1$lambda$resetEventDispatcherFuture$0$3 in fabric-model-loading-api-v1.mixins.json:BakedModelManagerMixin from mod fabric-model-loading-api-v1
[20:12:17] [Render thread/DEBUG] (FabricLoader/Mixin) fabric-model-loading-api-v1.mixins.json:BakedModelManagerMixin from mod fabric-model-loading-api-v1->@Inject::onHeadReload(Lnet/minecraft/resource/ResourceReloader$Synchronizer;Lnet/minecraft/resource/ResourceManager;Ljava/util/concurrent/Executor;Ljava/util/concurrent/Executor;Lorg/spongepowered/asm/mixin/injection/callback/CallbackInfoReturnable;)V doesn't use it's CallbackInfoReturnable
[20:12:17] [Render thread/DEBUG] (FabricLoader/Mixin) fabric-model-loading-api-v1.mixins.json:BakedModelManagerMixin from mod fabric-model-loading-api-v1->@Inject::onHeadReload(Lnet/minecraft/resource/ResourceReloader$Synchronizer;Lnet/minecraft/resource/ResourceManager;Ljava/util/concurrent/Executor;Ljava/util/concurrent/Executor;Lorg/spongepowered/asm/mixin/injection/callback/CallbackInfoReturnable;)V has 0 override(s) in child classes
[20:12:17] [Render thread/DEBUG] (FabricLoader/Mixin) fabric-model-loading-api-v1.mixins.json:BakedModelManagerMixin from mod fabric-model-loading-api-v1->@Inject::onHeadReload(Lnet/minecraft/resource/ResourceReloader$Synchronizer;Lnet/minecraft/resource/ResourceManager;Ljava/util/concurrent/Executor;Ljava/util/concurrent/Executor;Lorg/spongepowered/asm/mixin/injection/callback/CallbackInfoReturnable;)V won't be passed a CallbackInfoReturnable as a result
[20:12:17] [Render thread/DEBUG] (FabricLoader/Mixin) fabric-model-loading-api-v1.mixins.json:BakedModelManagerMixin from mod fabric-model-loading-api-v1->@Inject::onUpload(Lorg/spongepowered/asm/mixin/injection/callback/CallbackInfo;)V doesn't use it's CallbackInfo
[20:12:17] [Render thread/DEBUG] (FabricLoader/Mixin) fabric-model-loading-api-v1.mixins.json:BakedModelManagerMixin from mod fabric-model-loading-api-v1->@Inject::onUpload(Lorg/spongepowered/asm/mixin/injection/callback/CallbackInfo;)V has 0 override(s) in child classes
[20:12:17] [Render thread/DEBUG] (FabricLoader/Mixin) fabric-model-loading-api-v1.mixins.json:BakedModelManagerMixin from mod fabric-model-loading-api-v1->@Inject::onUpload(Lorg/spongepowered/asm/mixin/injection/callback/CallbackInfo;)V won't be passed a CallbackInfo as a result
[20:12:17] [Render thread/DEBUG] (FabricLoader/Mixin) Mixing JsonDataLoaderMixin from fabric-loot-api-v3.mixins.json into net.minecraft.resource.JsonDataLoader
[20:12:17] [Render thread/DEBUG] (FabricLoader/Mixin) Mixing JsonDataLoaderMixin from fabric-resource-conditions-api-v1.mixins.json into net.minecraft.resource.JsonDataLoader
[20:12:17] [Render thread/DEBUG] (FabricLoader/Mixin) fabric-loot-api-v3.mixins.json:JsonDataLoaderMixin from mod fabric-loot-api-v3->@Inject::fillSourceMap(Lnet/minecraft/resource/ResourceManager;Lnet/minecraft/resource/ResourceFinder;Lcom/mojang/serialization/DynamicOps;Lcom/mojang/serialization/Codec;Ljava/util/Map;Lorg/spongepowered/asm/mixin/injection/callback/CallbackInfo;)V doesn't use it's CallbackInfo
[20:12:17] [Render thread/DEBUG] (FabricLoader/Mixin) fabric-resource-conditions-api-v1.mixins.json:JsonDataLoaderMixin from mod fabric-resource-conditions-api-v1->@Inject::skipData(Ljava/util/Map;Lnet/minecraft/util/Identifier;Ljava/lang/Object;Lorg/spongepowered/asm/mixin/injection/callback/CallbackInfo;)V does use it's CallbackInfo
[20:12:17] [Render thread/DEBUG] (FabricLoader/Mixin) Mixing ModelBakerMixin from fabric-model-loading-api-v1.mixins.json into net.minecraft.client.render.model.ModelBaker
[20:12:17] [Render thread/DEBUG] (FabricLoader/Mixin) Renaming synthetic method lambda$onReturnBake$0(Lnet/minecraft/client/render/model/ModelBaker$ErrorCollectingSpriteGetter;Ljava/util/Map;Lnet/minecraft/util/Identifier;)V to md24ae71$fabric-model-loading-api-v1$lambda$onReturnBake$0$0 in fabric-model-loading-api-v1.mixins.json:ModelBakerMixin from mod fabric-model-loading-api-v1
[20:12:17] [Render thread/DEBUG] (FabricLoader/Mixin) fabric-model-loading-api-v1.mixins.json:ModelBakerMixin from mod fabric-model-loading-api-v1->@Inject::onReturnInit(Lorg/spongepowered/asm/mixin/injection/callback/CallbackInfo;)V doesn't use it's CallbackInfo
[20:12:17] [Render thread/DEBUG] (FabricLoader/Mixin) fabric-model-loading-api-v1.mixins.json:ModelBakerMixin from mod fabric-model-loading-api-v1->@Inject::onReturnInit(Lorg/spongepowered/asm/mixin/injection/callback/CallbackInfo;)V has 0 override(s) in child classes
[20:12:17] [Render thread/DEBUG] (FabricLoader/Mixin) fabric-model-loading-api-v1.mixins.json:ModelBakerMixin from mod fabric-model-loading-api-v1->@Inject::onReturnInit(Lorg/spongepowered/asm/mixin/injection/callback/CallbackInfo;)V won't be passed a CallbackInfo as a result
[20:12:17] [Render thread/DEBUG] (FabricLoader/Mixin) fabric-model-loading-api-v1.mixins.json:ModelBakerMixin from mod fabric-model-loading-api-v1->@Inject::onReturnBake(Lnet/minecraft/client/render/model/ModelBaker$ErrorCollectingSpriteGetter;Lorg/spongepowered/asm/mixin/injection/callback/CallbackInfoReturnable;)V does use it's CallbackInfoReturnable
[20:12:17] [Render thread/DEBUG] (FabricLoader/Mixin) Mixing KeyedResourceReloadListenerClientMixin from fabric-resource-loader-v0.client.mixins.json into net.minecraft.client.render.block.BlockRenderManager
[20:12:17] [Render thread/DEBUG] (FabricLoader/Mixin) Mixing BlockModelRendererMixin from fabric-renderer-indigo.mixins.json into net.minecraft.client.render.block.BlockModelRenderer
[20:12:17] [Render thread/DEBUG] (FabricLoader/Mixin) fabric-renderer-indigo.mixins.json:BlockModelRendererMixin from mod fabric-renderer-indigo->@Inject::hookRender(Lnet/minecraft/world/BlockRenderView;Lnet/minecraft/client/render/model/BakedModel;Lnet/minecraft/block/BlockState;Lnet/minecraft/util/math/BlockPos;Lnet/minecraft/client/util/math/MatrixStack;Lnet/minecraft/client/render/VertexConsumer;ZLnet/minecraft/util/math/random/Random;JILorg/spongepowered/asm/mixin/injection/callback/CallbackInfo;)V does use it's CallbackInfo
[20:12:17] [Render thread/DEBUG] (FabricLoader/Mixin) Mixing FluidRendererMixin from fabric-rendering-fluids-v1.mixins.json into net.minecraft.client.render.block.FluidRenderer
[20:12:17] [Render thread/DEBUG] (FabricLoader/Mixin) fabric-rendering-fluids-v1.mixins.json:FluidRendererMixin from mod fabric-rendering-fluids-v1->@Inject::onResourceReloadReturn(Lorg/spongepowered/asm/mixin/injection/callback/CallbackInfo;)V doesn't use it's CallbackInfo
[20:12:17] [Render thread/DEBUG] (FabricLoader/Mixin) fabric-rendering-fluids-v1.mixins.json:FluidRendererMixin from mod fabric-rendering-fluids-v1->@Inject::onResourceReloadReturn(Lorg/spongepowered/asm/mixin/injection/callback/CallbackInfo;)V has 0 override(s) in child classes
[20:12:17] [Render thread/DEBUG] (FabricLoader/Mixin) fabric-rendering-fluids-v1.mixins.json:FluidRendererMixin from mod fabric-rendering-fluids-v1->@Inject::onResourceReloadReturn(Lorg/spongepowered/asm/mixin/injection/callback/CallbackInfo;)V won't be passed a CallbackInfo as a result
[20:12:17] [Render thread/DEBUG] (FabricLoader/Mixin) fabric-rendering-fluids-v1.mixins.json:FluidRendererMixin from mod fabric-rendering-fluids-v1->@Inject::onHeadRender(Lnet/minecraft/world/BlockRenderView;Lnet/minecraft/util/math/BlockPos;Lnet/minecraft/client/render/VertexConsumer;Lnet/minecraft/block/BlockState;Lnet/minecraft/fluid/FluidState;Lorg/spongepowered/asm/mixin/injection/callback/CallbackInfo;)V does use it's CallbackInfo
[20:12:17] [Render thread/DEBUG] (FabricLoader/Mixin) Mixing client.render.EntityRenderDispatcherMixin from vurstvisual.mixins.json into net.minecraft.client.render.entity.EntityRenderDispatcher
[20:12:17] [Render thread/DEBUG] (FabricLoader/Mixin) Mixing client.render.EntityCullingMixin from vurstvisual.mixins.json into net.minecraft.client.render.entity.EntityRenderDispatcher
[20:12:17] [Render thread/DEBUG] (FabricLoader/Mixin) vurstvisual.mixins.json:client.render.EntityRenderDispatcherMixin from mod vurstvisual->@Inject::removePlayers(Lnet/minecraft/entity/Entity;DDDFLnet/minecraft/client/util/math/MatrixStack;Lnet/minecraft/client/render/VertexConsumerProvider;ILorg/spongepowered/asm/mixin/injection/callback/CallbackInfo;)V does use it's CallbackInfo
[20:12:17] [Render thread/DEBUG] (FabricLoader/Mixin) vurstvisual.mixins.json:client.render.EntityRenderDispatcherMixin from mod vurstvisual->@Inject::cancelVanillaPlayerHitbox(Lnet/minecraft/client/util/math/MatrixStack;Lnet/minecraft/client/render/VertexConsumer;Lnet/minecraft/entity/Entity;FFFFLorg/spongepowered/asm/mixin/injection/callback/CallbackInfo;)V does use it's CallbackInfo
[20:12:17] [Render thread/DEBUG] (FabricLoader/Mixin) vurstvisual.mixins.json:client.render.EntityRenderDispatcherMixin from mod vurstvisual->@Inject::preventNullRendererCrash(Lnet/minecraft/entity/Entity;Lnet/minecraft/client/render/Frustum;DDDLorg/spongepowered/asm/mixin/injection/callback/CallbackInfoReturnable;)V does use it's CallbackInfoReturnable
[20:12:17] [Render thread/DEBUG] (FabricLoader/Mixin) vurstvisual.mixins.json:client.render.EntityCullingMixin from mod vurstvisual->@Inject::vurstvisual$applyEntityCulling(Lnet/minecraft/entity/Entity;Lnet/minecraft/client/render/Frustum;DDDLorg/spongepowered/asm/mixin/injection/callback/CallbackInfoReturnable;)V does use it's CallbackInfoReturnable
[20:12:17] [Render thread/DEBUG] (FabricLoader/Mixin) Mixing HeldItemRendererMixin from fabric-item-api-v1.client.mixins.json into net.minecraft.client.render.item.HeldItemRenderer
[20:12:17] [Render thread/DEBUG] (FabricLoader/Mixin) Mixing client.HeldItemRendererMixin from vurstvisual.mixins.json into net.minecraft.client.render.item.HeldItemRenderer
[20:12:17] [Render thread/DEBUG] (FabricLoader/Mixin) fabric-item-api-v1.client.mixins.json:HeldItemRendererMixin from mod fabric-item-api-v1->@Inject::modifyProgressAnimation(Lorg/spongepowered/asm/mixin/injection/callback/CallbackInfo;)V doesn't use it's CallbackInfo
[20:12:17] [Render thread/DEBUG] (FabricLoader/Mixin) fabric-item-api-v1.client.mixins.json:HeldItemRendererMixin from mod fabric-item-api-v1->@Inject::modifyProgressAnimation(Lorg/spongepowered/asm/mixin/injection/callback/CallbackInfo;)V has 0 override(s) in child classes
[20:12:17] [Render thread/DEBUG] (FabricLoader/Mixin) fabric-item-api-v1.client.mixins.json:HeldItemRendererMixin from mod fabric-item-api-v1->@Inject::modifyProgressAnimation(Lorg/spongepowered/asm/mixin/injection/callback/CallbackInfo;)V won't be passed a CallbackInfo as a result
[20:12:17] [Render thread/DEBUG] (FabricLoader/Mixin) vurstvisual.mixins.json:client.HeldItemRendererMixin from mod vurstvisual->@Inject::injectBeforeRenderCrossBowItem(Lnet/minecraft/client/network/AbstractClientPlayerEntity;FFLnet/minecraft/util/Hand;FLnet/minecraft/item/ItemStack;FLnet/minecraft/client/util/math/MatrixStack;Lnet/minecraft/client/render/VertexConsumerProvider;ILorg/spongepowered/asm/mixin/injection/callback/CallbackInfo;)V doesn't use it's CallbackInfo
[20:12:17] [Render thread/DEBUG] (FabricLoader/Mixin) vurstvisual.mixins.json:client.HeldItemRendererMixin from mod vurstvisual->@Inject::injectBeforeRenderCrossBowItem(Lnet/minecraft/client/network/AbstractClientPlayerEntity;FFLnet/minecraft/util/Hand;FLnet/minecraft/item/ItemStack;FLnet/minecraft/client/util/math/MatrixStack;Lnet/minecraft/client/render/VertexConsumerProvider;ILorg/spongepowered/asm/mixin/injection/callback/CallbackInfo;)V has 0 override(s) in child classes
[20:12:17] [Render thread/DEBUG] (FabricLoader/Mixin) vurstvisual.mixins.json:client.HeldItemRendererMixin from mod vurstvisual->@Inject::injectBeforeRenderCrossBowItem(Lnet/minecraft/client/network/AbstractClientPlayerEntity;FFLnet/minecraft/util/Hand;FLnet/minecraft/item/ItemStack;FLnet/minecraft/client/util/math/MatrixStack;Lnet/minecraft/client/render/VertexConsumerProvider;ILorg/spongepowered/asm/mixin/injection/callback/CallbackInfo;)V won't be passed a CallbackInfo as a result
[20:12:17] [Render thread/DEBUG] (FabricLoader/Mixin) vurstvisual.mixins.json:client.HeldItemRendererMixin from mod vurstvisual->@Inject::injectBeforeRenderItem(Lnet/minecraft/client/network/AbstractClientPlayerEntity;FFLnet/minecraft/util/Hand;FLnet/minecraft/item/ItemStack;FLnet/minecraft/client/util/math/MatrixStack;Lnet/minecraft/client/render/VertexConsumerProvider;ILorg/spongepowered/asm/mixin/injection/callback/CallbackInfo;)V doesn't use it's CallbackInfo
[20:12:17] [Render thread/DEBUG] (FabricLoader/Mixin) vurstvisual.mixins.json:client.HeldItemRendererMixin from mod vurstvisual->@Inject::injectBeforeRenderItem(Lnet/minecraft/client/network/AbstractClientPlayerEntity;FFLnet/minecraft/util/Hand;FLnet/minecraft/item/ItemStack;FLnet/minecraft/client/util/math/MatrixStack;Lnet/minecraft/client/render/VertexConsumerProvider;ILorg/spongepowered/asm/mixin/injection/callback/CallbackInfo;)V has 0 override(s) in child classes
[20:12:17] [Render thread/DEBUG] (FabricLoader/Mixin) vurstvisual.mixins.json:client.HeldItemRendererMixin from mod vurstvisual->@Inject::injectBeforeRenderItem(Lnet/minecraft/client/network/AbstractClientPlayerEntity;FFLnet/minecraft/util/Hand;FLnet/minecraft/item/ItemStack;FLnet/minecraft/client/util/math/MatrixStack;Lnet/minecraft/client/render/VertexConsumerProvider;ILorg/spongepowered/asm/mixin/injection/callback/CallbackInfo;)V won't be passed a CallbackInfo as a result
[20:12:17] [Render thread/DEBUG] (FabricLoader/Mixin) vurstvisual.mixins.json:client.HeldItemRendererMixin from mod vurstvisual->@Inject::beginShaderHandsTint(Lnet/minecraft/client/network/AbstractClientPlayerEntity;FFLnet/minecraft/util/Hand;FLnet/minecraft/item/ItemStack;FLnet/minecraft/client/util/math/MatrixStack;Lnet/minecraft/client/render/VertexConsumerProvider;ILorg/spongepowered/asm/mixin/injection/callback/CallbackInfo;)V doesn't use it's CallbackInfo
[20:12:17] [Render thread/DEBUG] (FabricLoader/Mixin) vurstvisual.mixins.json:client.HeldItemRendererMixin from mod vurstvisual->@Inject::beginShaderHandsTint(Lnet/minecraft/client/network/AbstractClientPlayerEntity;FFLnet/minecraft/util/Hand;FLnet/minecraft/item/ItemStack;FLnet/minecraft/client/util/math/MatrixStack;Lnet/minecraft/client/render/VertexConsumerProvider;ILorg/spongepowered/asm/mixin/injection/callback/CallbackInfo;)V has 0 override(s) in child classes
[20:12:17] [Render thread/DEBUG] (FabricLoader/Mixin) vurstvisual.mixins.json:client.HeldItemRendererMixin from mod vurstvisual->@Inject::beginShaderHandsTint(Lnet/minecraft/client/network/AbstractClientPlayerEntity;FFLnet/minecraft/util/Hand;FLnet/minecraft/item/ItemStack;FLnet/minecraft/client/util/math/MatrixStack;Lnet/minecraft/client/render/VertexConsumerProvider;ILorg/spongepowered/asm/mixin/injection/callback/CallbackInfo;)V won't be passed a CallbackInfo as a result
[20:12:17] [Render thread/DEBUG] (FabricLoader/Mixin) vurstvisual.mixins.json:client.HeldItemRendererMixin from mod vurstvisual->@Inject::endShaderHandsTint(Lnet/minecraft/client/network/AbstractClientPlayerEntity;FFLnet/minecraft/util/Hand;FLnet/minecraft/item/ItemStack;FLnet/minecraft/client/util/math/MatrixStack;Lnet/minecraft/client/render/VertexConsumerProvider;ILorg/spongepowered/asm/mixin/injection/callback/CallbackInfo;)V doesn't use it's CallbackInfo
[20:12:17] [Render thread/DEBUG] (FabricLoader/Mixin) vurstvisual.mixins.json:client.HeldItemRendererMixin from mod vurstvisual->@Inject::endShaderHandsTint(Lnet/minecraft/client/network/AbstractClientPlayerEntity;FFLnet/minecraft/util/Hand;FLnet/minecraft/item/ItemStack;FLnet/minecraft/client/util/math/MatrixStack;Lnet/minecraft/client/render/VertexConsumerProvider;ILorg/spongepowered/asm/mixin/injection/callback/CallbackInfo;)V has 0 override(s) in child classes
[20:12:17] [Render thread/DEBUG] (FabricLoader/Mixin) vurstvisual.mixins.json:client.HeldItemRendererMixin from mod vurstvisual->@Inject::endShaderHandsTint(Lnet/minecraft/client/network/AbstractClientPlayerEntity;FFLnet/minecraft/util/Hand;FLnet/minecraft/item/ItemStack;FLnet/minecraft/client/util/math/MatrixStack;Lnet/minecraft/client/render/VertexConsumerProvider;ILorg/spongepowered/asm/mixin/injection/callback/CallbackInfo;)V won't be passed a CallbackInfo as a result
[20:12:17] [Render thread/DEBUG] (FabricLoader/Mixin) vurstvisual.mixins.json:client.HeldItemRendererMixin from mod vurstvisual->@Inject::endShaderHandsTint(Lnet/minecraft/client/network/AbstractClientPlayerEntity;FFLnet/minecraft/util/Hand;FLnet/minecraft/item/ItemStack;FLnet/minecraft/client/util/math/MatrixStack;Lnet/minecraft/client/render/VertexConsumerProvider;ILorg/spongepowered/asm/mixin/injection/callback/CallbackInfo;)V doesn't use it's CallbackInfo
[20:12:17] [Render thread/DEBUG] (FabricLoader/Mixin) vurstvisual.mixins.json:client.HeldItemRendererMixin from mod vurstvisual->@Inject::endShaderHandsTint(Lnet/minecraft/client/network/AbstractClientPlayerEntity;FFLnet/minecraft/util/Hand;FLnet/minecraft/item/ItemStack;FLnet/minecraft/client/util/math/MatrixStack;Lnet/minecraft/client/render/VertexConsumerProvider;ILorg/spongepowered/asm/mixin/injection/callback/CallbackInfo;)V has 0 override(s) in child classes
[20:12:17] [Render thread/DEBUG] (FabricLoader/Mixin) vurstvisual.mixins.json:client.HeldItemRendererMixin from mod vurstvisual->@Inject::endShaderHandsTint(Lnet/minecraft/client/network/AbstractClientPlayerEntity;FFLnet/minecraft/util/Hand;FLnet/minecraft/item/ItemStack;FLnet/minecraft/client/util/math/MatrixStack;Lnet/minecraft/client/render/VertexConsumerProvider;ILorg/spongepowered/asm/mixin/injection/callback/CallbackInfo;)V won't be passed a CallbackInfo as a result
[20:12:17] [Render thread/DEBUG] (FabricLoader/Mixin) vurstvisual.mixins.json:client.HeldItemRendererMixin from mod vurstvisual->@Inject::injectAfterMatrixPushHandPosition(Lnet/minecraft/client/network/AbstractClientPlayerEntity;FFLnet/minecraft/util/Hand;FLnet/minecraft/item/ItemStack;FLnet/minecraft/client/util/math/MatrixStack;Lnet/minecraft/client/render/VertexConsumerProvider;ILorg/spongepowered/asm/mixin/injection/callback/CallbackInfo;)V doesn't use it's CallbackInfo
[20:12:17] [Render thread/DEBUG] (FabricLoader/Mixin) vurstvisual.mixins.json:client.HeldItemRendererMixin from mod vurstvisual->@Inject::injectAfterMatrixPushHandPosition(Lnet/minecraft/client/network/AbstractClientPlayerEntity;FFLnet/minecraft/util/Hand;FLnet/minecraft/item/ItemStack;FLnet/minecraft/client/util/math/MatrixStack;Lnet/minecraft/client/render/VertexConsumerProvider;ILorg/spongepowered/asm/mixin/injection/callback/CallbackInfo;)V has 0 override(s) in child classes
[20:12:17] [Render thread/DEBUG] (FabricLoader/Mixin) vurstvisual.mixins.json:client.HeldItemRendererMixin from mod vurstvisual->@Inject::injectAfterMatrixPushHandPosition(Lnet/minecraft/client/network/AbstractClientPlayerEntity;FFLnet/minecraft/util/Hand;FLnet/minecraft/item/ItemStack;FLnet/minecraft/client/util/math/MatrixStack;Lnet/minecraft/client/render/VertexConsumerProvider;ILorg/spongepowered/asm/mixin/injection/callback/CallbackInfo;)V won't be passed a CallbackInfo as a result
[20:12:17] [Render thread/DEBUG] (FabricLoader/Mixin) Mixing ParticleManagerMixin from fabric-registry-sync-v0.client.mixins.json into net.minecraft.client.particle.ParticleManager
[20:12:17] [Render thread/DEBUG] (FabricLoader/Mixin) Mixing ParticleManagerMixin from fabric-particles-v1.client.mixins.json into net.minecraft.client.particle.ParticleManager
[20:12:17] [Render thread/DEBUG] (FabricLoader/Mixin) Mixing ParticleManagerAccessor from fabric-particles-v1.client.mixins.json into net.minecraft.client.particle.ParticleManager
[20:12:17] [Render thread/DEBUG] (FabricLoader/Mixin) fabric-registry-sync-v0.client.mixins.json:ParticleManagerMixin from mod fabric-registry-sync-v0->@Inject::onInit(Lnet/minecraft/client/world/ClientWorld;Lnet/minecraft/client/texture/TextureManager;Lorg/spongepowered/asm/mixin/injection/callback/CallbackInfo;)V doesn't use it's CallbackInfo
[20:12:17] [Render thread/DEBUG] (FabricLoader/Mixin) fabric-registry-sync-v0.client.mixins.json:ParticleManagerMixin from mod fabric-registry-sync-v0->@Inject::onInit(Lnet/minecraft/client/world/ClientWorld;Lnet/minecraft/client/texture/TextureManager;Lorg/spongepowered/asm/mixin/injection/callback/CallbackInfo;)V has 0 override(s) in child classes
[20:12:17] [Render thread/DEBUG] (FabricLoader/Mixin) fabric-registry-sync-v0.client.mixins.json:ParticleManagerMixin from mod fabric-registry-sync-v0->@Inject::onInit(Lnet/minecraft/client/world/ClientWorld;Lnet/minecraft/client/texture/TextureManager;Lorg/spongepowered/asm/mixin/injection/callback/CallbackInfo;)V won't be passed a CallbackInfo as a result
[20:12:17] [Render thread/DEBUG] (FabricLoader/Mixin) fabric-particles-v1.client.mixins.json:ParticleManagerMixin from mod fabric-particles-v1->@Inject::onRegisterDefaultFactories(Lorg/spongepowered/asm/mixin/injection/callback/CallbackInfo;)V doesn't use it's CallbackInfo
[20:12:17] [Render thread/DEBUG] (FabricLoader/Mixin) fabric-particles-v1.client.mixins.json:ParticleManagerMixin from mod fabric-particles-v1->@Inject::onRegisterDefaultFactories(Lorg/spongepowered/asm/mixin/injection/callback/CallbackInfo;)V has 0 override(s) in child classes
[20:12:17] [Render thread/DEBUG] (FabricLoader/Mixin) fabric-particles-v1.client.mixins.json:ParticleManagerMixin from mod fabric-particles-v1->@Inject::onRegisterDefaultFactories(Lorg/spongepowered/asm/mixin/injection/callback/CallbackInfo;)V won't be passed a CallbackInfo as a result
[20:12:17] [Render thread/DEBUG] (FabricLoader/Mixin) Mixing BlockDustParticleMixin from fabric-particles-v1.client.mixins.json into net.minecraft.client.particle.BlockDustParticle
[20:12:17] [Render thread/DEBUG] (FabricLoader/Mixin) Mixing ParticleManagerAccessor$SimpleSpriteProviderAccessor from fabric-particles-v1.client.mixins.json into net.minecraft.client.particle.ParticleManager$SimpleSpriteProvider
[20:12:17] [Render thread/DEBUG] (FabricLoader/Mixin) Mixing minecraft.render.MixinGameRenderer from vurstvisual.mixins.json into net.minecraft.client.render.GameRenderer
[20:12:17] [Render thread/DEBUG] (FabricLoader/Mixin) Mixing GameRendererMixin from fabric-screen-api-v1.mixins.json into net.minecraft.client.render.GameRenderer
[20:12:17] [Render thread/DEBUG] (FabricLoader/Mixin) vurstvisual.mixins.json:minecraft.render.MixinGameRenderer from mod vurstvisual->@Inject::getBasicProjectionMatrixHook(FLorg/spongepowered/asm/mixin/injection/callback/CallbackInfoReturnable;)V does use it's CallbackInfoReturnable
[20:12:17] [Render thread/DEBUG] (FabricLoader/Mixin) vurstvisual.mixins.json:minecraft.render.MixinGameRenderer from mod vurstvisual->@Inject::removeHurtCamera(Lnet/minecraft/client/util/math/MatrixStack;FLorg/spongepowered/asm/mixin/injection/callback/CallbackInfo;)V does use it's CallbackInfo
[20:12:17] [Render thread/DEBUG] (FabricLoader/Mixin) vurstvisual.mixins.json:minecraft.render.MixinGameRenderer from mod vurstvisual->@Inject::removeTotemAnimation(Lnet/minecraft/item/ItemStack;Lorg/spongepowered/asm/mixin/injection/callback/CallbackInfo;)V does use it's CallbackInfo
[20:12:17] [Render thread/DEBUG] (FabricLoader/Mixin) vurstvisual.mixins.json:minecraft.render.MixinGameRenderer from mod vurstvisual->@Inject::vurstvisual$fullBrightAsNightVision(Lnet/minecraft/entity/LivingEntity;FLorg/spongepowered/asm/mixin/injection/callback/CallbackInfoReturnable;)V does use it's CallbackInfoReturnable
[20:12:17] [Render thread/DEBUG] (FabricLoader/Mixin) vurstvisual.mixins.json:minecraft.render.MixinGameRenderer from mod vurstvisual->@Inject::hookWorldRender(Lnet/minecraft/client/render/RenderTickCounter;Lorg/spongepowered/asm/mixin/injection/callback/CallbackInfo;)V doesn't use it's CallbackInfo
[20:12:17] [Render thread/DEBUG] (FabricLoader/Mixin) vurstvisual.mixins.json:minecraft.render.MixinGameRenderer from mod vurstvisual->@Inject::hookWorldRender(Lnet/minecraft/client/render/RenderTickCounter;Lorg/spongepowered/asm/mixin/injection/callback/CallbackInfo;)V has 0 override(s) in child classes
[20:12:17] [Render thread/DEBUG] (FabricLoader/Mixin) vurstvisual.mixins.json:minecraft.render.MixinGameRenderer from mod vurstvisual->@Inject::hookWorldRender(Lnet/minecraft/client/render/RenderTickCounter;Lorg/spongepowered/asm/mixin/injection/callback/CallbackInfo;)V won't be passed a CallbackInfo as a result
[20:12:17] [Render thread/DEBUG] (FabricLoader/Mixin) vurstvisual.mixins.json:minecraft.render.MixinGameRenderer from mod vurstvisual->@Inject::hookRenderWorldHead(Lnet/minecraft/client/render/RenderTickCounter;Lorg/spongepowered/asm/mixin/injection/callback/CallbackInfo;)V doesn't use it's CallbackInfo
[20:12:17] [Render thread/DEBUG] (FabricLoader/Mixin) vurstvisual.mixins.json:minecraft.render.MixinGameRenderer from mod vurstvisual->@Inject::hookRenderWorldHead(Lnet/minecraft/client/render/RenderTickCounter;Lorg/spongepowered/asm/mixin/injection/callback/CallbackInfo;)V has 0 override(s) in child classes
[20:12:17] [Render thread/DEBUG] (FabricLoader/Mixin) vurstvisual.mixins.json:minecraft.render.MixinGameRenderer from mod vurstvisual->@Inject::hookRenderWorldHead(Lnet/minecraft/client/render/RenderTickCounter;Lorg/spongepowered/asm/mixin/injection/callback/CallbackInfo;)V won't be passed a CallbackInfo as a result
[20:12:17] [Render thread/DEBUG] (FabricLoader/Mixin) vurstvisual.mixins.json:minecraft.render.MixinGameRenderer from mod vurstvisual->@Inject::hookBeforeAnyScreenRender(Lnet/minecraft/client/render/RenderTickCounter;ZLorg/spongepowered/asm/mixin/injection/callback/CallbackInfo;)V doesn't use it's CallbackInfo
[20:12:17] [Render thread/DEBUG] (FabricLoader/Mixin) vurstvisual.mixins.json:minecraft.render.MixinGameRenderer from mod vurstvisual->@Inject::hookBeforeAnyScreenRender(Lnet/minecraft/client/render/RenderTickCounter;ZLorg/spongepowered/asm/mixin/injection/callback/CallbackInfo;)V has 0 override(s) in child classes
[20:12:17] [Render thread/DEBUG] (FabricLoader/Mixin) vurstvisual.mixins.json:minecraft.render.MixinGameRenderer from mod vurstvisual->@Inject::hookBeforeAnyScreenRender(Lnet/minecraft/client/render/RenderTickCounter;ZLorg/spongepowered/asm/mixin/injection/callback/CallbackInfo;)V won't be passed a CallbackInfo as a result
[20:12:17] [Render thread/DEBUG] (FabricLoader/Mixin) vurstvisual.mixins.json:minecraft.render.MixinGameRenderer from mod vurstvisual->@Inject::hookRenderTail(Lnet/minecraft/client/render/RenderTickCounter;ZLorg/spongepowered/asm/mixin/injection/callback/CallbackInfo;)V doesn't use it's CallbackInfo
[20:12:17] [Render thread/DEBUG] (FabricLoader/Mixin) vurstvisual.mixins.json:minecraft.render.MixinGameRenderer from mod vurstvisual->@Inject::hookRenderTail(Lnet/minecraft/client/render/RenderTickCounter;ZLorg/spongepowered/asm/mixin/injection/callback/CallbackInfo;)V has 0 override(s) in child classes
[20:12:17] [Render thread/DEBUG] (FabricLoader/Mixin) vurstvisual.mixins.json:minecraft.render.MixinGameRenderer from mod vurstvisual->@Inject::hookRenderTail(Lnet/minecraft/client/render/RenderTickCounter;ZLorg/spongepowered/asm/mixin/injection/callback/CallbackInfo;)V won't be passed a CallbackInfo as a result
[20:12:17] [Render thread/DEBUG] (FabricLoader/Mixin) vurstvisual.mixins.json:minecraft.render.MixinGameRenderer from mod vurstvisual->@Inject::renderScreenHook(Lnet/minecraft/client/render/RenderTickCounter;ZLorg/spongepowered/asm/mixin/injection/callback/CallbackInfo;Lnet/minecraft/util/profiler/Profiler;ZIILnet/minecraft/client/util/Window;Lorg/joml/Matrix4f;Lorg/joml/Matrix4fStack;Lnet/minecraft/client/gui/DrawContext;)V doesn't use it's CallbackInfo
[20:12:17] [Render thread/DEBUG] (FabricLoader/Mixin) vurstvisual.mixins.json:minecraft.render.MixinGameRenderer from mod vurstvisual->@Inject::renderScreenHook(Lnet/minecraft/client/render/RenderTickCounter;ZLorg/spongepowered/asm/mixin/injection/callback/CallbackInfo;Lnet/minecraft/util/profiler/Profiler;ZIILnet/minecraft/client/util/Window;Lorg/joml/Matrix4f;Lorg/joml/Matrix4fStack;Lnet/minecraft/client/gui/DrawContext;)V has 0 override(s) in child classes
[20:12:17] [Render thread/DEBUG] (FabricLoader/Mixin) vurstvisual.mixins.json:minecraft.render.MixinGameRenderer from mod vurstvisual->@Inject::renderScreenHook(Lnet/minecraft/client/render/RenderTickCounter;ZLorg/spongepowered/asm/mixin/injection/callback/CallbackInfo;Lnet/minecraft/util/profiler/Profiler;ZIILnet/minecraft/client/util/Window;Lorg/joml/Matrix4f;Lorg/joml/Matrix4fStack;Lnet/minecraft/client/gui/DrawContext;)V won't be passed a CallbackInfo as a result
[20:12:17] [Render thread/DEBUG] (FabricLoader/Mixin) Mixing accessors.LightmapTextureManagerAccessor from vurstvisual.mixins.json into net.minecraft.client.render.LightmapTextureManager
[20:12:17] [Render thread/DEBUG] (FabricLoader/Mixin) Mixing minecraft.render.LightmapTextureManagerMixin from vurstvisual.mixins.json into net.minecraft.client.render.LightmapTextureManager
[20:12:17] [Render thread/DEBUG] (FabricLoader/Mixin) Mixing WorldRendererMixin from fabric-rendering-v1.mixins.json into net.minecraft.client.render.WorldRenderer
[20:12:17] [Render thread/DEBUG] (FabricLoader/Mixin) Renaming synthetic method lambda$beforeClouds$0()V to md24ae71$fabric-rendering-v1$lambda$beforeClouds$0$0 in fabric-rendering-v1.mixins.json:WorldRendererMixin from mod fabric-rendering-v1
[20:12:17] [Render thread/DEBUG] (FabricLoader/Mixin) Mixing KeyedResourceReloadListenerClientMixin from fabric-resource-loader-v0.client.mixins.json into net.minecraft.client.render.WorldRenderer
[20:12:17] [Render thread/DEBUG] (FabricLoader/Mixin) Mixing client.render.WorldRendererMixin from vurstvisual.mixins.json into net.minecraft.client.render.WorldRenderer
[20:12:17] [Render thread/DEBUG] (FabricLoader/Mixin) fabric-rendering-v1.mixins.json:WorldRendererMixin from mod fabric-rendering-v1->@Inject::beforeRender(Lnet/minecraft/client/util/ObjectAllocator;Lnet/minecraft/client/render/RenderTickCounter;ZLnet/minecraft/client/render/Camera;Lnet/minecraft/client/render/GameRenderer;Lorg/joml/Matrix4f;Lorg/joml/Matrix4f;Lorg/spongepowered/asm/mixin/injection/callback/CallbackInfo;)V doesn't use it's CallbackInfo
[20:12:17] [Render thread/DEBUG] (FabricLoader/Mixin) fabric-rendering-v1.mixins.json:WorldRendererMixin from mod fabric-rendering-v1->@Inject::beforeRender(Lnet/minecraft/client/util/ObjectAllocator;Lnet/minecraft/client/render/RenderTickCounter;ZLnet/minecraft/client/render/Camera;Lnet/minecraft/client/render/GameRenderer;Lorg/joml/Matrix4f;Lorg/joml/Matrix4f;Lorg/spongepowered/asm/mixin/injection/callback/CallbackInfo;)V has 0 override(s) in child classes
[20:12:17] [Render thread/DEBUG] (FabricLoader/Mixin) fabric-rendering-v1.mixins.json:WorldRendererMixin from mod fabric-rendering-v1->@Inject::beforeRender(Lnet/minecraft/client/util/ObjectAllocator;Lnet/minecraft/client/render/RenderTickCounter;ZLnet/minecraft/client/render/Camera;Lnet/minecraft/client/render/GameRenderer;Lorg/joml/Matrix4f;Lorg/joml/Matrix4f;Lorg/spongepowered/asm/mixin/injection/callback/CallbackInfo;)V won't be passed a CallbackInfo as a result
[20:12:17] [Render thread/DEBUG] (FabricLoader/Mixin) fabric-rendering-v1.mixins.json:WorldRendererMixin from mod fabric-rendering-v1->@Inject::afterTerrainSetup(Lnet/minecraft/client/render/Camera;Lnet/minecraft/client/render/Frustum;ZZLorg/spongepowered/asm/mixin/injection/callback/CallbackInfo;)V doesn't use it's CallbackInfo
[20:12:17] [Render thread/DEBUG] (FabricLoader/Mixin) fabric-rendering-v1.mixins.json:WorldRendererMixin from mod fabric-rendering-v1->@Inject::afterTerrainSetup(Lnet/minecraft/client/render/Camera;Lnet/minecraft/client/render/Frustum;ZZLorg/spongepowered/asm/mixin/injection/callback/CallbackInfo;)V has 0 override(s) in child classes
[20:12:17] [Render thread/DEBUG] (FabricLoader/Mixin) fabric-rendering-v1.mixins.json:WorldRendererMixin from mod fabric-rendering-v1->@Inject::afterTerrainSetup(Lnet/minecraft/client/render/Camera;Lnet/minecraft/client/render/Frustum;ZZLorg/spongepowered/asm/mixin/injection/callback/CallbackInfo;)V won't be passed a CallbackInfo as a result
[20:12:17] [Render thread/DEBUG] (FabricLoader/Mixin) fabric-rendering-v1.mixins.json:WorldRendererMixin from mod fabric-rendering-v1->@Inject::beforeTerrainSolid(Lorg/spongepowered/asm/mixin/injection/callback/CallbackInfo;)V doesn't use it's CallbackInfo
[20:12:17] [Render thread/DEBUG] (FabricLoader/Mixin) fabric-rendering-v1.mixins.json:WorldRendererMixin from mod fabric-rendering-v1->@Inject::beforeTerrainSolid(Lorg/spongepowered/asm/mixin/injection/callback/CallbackInfo;)V has 0 override(s) in child classes
[20:12:17] [Render thread/DEBUG] (FabricLoader/Mixin) fabric-rendering-v1.mixins.json:WorldRendererMixin from mod fabric-rendering-v1->@Inject::beforeTerrainSolid(Lorg/spongepowered/asm/mixin/injection/callback/CallbackInfo;)V won't be passed a CallbackInfo as a result
[20:12:17] [Render thread/DEBUG] (FabricLoader/Mixin) fabric-rendering-v1.mixins.json:WorldRendererMixin from mod fabric-rendering-v1->@Inject::afterTerrainSolid(Lorg/spongepowered/asm/mixin/injection/callback/CallbackInfo;)V doesn't use it's CallbackInfo
[20:12:17] [Render thread/DEBUG] (FabricLoader/Mixin) fabric-rendering-v1.mixins.json:WorldRendererMixin from mod fabric-rendering-v1->@Inject::afterTerrainSolid(Lorg/spongepowered/asm/mixin/injection/callback/CallbackInfo;)V has 0 override(s) in child classes
[20:12:17] [Render thread/DEBUG] (FabricLoader/Mixin) fabric-rendering-v1.mixins.json:WorldRendererMixin from mod fabric-rendering-v1->@Inject::afterTerrainSolid(Lorg/spongepowered/asm/mixin/injection/callback/CallbackInfo;)V won't be passed a CallbackInfo as a result
[20:12:17] [Render thread/DEBUG] (FabricLoader/Mixin) fabric-rendering-v1.mixins.json:WorldRendererMixin from mod fabric-rendering-v1->@Inject::afterEntities(Lorg/spongepowered/asm/mixin/injection/callback/CallbackInfo;)V doesn't use it's CallbackInfo
[20:12:17] [Render thread/DEBUG] (FabricLoader/Mixin) fabric-rendering-v1.mixins.json:WorldRendererMixin from mod fabric-rendering-v1->@Inject::afterEntities(Lorg/spongepowered/asm/mixin/injection/callback/CallbackInfo;)V has 0 override(s) in child classes
[20:12:17] [Render thread/DEBUG] (FabricLoader/Mixin) fabric-rendering-v1.mixins.json:WorldRendererMixin from mod fabric-rendering-v1->@Inject::afterEntities(Lorg/spongepowered/asm/mixin/injection/callback/CallbackInfo;)V won't be passed a CallbackInfo as a result
[20:12:17] [Render thread/DEBUG] (FabricLoader/Mixin) fabric-rendering-v1.mixins.json:WorldRendererMixin from mod fabric-rendering-v1->@Inject::beforeRenderOutline(Lnet/minecraft/client/render/Camera;Lnet/minecraft/client/render/VertexConsumerProvider$Immediate;Lnet/minecraft/client/util/math/MatrixStack;ZLorg/spongepowered/asm/mixin/injection/callback/CallbackInfo;)V doesn't use it's CallbackInfo
[20:12:17] [Render thread/DEBUG] (FabricLoader/Mixin) fabric-rendering-v1.mixins.json:WorldRendererMixin from mod fabric-rendering-v1->@Inject::beforeRenderOutline(Lnet/minecraft/client/render/Camera;Lnet/minecraft/client/render/VertexConsumerProvider$Immediate;Lnet/minecraft/client/util/math/MatrixStack;ZLorg/spongepowered/asm/mixin/injection/callback/CallbackInfo;)V has 0 override(s) in child classes
[20:12:17] [Render thread/DEBUG] (FabricLoader/Mixin) fabric-rendering-v1.mixins.json:WorldRendererMixin from mod fabric-rendering-v1->@Inject::beforeRenderOutline(Lnet/minecraft/client/render/Camera;Lnet/minecraft/client/render/VertexConsumerProvider$Immediate;Lnet/minecraft/client/util/math/MatrixStack;ZLorg/spongepowered/asm/mixin/injection/callback/CallbackInfo;)V won't be passed a CallbackInfo as a result
[20:12:17] [Render thread/DEBUG] (FabricLoader/Mixin) fabric-rendering-v1.mixins.json:WorldRendererMixin from mod fabric-rendering-v1->@Inject::onDrawBlockOutline(Lnet/minecraft/client/render/Camera;Lnet/minecraft/client/render/VertexConsumerProvider$Immediate;Lnet/minecraft/client/util/math/MatrixStack;ZLorg/spongepowered/asm/mixin/injection/callback/CallbackInfo;)V does use it's CallbackInfo
[20:12:17] [Render thread/DEBUG] (FabricLoader/Mixin) fabric-rendering-v1.mixins.json:WorldRendererMixin from mod fabric-rendering-v1->@Inject::beforeDebugRender(Lorg/spongepowered/asm/mixin/injection/callback/CallbackInfo;)V doesn't use it's CallbackInfo
[20:12:17] [Render thread/DEBUG] (FabricLoader/Mixin) fabric-rendering-v1.mixins.json:WorldRendererMixin from mod fabric-rendering-v1->@Inject::beforeDebugRender(Lorg/spongepowered/asm/mixin/injection/callback/CallbackInfo;)V has 0 override(s) in child classes
[20:12:17] [Render thread/DEBUG] (FabricLoader/Mixin) fabric-rendering-v1.mixins.json:WorldRendererMixin from mod fabric-rendering-v1->@Inject::beforeDebugRender(Lorg/spongepowered/asm/mixin/injection/callback/CallbackInfo;)V won't be passed a CallbackInfo as a result
[20:12:17] [Render thread/DEBUG] (FabricLoader/Mixin) fabric-rendering-v1.mixins.json:WorldRendererMixin from mod fabric-rendering-v1->@Inject::beforeClouds(Lorg/spongepowered/asm/mixin/injection/callback/CallbackInfo;)V doesn't use it's CallbackInfo
[20:12:17] [Render thread/DEBUG] (FabricLoader/Mixin) fabric-rendering-v1.mixins.json:WorldRendererMixin from mod fabric-rendering-v1->@Inject::beforeClouds(Lorg/spongepowered/asm/mixin/injection/callback/CallbackInfo;)V has 0 override(s) in child classes
[20:12:17] [Render thread/DEBUG] (FabricLoader/Mixin) fabric-rendering-v1.mixins.json:WorldRendererMixin from mod fabric-rendering-v1->@Inject::beforeClouds(Lorg/spongepowered/asm/mixin/injection/callback/CallbackInfo;)V won't be passed a CallbackInfo as a result
[20:12:17] [Render thread/DEBUG] (FabricLoader/Mixin) fabric-rendering-v1.mixins.json:WorldRendererMixin from mod fabric-rendering-v1->@Inject::onFinishWritingFramebuffer(Lorg/spongepowered/asm/mixin/injection/callback/CallbackInfo;)V doesn't use it's CallbackInfo
[20:12:17] [Render thread/DEBUG] (FabricLoader/Mixin) fabric-rendering-v1.mixins.json:WorldRendererMixin from mod fabric-rendering-v1->@Inject::onFinishWritingFramebuffer(Lorg/spongepowered/asm/mixin/injection/callback/CallbackInfo;)V has 0 override(s) in child classes
[20:12:17] [Render thread/DEBUG] (FabricLoader/Mixin) fabric-rendering-v1.mixins.json:WorldRendererMixin from mod fabric-rendering-v1->@Inject::onFinishWritingFramebuffer(Lorg/spongepowered/asm/mixin/injection/callback/CallbackInfo;)V won't be passed a CallbackInfo as a result
[20:12:17] [Render thread/DEBUG] (FabricLoader/Mixin) fabric-rendering-v1.mixins.json:WorldRendererMixin from mod fabric-rendering-v1->@Inject::afterRender(Lorg/spongepowered/asm/mixin/injection/callback/CallbackInfo;)V doesn't use it's CallbackInfo
[20:12:17] [Render thread/DEBUG] (FabricLoader/Mixin) fabric-rendering-v1.mixins.json:WorldRendererMixin from mod fabric-rendering-v1->@Inject::afterRender(Lorg/spongepowered/asm/mixin/injection/callback/CallbackInfo;)V has 0 override(s) in child classes
[20:12:17] [Render thread/DEBUG] (FabricLoader/Mixin) fabric-rendering-v1.mixins.json:WorldRendererMixin from mod fabric-rendering-v1->@Inject::afterRender(Lorg/spongepowered/asm/mixin/injection/callback/CallbackInfo;)V won't be passed a CallbackInfo as a result
[20:12:17] [Render thread/DEBUG] (FabricLoader/Mixin) fabric-rendering-v1.mixins.json:WorldRendererMixin from mod fabric-rendering-v1->@Inject::onReload(Lorg/spongepowered/asm/mixin/injection/callback/CallbackInfo;)V doesn't use it's CallbackInfo
[20:12:17] [Render thread/DEBUG] (FabricLoader/Mixin) fabric-rendering-v1.mixins.json:WorldRendererMixin from mod fabric-rendering-v1->@Inject::onReload(Lorg/spongepowered/asm/mixin/injection/callback/CallbackInfo;)V has 0 override(s) in child classes
[20:12:17] [Render thread/DEBUG] (FabricLoader/Mixin) fabric-rendering-v1.mixins.json:WorldRendererMixin from mod fabric-rendering-v1->@Inject::onReload(Lorg/spongepowered/asm/mixin/injection/callback/CallbackInfo;)V won't be passed a CallbackInfo as a result
[20:12:17] [Render thread/DEBUG] (FabricLoader/Mixin) fabric-rendering-v1.mixins.json:WorldRendererMixin from mod fabric-rendering-v1->@Inject::renderWeather(Lnet/minecraft/client/render/FrameGraphBuilder;Lnet/minecraft/util/math/Vec3d;FLnet/minecraft/client/render/Fog;Lorg/spongepowered/asm/mixin/injection/callback/CallbackInfo;)V does use it's CallbackInfo
[20:12:17] [Render thread/DEBUG] (FabricLoader/Mixin) fabric-rendering-v1.mixins.json:WorldRendererMixin from mod fabric-rendering-v1->@Inject::renderCloud(Lnet/minecraft/client/render/FrameGraphBuilder;Lorg/joml/Matrix4f;Lorg/joml/Matrix4f;Lnet/minecraft/client/option/CloudRenderMode;Lnet/minecraft/util/math/Vec3d;FIFLorg/spongepowered/asm/mixin/injection/callback/CallbackInfo;)V does use it's CallbackInfo
[20:12:17] [Render thread/DEBUG] (FabricLoader/Mixin) fabric-rendering-v1.mixins.json:WorldRendererMixin from mod fabric-rendering-v1->@Inject::renderSky(Lnet/minecraft/client/render/FrameGraphBuilder;Lnet/minecraft/client/render/Camera;FLnet/minecraft/client/render/Fog;Lorg/spongepowered/asm/mixin/injection/callback/CallbackInfo;)V does use it's CallbackInfo
[20:12:17] [Render thread/DEBUG] (FabricLoader/Mixin) vurstvisual.mixins.json:client.render.WorldRendererMixin from mod vurstvisual->@Inject::vurstvisual$skipVanillaSkyForCustomWorld(Lnet/minecraft/client/render/FrameGraphBuilder;Lnet/minecraft/client/render/Camera;FLnet/minecraft/client/render/Fog;Lorg/spongepowered/asm/mixin/injection/callback/CallbackInfo;)V does use it's CallbackInfo
[20:12:17] [Render thread/DEBUG] (com.mojang.blaze3d.systems.RenderSystem) Growing IndexBuffer: Old limit 0, new limit 9360.
[20:12:17] [Render thread/DEBUG] (com.mojang.blaze3d.systems.RenderSystem) Growing IndexBuffer: Old limit 0, new limit 20.
[20:12:17] [Render thread/DEBUG] (FabricLoader/Mixin) Mixing LayeredDrawerAccessor from fabric-rendering-v1.mixins.json into net.minecraft.client.gui.LayeredDrawer
[20:12:17] [Render thread/DEBUG] (FabricLoader/Mixin) Mixing LayeredDrawerMixin from fabric-rendering-v1.mixins.json into net.minecraft.client.gui.LayeredDrawer
[20:12:17] [Render thread/DEBUG] (FabricLoader/Mixin) fabric-rendering-v1.mixins.json:LayeredDrawerMixin from mod fabric-rendering-v1->@Inject::wrapSubDrawer(Lnet/minecraft/client/gui/LayeredDrawer;Ljava/util/function/BooleanSupplier;Lorg/spongepowered/asm/mixin/injection/callback/CallbackInfoReturnable;)V does use it's CallbackInfoReturnable
[20:12:17] [Render thread/DEBUG] (FabricLoader/Mixin) Mixing DebugHudMixin from fabric-renderer-api-v1.debughud.mixins.json into net.minecraft.client.gui.hud.DebugHud
[20:12:17] [Render thread/DEBUG] (FabricLoader/Mixin) fabric-renderer-api-v1.debughud.mixins.json:DebugHudMixin from mod fabric-renderer-api-v1->@Inject::getLeftText(Lorg/spongepowered/asm/mixin/injection/callback/CallbackInfoReturnable;)V does use it's CallbackInfoReturnable
[20:12:17] [Render thread/DEBUG] (FabricLoader/Mixin) fabric-renderer-api-v1.debughud.mixins.json:DebugHudMixin from mod fabric-renderer-api-v1->@Inject::getLeftText(Lorg/spongepowered/asm/mixin/injection/callback/CallbackInfoReturnable;)V does use it's CallbackInfoReturnable
[20:12:17] [Render thread/DEBUG] (FabricLoader/Mixin) Mixing client.render.gui.hud.PlayerListHudMixin from vurstvisual.mixins.json into net.minecraft.client.gui.hud.PlayerListHud
[20:12:17] [Render thread/DEBUG] (FabricLoader/Mixin) vurstvisual.mixins.json:client.render.gui.hud.PlayerListHudMixin from mod vurstvisual->@Inject::renderArmorOverTab(Lnet/minecraft/client/gui/DrawContext;ILnet/minecraft/scoreboard/Scoreboard;Lnet/minecraft/scoreboard/ScoreboardObjective;Lorg/spongepowered/asm/mixin/injection/callback/CallbackInfo;)V doesn't use it's CallbackInfo
[20:12:17] [Render thread/DEBUG] (FabricLoader/Mixin) vurstvisual.mixins.json:client.render.gui.hud.PlayerListHudMixin from mod vurstvisual->@Inject::renderArmorOverTab(Lnet/minecraft/client/gui/DrawContext;ILnet/minecraft/scoreboard/Scoreboard;Lnet/minecraft/scoreboard/ScoreboardObjective;Lorg/spongepowered/asm/mixin/injection/callback/CallbackInfo;)V has 0 override(s) in child classes
[20:12:17] [Render thread/DEBUG] (FabricLoader/Mixin) vurstvisual.mixins.json:client.render.gui.hud.PlayerListHudMixin from mod vurstvisual->@Inject::renderArmorOverTab(Lnet/minecraft/client/gui/DrawContext;ILnet/minecraft/scoreboard/Scoreboard;Lnet/minecraft/scoreboard/ScoreboardObjective;Lorg/spongepowered/asm/mixin/injection/callback/CallbackInfo;)V won't be passed a CallbackInfo as a result
[20:12:17] [Render thread/DEBUG] (FabricLoader/Mixin) Mixing client.render.gui.hud.BossBarHudMixin from vurstvisual.mixins.json into net.minecraft.client.gui.hud.BossBarHud
[20:12:17] [Render thread/DEBUG] (FabricLoader/Mixin) vurstvisual.mixins.json:client.render.gui.hud.BossBarHudMixin from mod vurstvisual->@Inject::removeBossBar(Lnet/minecraft/client/gui/DrawContext;Lorg/spongepowered/asm/mixin/injection/callback/CallbackInfo;)V does use it's CallbackInfo
[20:12:17] [Render thread/DEBUG] (FabricLoader/Mixin) Mixing ResourceMixin from fabric-resource-loader-v0.mixins.json into net.minecraft.resource.Resource
[20:12:17] [Render thread/DEBUG] (FabricLoader/Mixin) Mixing accessors.ShaderProgramAccessor from vurstvisual.mixins.json into net.minecraft.client.gl.ShaderProgram
[20:12:17] [Render thread/DEBUG] (FabricLoader/Mixin) Mixing MessageHandlerMixin from fabric-message-api-v1.client.mixins.json into net.minecraft.client.network.message.MessageHandler
[20:12:17] [Render thread/DEBUG] (FabricLoader/Mixin) fabric-message-api-v1.client.mixins.json:MessageHandlerMixin from mod fabric-message-api-v1->@Inject::fabric_onSignedChatMessage(Lnet/minecraft/network/message/MessageType$Parameters;Lnet/minecraft/network/message/SignedMessage;Lnet/minecraft/text/Text;Lcom/mojang/authlib/GameProfile;ZLjava/time/Instant;Lorg/spongepowered/asm/mixin/injection/callback/CallbackInfoReturnable;)V does use it's CallbackInfoReturnable
[20:12:17] [Render thread/DEBUG] (FabricLoader/Mixin) fabric-message-api-v1.client.mixins.json:MessageHandlerMixin from mod fabric-message-api-v1->@Inject::fabric_onFilteredSignedChatMessage(Lnet/minecraft/network/message/MessageType$Parameters;Lnet/minecraft/network/message/SignedMessage;Lnet/minecraft/text/Text;Lcom/mojang/authlib/GameProfile;ZLjava/time/Instant;Lorg/spongepowered/asm/mixin/injection/callback/CallbackInfoReturnable;)V does use it's CallbackInfoReturnable
[20:12:17] [Render thread/DEBUG] (FabricLoader/Mixin) fabric-message-api-v1.client.mixins.json:MessageHandlerMixin from mod fabric-message-api-v1->@Inject::fabric_onProfilelessChatMessage(Lnet/minecraft/network/message/MessageType$Parameters;Lnet/minecraft/text/Text;Ljava/time/Instant;Lorg/spongepowered/asm/mixin/injection/callback/CallbackInfoReturnable;)V does use it's CallbackInfoReturnable
[20:12:17] [Render thread/DEBUG] (FabricLoader/Mixin) fabric-message-api-v1.client.mixins.json:MessageHandlerMixin from mod fabric-message-api-v1->@Inject::fabric_allowGameMessage(Lnet/minecraft/text/Text;ZLorg/spongepowered/asm/mixin/injection/callback/CallbackInfo;)V does use it's CallbackInfo
[20:12:17] [Render thread/DEBUG] (FabricLoader/Mixin) Mixing minecraft.text.TextVisitFactoryMixin from vurstvisual.mixins.json into net.minecraft.text.TextVisitFactory
[20:12:17] [Render thread/INFO] (net.minecraft.resource.ReloadableResourceManagerImpl) Reloading ResourceManager: vanilla, fabric, fabric-api, fabric-api-base, fabric-api-lookup-api-v1, fabric-biome-api-v1, fabric-block-api-v1, fabric-block-view-api-v2, fabric-blockrenderlayer-v1, fabric-client-gametest-api-v1, fabric-client-tags-api-v1, fabric-command-api-v1, fabric-command-api-v2, fabric-commands-v0, fabric-content-registries-v0, fabric-convention-tags-v1, fabric-convention-tags-v2, fabric-crash-report-info-v1, fabric-data-attachment-api-v1, fabric-data-generation-api-v1, fabric-dimensions-v1, fabric-entity-events-v1, fabric-events-interaction-v0, fabric-game-rule-api-v1, fabric-gametest-api-v1, fabric-item-api-v1, fabric-item-group-api-v1, fabric-key-binding-api-v1, fabric-keybindings-v0, fabric-lifecycle-events-v1, fabric-loot-api-v2, fabric-loot-api-v3, fabric-message-api-v1, fabric-model-loading-api-v1, fabric-networking-api-v1, fabric-object-builder-api-v1, fabric-particles-v1, fabric-recipe-api-v1, fabric-registry-sync-v0, fabric-renderer-api-v1, fabric-renderer-indigo, fabric-rendering-data-attachment-v1, fabric-rendering-fluids-v1, fabric-rendering-v1, fabric-resource-conditions-api-v1, fabric-resource-loader-v0, fabric-screen-api-v1, fabric-screen-handler-api-v1, fabric-sound-api-v1, fabric-tag-api-v1, fabric-transfer-api-v1, fabric-transitive-access-wideners-v1, fabricloader, vurstvisual
[20:12:17] [Render thread/DEBUG] (FabricLoader/Mixin) Mixing SimpleResourceReloadMixin from fabric-resource-loader-v0.mixins.json into net.minecraft.resource.SimpleResourceReload
[20:12:17] [Render thread/DEBUG] (FabricLoader/Mixin) fabric-resource-loader-v0.mixins.json:SimpleResourceReloadMixin from mod fabric-resource-loader-v0->@Inject::method_40087(Lnet/minecraft/resource/ResourceManager;Ljava/util/List;Ljava/util/concurrent/Executor;Ljava/util/concurrent/Executor;Ljava/util/concurrent/CompletableFuture;ZLorg/spongepowered/asm/mixin/injection/callback/CallbackInfoReturnable;)V doesn't use it's CallbackInfoReturnable
[20:12:17] [Render thread/DEBUG] (FabricLoader/Mixin) Mixing JsonUnbakedModelAccessor from fabric-model-loading-api-v1.mixins.json into net.minecraft.client.render.model.json.JsonUnbakedModel
[20:12:17] [Render thread/DEBUG] (FabricLoader/Mixin) Renaming @Accessor method fabric_getGson()Lcom/google/gson/Gson; to fabric_getGson$fabric-model-loading-api-v1_$md$24ae71$0 in fabric-model-loading-api-v1.mixins.json:JsonUnbakedModelAccessor from mod fabric-model-loading-api-v1
[20:12:17] [Render thread/DEBUG] (FabricLoader/Mixin) Mixing JsonUnbakedModelMixin from fabric-model-loading-api-v1.mixins.json into net.minecraft.client.render.model.json.JsonUnbakedModel
[20:12:17] [ForkJoinPool.commonPool-worker-1/DEBUG] (FabricLoader/Mixin) Mixing client.BakedModelMixin from fabric-renderer-api-v1.mixins.json into net.minecraft.client.render.model.BakedModel
[20:12:17] [Worker-Main-6/DEBUG] (FabricLoader/Mixin) Mixing EntityModelsMixin from fabric-rendering-v1.mixins.json into net.minecraft.client.render.entity.model.EntityModels
[20:12:17] [Worker-Main-6/DEBUG] (FabricLoader/Mixin) fabric-rendering-v1.mixins.json:EntityModelsMixin from mod fabric-rendering-v1->@Inject::registerExtraModelData(Lorg/spongepowered/asm/mixin/injection/callback/CallbackInfoReturnable;Lcom/google/common/collect/ImmutableMap$Builder;)V doesn't use it's CallbackInfoReturnable
[20:12:17] [Worker-Main-2/INFO] (net.minecraft.client.font.UnihexFont) Found unifont_all_no_pua-16.0.01.hex, loading
[20:12:17] [Worker-Main-7/INFO] (net.minecraft.client.font.UnihexFont) Found unifont_jp_patch-16.0.01.hex, loading
[20:12:17] [Render thread/DEBUG] (FabricLoader/Mixin) Mixing ReferencedModelsCollectorMixin from fabric-model-loading-api-v1.mixins.json into net.minecraft.client.render.model.ReferencedModelsCollector
[20:12:17] [Render thread/DEBUG] (FabricLoader/Mixin) Renaming synthetic method lambda$onReturnInit$0(Lnet/minecraft/util/Identifier;)V to md24ae71$fabric-model-loading-api-v1$lambda$onReturnInit$0$0 in fabric-model-loading-api-v1.mixins.json:ReferencedModelsCollectorMixin from mod fabric-model-loading-api-v1
[20:12:17] [Render thread/DEBUG] (FabricLoader/Mixin) fabric-model-loading-api-v1.mixins.json:ReferencedModelsCollectorMixin from mod fabric-model-loading-api-v1->@Inject::onReturnInit(Lorg/spongepowered/asm/mixin/injection/callback/CallbackInfo;)V doesn't use it's CallbackInfo
[20:12:17] [Render thread/DEBUG] (FabricLoader/Mixin) fabric-model-loading-api-v1.mixins.json:ReferencedModelsCollectorMixin from mod fabric-model-loading-api-v1->@Inject::onReturnInit(Lorg/spongepowered/asm/mixin/injection/callback/CallbackInfo;)V has 0 override(s) in child classes
[20:12:17] [Render thread/DEBUG] (FabricLoader/Mixin) fabric-model-loading-api-v1.mixins.json:ReferencedModelsCollectorMixin from mod fabric-model-loading-api-v1->@Inject::onReturnInit(Lorg/spongepowered/asm/mixin/injection/callback/CallbackInfo;)V won't be passed a CallbackInfo as a result
[20:12:17] [Worker-Main-8/WARN] (net.minecraft.client.sound.SoundManager) File minecraft:sounds/headshot_spotted1.ogg does not exist, cannot add it to event vurstvisual:hitsound.headshot
[20:12:17] [Worker-Main-8/WARN] (net.minecraft.client.sound.SoundManager) File minecraft:sounds/job_done.ogg does not exist, cannot add it to event vurstvisual:hitsound.jobdone
[20:12:17] [Worker-Main-8/WARN] (net.minecraft.client.sound.SoundManager) File minecraft:sounds/knob.ogg does not exist, cannot add it to event vurstvisual:hitsound.knob
[20:12:17] [Worker-Main-8/WARN] (net.minecraft.client.sound.SoundManager) File minecraft:sounds/light.ogg does not exist, cannot add it to event vurstvisual:hitsound.light
[20:12:17] [Worker-Main-8/WARN] (net.minecraft.client.sound.SoundManager) File minecraft:sounds/anime_female_short.ogg does not exist, cannot add it to event vurstvisual:hitsound.anime_female_short
[20:12:17] [Worker-Main-8/WARN] (net.minecraft.client.sound.SoundManager) File minecraft:sounds/cod_hitmarker.ogg does not exist, cannot add it to event vurstvisual:hitsound.cod_hitmarker
[20:12:17] [Worker-Main-8/WARN] (net.minecraft.client.sound.SoundManager) File minecraft:sounds/click1.ogg does not exist, cannot add it to event vurstvisual:hitsound.click1
[20:12:17] [Worker-Main-8/WARN] (net.minecraft.client.sound.SoundManager) File minecraft:sounds/click3.ogg does not exist, cannot add it to event vurstvisual:hitsound.click3
[20:12:17] [Worker-Main-8/WARN] (net.minecraft.client.sound.SoundManager) File minecraft:sounds/nyashka.ogg does not exist, cannot add it to event vurstvisual:hitsound.nyashka
[20:12:17] [Worker-Main-8/WARN] (net.minecraft.client.sound.SoundManager) File minecraft:sounds/hitsounds/abmiss.ogg does not exist, cannot add it to event vurstvisual:kill_effect.abmiss
[20:12:17] [Worker-Main-6/DEBUG] (FabricLoader/Mixin) Mixing EntityModelLayersAccessor from fabric-rendering-v1.mixins.json into net.minecraft.client.render.entity.model.EntityModelLayers
[20:12:17] [Worker-Main-6/DEBUG] (FabricLoader/Mixin) Renaming @Accessor method getLayers()Ljava/util/Set; to getLayers$fabric-rendering-v1_$md$24ae71$0 in fabric-rendering-v1.mixins.json:EntityModelLayersAccessor from mod fabric-rendering-v1
[20:12:17] [Worker-Main-6/DEBUG] (FabricLoader/Mixin) Mixing EntityModelLayersMixin from fabric-object-builder-v1.client.mixins.json into net.minecraft.client.render.entity.model.EntityModelLayers
[20:12:17] [Worker-Main-6/DEBUG] (FabricLoader/Mixin) Renaming synthetic method lambda$createHangingSign$0(Lnet/minecraft/client/render/block/entity/HangingSignBlockEntityRenderer$AttachmentType;Ljava/lang/String;)Ljava/lang/String; to md24ae71$fabric-object-builder-api-v1$lambda$createHangingSign$0$1 in fabric-object-builder-v1.client.mixins.json:EntityModelLayersMixin from mod fabric-object-builder-api-v1
[20:12:17] [Worker-Main-6/DEBUG] (FabricLoader/Mixin) fabric-object-builder-v1.client.mixins.json:EntityModelLayersMixin from mod fabric-object-builder-api-v1->@Inject::createStandingSign(Lnet/minecraft/block/WoodType;Lorg/spongepowered/asm/mixin/injection/callback/CallbackInfoReturnable;)V does use it's CallbackInfoReturnable
[20:12:17] [Worker-Main-6/DEBUG] (FabricLoader/Mixin) fabric-object-builder-v1.client.mixins.json:EntityModelLayersMixin from mod fabric-object-builder-api-v1->@Inject::createWallSign(Lnet/minecraft/block/WoodType;Lorg/spongepowered/asm/mixin/injection/callback/CallbackInfoReturnable;)V does use it's CallbackInfoReturnable
[20:12:17] [Worker-Main-6/DEBUG] (FabricLoader/Mixin) fabric-object-builder-v1.client.mixins.json:EntityModelLayersMixin from mod fabric-object-builder-api-v1->@Inject::createHangingSign(Lnet/minecraft/block/WoodType;Lnet/minecraft/client/render/block/entity/HangingSignBlockEntityRenderer$AttachmentType;Lorg/spongepowered/asm/mixin/injection/callback/CallbackInfoReturnable;)V does use it's CallbackInfoReturnable
[20:12:17] [Worker-Main-7/DEBUG] (FabricLoader/Mixin) Mixing AtlasSourceManagerAccessor from fabric-rendering-v1.mixins.json into net.minecraft.client.texture.atlas.AtlasSourceManager
[20:12:17] [Worker-Main-7/DEBUG] (FabricLoader/Mixin) Renaming @Accessor method getSourceTypeById()Lcom/google/common/collect/BiMap; to getSourceTypeById$fabric-rendering-v1_$md$24ae71$0 in fabric-rendering-v1.mixins.json:AtlasSourceManagerAccessor from mod fabric-rendering-v1
[20:12:17] [Worker-Main-6/DEBUG] (FabricLoader/Mixin) Mixing client.render.EntityRendererMixin from vurstvisual.mixins.json into net.minecraft.client.render.entity.EntityRenderer
[20:12:17] [Worker-Main-6/DEBUG] (FabricLoader/Mixin) vurstvisual.mixins.json:client.render.EntityRendererMixin from mod vurstvisual->@Inject::showSelfLabel(Lnet/minecraft/entity/Entity;DLorg/spongepowered/asm/mixin/injection/callback/CallbackInfoReturnable;)V does use it's CallbackInfoReturnable
[20:12:18] [Worker-Main-3/DEBUG] (FabricLoader/Mixin) Mixing ModelBakerBakerImplMixin from fabric-model-loading-api-v1.mixins.json into net.minecraft.client.render.model.ModelBaker$BakerImpl
[20:12:18] [Worker-Main-3/DEBUG] (FabricLoader/Mixin) Mixing client.MultipartBakedModelMixin from fabric-renderer-api-v1.mixins.json into net.minecraft.client.render.model.MultipartBakedModel
[20:12:18] [Worker-Main-3/DEBUG] (FabricLoader/Mixin) Renaming synthetic method lambda$emitBlockQuads$0(Lnet/minecraft/util/math/random/Random;J)Lnet/minecraft/util/math/random/Random; to md24ae71$fabric-renderer-api-v1$lambda$emitBlockQuads$0$0 in fabric-renderer-api-v1.mixins.json:client.MultipartBakedModelMixin from mod fabric-renderer-api-v1
[20:12:18] [Worker-Main-3/DEBUG] (FabricLoader/Mixin) fabric-renderer-api-v1.mixins.json:client.MultipartBakedModelMixin from mod fabric-renderer-api-v1->@Inject::onInit(Ljava/util/List;Lorg/spongepowered/asm/mixin/injection/callback/CallbackInfo;)V doesn't use it's CallbackInfo
[20:12:18] [Worker-Main-3/DEBUG] (FabricLoader/Mixin) fabric-renderer-api-v1.mixins.json:client.MultipartBakedModelMixin from mod fabric-renderer-api-v1->@Inject::onInit(Ljava/util/List;Lorg/spongepowered/asm/mixin/injection/callback/CallbackInfo;)V has 0 override(s) in child classes
[20:12:18] [Worker-Main-3/DEBUG] (FabricLoader/Mixin) fabric-renderer-api-v1.mixins.json:client.MultipartBakedModelMixin from mod fabric-renderer-api-v1->@Inject::onInit(Ljava/util/List;Lorg/spongepowered/asm/mixin/injection/callback/CallbackInfo;)V won't be passed a CallbackInfo as a result
[20:12:18] [Worker-Main-3/DEBUG] (FabricLoader/Mixin) Mixing WrapperBakedModelMixin from fabric-model-loading-api-v1.mixins.json into net.minecraft.client.render.model.WrapperBakedModel
[20:12:18] [Worker-Main-3/DEBUG] (FabricLoader/Mixin) Mixing client.WrapperBakedModelMixin from fabric-renderer-api-v1.mixins.json into net.minecraft.client.render.model.WrapperBakedModel
[20:12:18] [Worker-Main-3/DEBUG] (FabricLoader/Mixin) Mixing client.WeightedBakedModelMixin from fabric-renderer-api-v1.mixins.json into net.minecraft.client.render.model.WeightedBakedModel
[20:12:18] [Worker-Main-3/DEBUG] (FabricLoader/Mixin) Renaming synthetic method lambda$emitItemQuads$1(Ljava/util/function/Supplier;)Lnet/minecraft/util/math/random/Random; to md24ae71$fabric-renderer-api-v1$lambda$emitItemQuads$1$0 in fabric-renderer-api-v1.mixins.json:client.WeightedBakedModelMixin from mod fabric-renderer-api-v1
[20:12:18] [Worker-Main-3/DEBUG] (FabricLoader/Mixin) Renaming synthetic method lambda$emitBlockQuads$0(Ljava/util/function/Supplier;)Lnet/minecraft/util/math/random/Random; to md24ae71$fabric-renderer-api-v1$lambda$emitBlockQuads$0$1 in fabric-renderer-api-v1.mixins.json:client.WeightedBakedModelMixin from mod fabric-renderer-api-v1
[20:12:18] [Worker-Main-3/DEBUG] (FabricLoader/Mixin) fabric-renderer-api-v1.mixins.json:client.WeightedBakedModelMixin from mod fabric-renderer-api-v1->@Inject::onInit(Lnet/minecraft/util/collection/DataPool;Lorg/spongepowered/asm/mixin/injection/callback/CallbackInfo;)V doesn't use it's CallbackInfo
[20:12:18] [Worker-Main-3/DEBUG] (FabricLoader/Mixin) fabric-renderer-api-v1.mixins.json:client.WeightedBakedModelMixin from mod fabric-renderer-api-v1->@Inject::onInit(Lnet/minecraft/util/collection/DataPool;Lorg/spongepowered/asm/mixin/injection/callback/CallbackInfo;)V has 0 override(s) in child classes
[20:12:18] [Worker-Main-3/DEBUG] (FabricLoader/Mixin) fabric-renderer-api-v1.mixins.json:client.WeightedBakedModelMixin from mod fabric-renderer-api-v1->@Inject::onInit(Lnet/minecraft/util/collection/DataPool;Lorg/spongepowered/asm/mixin/injection/callback/CallbackInfo;)V won't be passed a CallbackInfo as a result
[20:12:18] [Worker-Main-3/DEBUG] (FabricLoader/Mixin) Mixing ModelBakerBakedModelsMixin from fabric-model-loading-api-v1.mixins.json into net.minecraft.client.render.model.ModelBaker$BakedModels
[20:12:18] [Render thread/INFO] (net.minecraft.client.sound.SoundEngine) OpenAL initialized on device OpenAL Soft on Headset Earphone (G435 SE Wireless Gaming Headset)
[20:12:18] [Render thread/INFO] (net.minecraft.client.sound.SoundSystem) Sound engine started
[20:12:18] [Render thread/INFO] (net.minecraft.client.texture.SpriteAtlasTexture) Created: 1024x512x4 minecraft:textures/atlas/blocks.png-atlas
[20:12:18] [Render thread/INFO] (net.minecraft.client.texture.SpriteAtlasTexture) Created: 256x256x4 minecraft:textures/atlas/signs.png-atlas
[20:12:18] [Render thread/INFO] (net.minecraft.client.texture.SpriteAtlasTexture) Created: 512x512x4 minecraft:textures/atlas/shield_patterns.png-atlas
[20:12:18] [Render thread/INFO] (net.minecraft.client.texture.SpriteAtlasTexture) Created: 512x512x4 minecraft:textures/atlas/banner_patterns.png-atlas
[20:12:18] [Render thread/INFO] (net.minecraft.client.texture.SpriteAtlasTexture) Created: 2048x1024x4 minecraft:textures/atlas/armor_trims.png-atlas
[20:12:18] [Render thread/INFO] (net.minecraft.client.texture.SpriteAtlasTexture) Created: 128x64x4 minecraft:textures/atlas/decorated_pot.png-atlas
[20:12:18] [Render thread/INFO] (net.minecraft.client.texture.SpriteAtlasTexture) Created: 256x256x4 minecraft:textures/atlas/chest.png-atlas
[20:12:18] [Render thread/INFO] (net.minecraft.client.texture.SpriteAtlasTexture) Created: 512x256x4 minecraft:textures/atlas/shulker_boxes.png-atlas
[20:12:18] [Render thread/INFO] (net.minecraft.client.texture.SpriteAtlasTexture) Created: 512x256x4 minecraft:textures/atlas/beds.png-atlas
[20:12:18] [Render thread/INFO] (net.minecraft.client.texture.SpriteAtlasTexture) Created: 64x64x0 minecraft:textures/atlas/map_decorations.png-atlas
[20:12:18] [Render thread/DEBUG] (FabricLoader/Mixin) Mixing client.render.feature.EquipmentRendererMixin from vurstvisual.mixins.json into net.minecraft.client.render.entity.equipment.EquipmentRenderer
[20:12:18] [Render thread/DEBUG] (FabricLoader/Mixin) Mixing EntityRenderersMixin from fabric-rendering-v1.mixins.json into net.minecraft.client.render.entity.EntityRenderers
[20:12:18] [Render thread/DEBUG] (FabricLoader/Mixin) Renaming synthetic method lambda$onRegisterRenderers$0(Lnet/minecraft/entity/EntityType;Lnet/minecraft/client/render/entity/EntityRendererFactory;)V to md24ae71$fabric-rendering-v1$lambda$onRegisterRenderers$0$0 in fabric-rendering-v1.mixins.json:EntityRenderersMixin from mod fabric-rendering-v1
[20:12:18] [Render thread/DEBUG] (FabricLoader/Mixin) fabric-rendering-v1.mixins.json:EntityRenderersMixin from mod fabric-rendering-v1->@Inject::onRegisterRenderers(Lorg/spongepowered/asm/mixin/injection/callback/CallbackInfo;)V doesn't use it's CallbackInfo
[20:12:18] [Render thread/DEBUG] (FabricLoader/Mixin) Mixing LivingEntityRendererAccessor from fabric-rendering-v1.mixins.json into net.minecraft.client.render.entity.LivingEntityRenderer
[20:12:18] [Render thread/DEBUG] (FabricLoader/Mixin) Mixing client.render.LivingEntityRendererMixin from vurstvisual.mixins.json into net.minecraft.client.render.entity.LivingEntityRenderer
[20:12:19] [Render thread/DEBUG] (FabricLoader/Mixin) vurstvisual.mixins.json:client.render.LivingEntityRendererMixin from mod vurstvisual->@Inject::storeRenderStateEntity(Lnet/minecraft/entity/LivingEntity;Lnet/minecraft/client/render/entity/state/LivingEntityRenderState;FLorg/spongepowered/asm/mixin/injection/callback/CallbackInfo;)V doesn't use it's CallbackInfo
[20:12:19] [Render thread/DEBUG] (FabricLoader/Mixin) vurstvisual.mixins.json:client.render.LivingEntityRendererMixin from mod vurstvisual->@Inject::storeRenderStateEntity(Lnet/minecraft/entity/LivingEntity;Lnet/minecraft/client/render/entity/state/LivingEntityRenderState;FLorg/spongepowered/asm/mixin/injection/callback/CallbackInfo;)V has 0 override(s) in child classes
[20:12:19] [Render thread/DEBUG] (FabricLoader/Mixin) vurstvisual.mixins.json:client.render.LivingEntityRendererMixin from mod vurstvisual->@Inject::storeRenderStateEntity(Lnet/minecraft/entity/LivingEntity;Lnet/minecraft/client/render/entity/state/LivingEntityRenderState;FLorg/spongepowered/asm/mixin/injection/callback/CallbackInfo;)V won't be passed a CallbackInfo as a result
[20:12:19] [Render thread/DEBUG] (FabricLoader/Mixin) vurstvisual.mixins.json:client.render.LivingEntityRendererMixin from mod vurstvisual->@Inject::applyEntityScale(Lnet/minecraft/client/render/entity/state/LivingEntityRenderState;Lnet/minecraft/client/util/math/MatrixStack;Lnet/minecraft/client/render/VertexConsumerProvider;ILorg/spongepowered/asm/mixin/injection/callback/CallbackInfo;)V doesn't use it's CallbackInfo
[20:12:19] [Render thread/DEBUG] (FabricLoader/Mixin) vurstvisual.mixins.json:client.render.LivingEntityRendererMixin from mod vurstvisual->@Inject::applyEntityScale(Lnet/minecraft/client/render/entity/state/LivingEntityRenderState;Lnet/minecraft/client/util/math/MatrixStack;Lnet/minecraft/client/render/VertexConsumerProvider;ILorg/spongepowered/asm/mixin/injection/callback/CallbackInfo;)V has 0 override(s) in child classes
[20:12:19] [Render thread/DEBUG] (FabricLoader/Mixin) vurstvisual.mixins.json:client.render.LivingEntityRendererMixin from mod vurstvisual->@Inject::applyEntityScale(Lnet/minecraft/client/render/entity/state/LivingEntityRenderState;Lnet/minecraft/client/util/math/MatrixStack;Lnet/minecraft/client/render/VertexConsumerProvider;ILorg/spongepowered/asm/mixin/injection/callback/CallbackInfo;)V won't be passed a CallbackInfo as a result
[20:12:19] [Render thread/DEBUG] (FabricLoader/Mixin) vurstvisual.mixins.json:client.render.LivingEntityRendererMixin from mod vurstvisual->@Inject::restoreEntityScale(Lnet/minecraft/client/render/entity/state/LivingEntityRenderState;Lnet/minecraft/client/util/math/MatrixStack;Lnet/minecraft/client/render/VertexConsumerProvider;ILorg/spongepowered/asm/mixin/injection/callback/CallbackInfo;)V doesn't use it's CallbackInfo
[20:12:19] [Render thread/DEBUG] (FabricLoader/Mixin) vurstvisual.mixins.json:client.render.LivingEntityRendererMixin from mod vurstvisual->@Inject::restoreEntityScale(Lnet/minecraft/client/render/entity/state/LivingEntityRenderState;Lnet/minecraft/client/util/math/MatrixStack;Lnet/minecraft/client/render/VertexConsumerProvider;ILorg/spongepowered/asm/mixin/injection/callback/CallbackInfo;)V has 0 override(s) in child classes
[20:12:19] [Render thread/DEBUG] (FabricLoader/Mixin) vurstvisual.mixins.json:client.render.LivingEntityRendererMixin from mod vurstvisual->@Inject::restoreEntityScale(Lnet/minecraft/client/render/entity/state/LivingEntityRenderState;Lnet/minecraft/client/util/math/MatrixStack;Lnet/minecraft/client/render/VertexConsumerProvider;ILorg/spongepowered/asm/mixin/injection/callback/CallbackInfo;)V won't be passed a CallbackInfo as a result
[20:12:19] [Render thread/DEBUG] (FabricLoader/Mixin) vurstvisual.mixins.json:client.render.LivingEntityRendererMixin from mod vurstvisual->@Inject::forceSelfLabel(Lnet/minecraft/entity/LivingEntity;DLorg/spongepowered/asm/mixin/injection/callback/CallbackInfoReturnable;)V does use it's CallbackInfoReturnable
[20:12:19] [Render thread/DEBUG] (FabricLoader/Mixin) Mixing client.render.PlayerEntityRendererMixin from vurstvisual.mixins.json into net.minecraft.client.render.entity.PlayerEntityRenderer
[20:12:19] [Render thread/DEBUG] (FabricLoader/Mixin) Mixing minecraft.render.FeatureRendererMixin from vurstvisual.mixins.json into net.minecraft.client.render.entity.feature.FeatureRenderer
[20:12:19] [Render thread/DEBUG] (FabricLoader/Mixin) vurstvisual.mixins.json:minecraft.render.FeatureRendererMixin from mod vurstvisual->@Inject::captureFeatureEntity(Lnet/minecraft/client/render/entity/model/EntityModel;Lnet/minecraft/util/Identifier;Lnet/minecraft/client/util/math/MatrixStack;Lnet/minecraft/client/render/VertexConsumerProvider;ILnet/minecraft/client/render/entity/state/LivingEntityRenderState;ILorg/spongepowered/asm/mixin/injection/callback/CallbackInfo;)V doesn't use it's CallbackInfo
[20:12:19] [Render thread/DEBUG] (FabricLoader/Mixin) vurstvisual.mixins.json:minecraft.render.FeatureRendererMixin from mod vurstvisual->@Inject::clearFeatureEntity(Lnet/minecraft/client/render/entity/model/EntityModel;Lnet/minecraft/util/Identifier;Lnet/minecraft/client/util/math/MatrixStack;Lnet/minecraft/client/render/VertexConsumerProvider;ILnet/minecraft/client/render/entity/state/LivingEntityRenderState;ILorg/spongepowered/asm/mixin/injection/callback/CallbackInfo;)V doesn't use it's CallbackInfo
[20:12:19] [Render thread/DEBUG] (FabricLoader/Mixin) Mixing ArmorFeatureRendererMixin from fabric-rendering-v1.mixins.json into net.minecraft.client.render.entity.feature.ArmorFeatureRenderer
[20:12:19] [Render thread/DEBUG] (FabricLoader/Mixin) Mixing client.render.feature.ArmorFeatureRendererMixin from vurstvisual.mixins.json into net.minecraft.client.render.entity.feature.ArmorFeatureRenderer
[20:12:19] [Render thread/DEBUG] (FabricLoader/Mixin) fabric-rendering-v1.mixins.json:ArmorFeatureRendererMixin from mod fabric-rendering-v1->@Inject::render(Lnet/minecraft/client/util/math/MatrixStack;Lnet/minecraft/client/render/VertexConsumerProvider;ILnet/minecraft/client/render/entity/state/BipedEntityRenderState;FFLorg/spongepowered/asm/mixin/injection/callback/CallbackInfo;)V doesn't use it's CallbackInfo
[20:12:19] [Render thread/DEBUG] (FabricLoader/Mixin) fabric-rendering-v1.mixins.json:ArmorFeatureRendererMixin from mod fabric-rendering-v1->@Inject::render(Lnet/minecraft/client/util/math/MatrixStack;Lnet/minecraft/client/render/VertexConsumerProvider;ILnet/minecraft/client/render/entity/state/BipedEntityRenderState;FFLorg/spongepowered/asm/mixin/injection/callback/CallbackInfo;)V has 0 override(s) in child classes
[20:12:19] [Render thread/DEBUG] (FabricLoader/Mixin) fabric-rendering-v1.mixins.json:ArmorFeatureRendererMixin from mod fabric-rendering-v1->@Inject::render(Lnet/minecraft/client/util/math/MatrixStack;Lnet/minecraft/client/render/VertexConsumerProvider;ILnet/minecraft/client/render/entity/state/BipedEntityRenderState;FFLorg/spongepowered/asm/mixin/injection/callback/CallbackInfo;)V won't be passed a CallbackInfo as a result
[20:12:19] [Render thread/DEBUG] (FabricLoader/Mixin) fabric-rendering-v1.mixins.json:ArmorFeatureRendererMixin from mod fabric-rendering-v1->@Inject::renderArmor(Lnet/minecraft/client/util/math/MatrixStack;Lnet/minecraft/client/render/VertexConsumerProvider;Lnet/minecraft/item/ItemStack;Lnet/minecraft/entity/EquipmentSlot;ILnet/minecraft/client/render/entity/model/BipedEntityModel;Lorg/spongepowered/asm/mixin/injection/callback/CallbackInfo;)V does use it's CallbackInfo
[20:12:19] [Render thread/DEBUG] (FabricLoader/Mixin) vurstvisual.mixins.json:client.render.feature.ArmorFeatureRendererMixin from mod vurstvisual->@Inject::removeArmor(Lnet/minecraft/client/util/math/MatrixStack;Lnet/minecraft/client/render/VertexConsumerProvider;ILnet/minecraft/client/render/entity/state/BipedEntityRenderState;FFLorg/spongepowered/asm/mixin/injection/callback/CallbackInfo;)V does use it's CallbackInfo
[20:12:19] [Render thread/DEBUG] (FabricLoader/Mixin) vurstvisual.mixins.json:client.render.feature.ArmorFeatureRendererMixin from mod vurstvisual->@Inject::clearArmorContext(Lnet/minecraft/client/util/math/MatrixStack;Lnet/minecraft/client/render/VertexConsumerProvider;ILnet/minecraft/client/render/entity/state/BipedEntityRenderState;FFLorg/spongepowered/asm/mixin/injection/callback/CallbackInfo;)V doesn't use it's CallbackInfo
[20:12:19] [Render thread/DEBUG] (FabricLoader/Mixin) vurstvisual.mixins.json:client.render.feature.ArmorFeatureRendererMixin from mod vurstvisual->@Inject::clearArmorContext(Lnet/minecraft/client/util/math/MatrixStack;Lnet/minecraft/client/render/VertexConsumerProvider;ILnet/minecraft/client/render/entity/state/BipedEntityRenderState;FFLorg/spongepowered/asm/mixin/injection/callback/CallbackInfo;)V has 0 override(s) in child classes
[20:12:19] [Render thread/DEBUG] (FabricLoader/Mixin) vurstvisual.mixins.json:client.render.feature.ArmorFeatureRendererMixin from mod vurstvisual->@Inject::clearArmorContext(Lnet/minecraft/client/util/math/MatrixStack;Lnet/minecraft/client/render/VertexConsumerProvider;ILnet/minecraft/client/render/entity/state/BipedEntityRenderState;FFLorg/spongepowered/asm/mixin/injection/callback/CallbackInfo;)V won't be passed a CallbackInfo as a result
[20:12:19] [Render thread/DEBUG] (FabricLoader/Mixin) Mixing client.render.ItemEntityRendererMixin from vurstvisual.mixins.json into net.minecraft.client.render.entity.ItemEntityRenderer
[20:12:19] [Render thread/DEBUG] (FabricLoader/Mixin) vurstvisual.mixins.json:client.render.ItemEntityRendererMixin from mod vurstvisual->@Inject::vv$updatePhysicsState(Lnet/minecraft/entity/ItemEntity;Lnet/minecraft/client/render/entity/state/ItemEntityRenderState;FLorg/spongepowered/asm/mixin/injection/callback/CallbackInfo;)V doesn't use it's CallbackInfo
[20:12:19] [Render thread/DEBUG] (FabricLoader/Mixin) vurstvisual.mixins.json:client.render.ItemEntityRendererMixin from mod vurstvisual->@Inject::vv$updatePhysicsState(Lnet/minecraft/entity/ItemEntity;Lnet/minecraft/client/render/entity/state/ItemEntityRenderState;FLorg/spongepowered/asm/mixin/injection/callback/CallbackInfo;)V has 0 override(s) in child classes
[20:12:19] [Render thread/DEBUG] (FabricLoader/Mixin) vurstvisual.mixins.json:client.render.ItemEntityRendererMixin from mod vurstvisual->@Inject::vv$updatePhysicsState(Lnet/minecraft/entity/ItemEntity;Lnet/minecraft/client/render/entity/state/ItemEntityRenderState;FLorg/spongepowered/asm/mixin/injection/callback/CallbackInfo;)V won't be passed a CallbackInfo as a result
[20:12:19] [Render thread/DEBUG] (FabricLoader/Mixin) vurstvisual.mixins.json:client.render.ItemEntityRendererMixin from mod vurstvisual->@Inject::vv$applyGroundTransform(Lnet/minecraft/client/render/entity/state/ItemEntityRenderState;Lnet/minecraft/client/util/math/MatrixStack;Lnet/minecraft/client/render/VertexConsumerProvider;ILorg/spongepowered/asm/mixin/injection/callback/CallbackInfo;)V doesn't use it's CallbackInfo
[20:12:19] [Render thread/DEBUG] (FabricLoader/Mixin) vurstvisual.mixins.json:client.render.ItemEntityRendererMixin from mod vurstvisual->@Inject::vv$applyGroundTransform(Lnet/minecraft/client/render/entity/state/ItemEntityRenderState;Lnet/minecraft/client/util/math/MatrixStack;Lnet/minecraft/client/render/VertexConsumerProvider;ILorg/spongepowered/asm/mixin/injection/callback/CallbackInfo;)V has 0 override(s) in child classes
[20:12:19] [Render thread/DEBUG] (FabricLoader/Mixin) vurstvisual.mixins.json:client.render.ItemEntityRendererMixin from mod vurstvisual->@Inject::vv$applyGroundTransform(Lnet/minecraft/client/render/entity/state/ItemEntityRenderState;Lnet/minecraft/client/util/math/MatrixStack;Lnet/minecraft/client/render/VertexConsumerProvider;ILorg/spongepowered/asm/mixin/injection/callback/CallbackInfo;)V won't be passed a CallbackInfo as a result
[20:12:19] [Render thread/DEBUG] (FabricLoader/Mixin) Mixing client.render.state.ItemEntityRenderStateMixin from vurstvisual.mixins.json into net.minecraft.client.render.entity.state.ItemEntityRenderState
[20:12:19] [Render thread/DEBUG] (FabricLoader/Mixin) Mixing CapeFeatureRendererMixin from fabric-rendering-v1.mixins.json into net.minecraft.client.render.entity.feature.CapeFeatureRenderer
[20:12:19] [Render thread/DEBUG] (FabricLoader/Mixin) Mixing BlockEntityRendererFactoriesMixin from fabric-rendering-v1.mixins.json into net.minecraft.client.render.block.entity.BlockEntityRendererFactories
[20:12:19] [Render thread/DEBUG] (FabricLoader/Mixin) Renaming synthetic method lambda$init$0(Lnet/minecraft/block/entity/BlockEntityType;Lnet/minecraft/client/render/block/entity/BlockEntityRendererFactory;)V to md24ae71$fabric-rendering-v1$lambda$init$0$0 in fabric-rendering-v1.mixins.json:BlockEntityRendererFactoriesMixin from mod fabric-rendering-v1
[20:12:19] [Render thread/DEBUG] (FabricLoader/Mixin) fabric-rendering-v1.mixins.json:BlockEntityRendererFactoriesMixin from mod fabric-rendering-v1->@Inject::init(Lorg/spongepowered/asm/mixin/injection/callback/CallbackInfo;)V doesn't use it's CallbackInfo
[20:12:19] [Render thread/INFO] (net.minecraft.client.texture.SpriteAtlasTexture) Created: 512x256x0 minecraft:textures/atlas/particles.png-atlas
[20:12:19] [Render thread/INFO] (net.minecraft.client.texture.SpriteAtlasTexture) Created: 512x256x0 minecraft:textures/atlas/paintings.png-atlas
[20:12:19] [Render thread/INFO] (net.minecraft.client.texture.SpriteAtlasTexture) Created: 256x128x0 minecraft:textures/atlas/mob_effects.png-atlas
[20:12:19] [Render thread/INFO] (net.minecraft.client.texture.SpriteAtlasTexture) Created: 1024x512x0 minecraft:textures/atlas/gui.png-atlas
[20:12:21] [Render thread/DEBUG] (FabricLoader/Mixin) Mixing TooltipComponentMixin from fabric-rendering-v1.mixins.json into net.minecraft.client.gui.tooltip.TooltipComponent
[20:12:21] [Render thread/DEBUG] (FabricLoader/Mixin) fabric-rendering-v1.mixins.json:TooltipComponentMixin from mod fabric-rendering-v1->@Inject::convertCustomTooltipData(Lnet/minecraft/item/tooltip/TooltipData;Lorg/spongepowered/asm/mixin/injection/callback/CallbackInfoReturnable;)V does use it's CallbackInfoReturnable
[20:12:22] [Render thread/DEBUG] (FabricLoader/Mixin) Mixing GameOptionsWriteVisitorMixin from fabric-resource-loader-v0.client.mixins.json into net.minecraft.client.option.GameOptions$3
[20:12:23] [Render thread/DEBUG] (FabricLoader/Mixin) Mixing ResourcePackOrganizerMixin from fabric-resource-loader-v0.client.mixins.json into net.minecraft.client.gui.screen.pack.ResourcePackOrganizer
[20:12:23] [Render thread/DEBUG] (FabricLoader/Mixin) Renaming synthetic method lambda$removeHiddenPacksRefresh$3(Lnet/minecraft/resource/ResourcePackProfile;)Z to md24ae71$fabric-resource-loader-v0$lambda$removeHiddenPacksRefresh$3$0 in fabric-resource-loader-v0.client.mixins.json:ResourcePackOrganizerMixin from mod fabric-resource-loader-v0
[20:12:23] [Render thread/DEBUG] (FabricLoader/Mixin) Renaming synthetic method lambda$removeHiddenPacksRefresh$2(Lnet/minecraft/resource/ResourcePackProfile;)Z to md24ae71$fabric-resource-loader-v0$lambda$removeHiddenPacksRefresh$2$1 in fabric-resource-loader-v0.client.mixins.json:ResourcePackOrganizerMixin from mod fabric-resource-loader-v0
[20:12:23] [Render thread/DEBUG] (FabricLoader/Mixin) Renaming synthetic method lambda$removeHiddenPacksInit$1(Lnet/minecraft/resource/ResourcePackProfile;)Z to md24ae71$fabric-resource-loader-v0$lambda$removeHiddenPacksInit$1$2 in fabric-resource-loader-v0.client.mixins.json:ResourcePackOrganizerMixin from mod fabric-resource-loader-v0
[20:12:23] [Render thread/DEBUG] (FabricLoader/Mixin) Renaming synthetic method lambda$removeHiddenPacksInit$0(Lnet/minecraft/resource/ResourcePackProfile;)Z to md24ae71$fabric-resource-loader-v0$lambda$removeHiddenPacksInit$0$3 in fabric-resource-loader-v0.client.mixins.json:ResourcePackOrganizerMixin from mod fabric-resource-loader-v0
[20:12:23] [Render thread/DEBUG] (FabricLoader/Mixin) fabric-resource-loader-v0.client.mixins.json:ResourcePackOrganizerMixin from mod fabric-resource-loader-v0->@Inject::removeHiddenPacksInit(Ljava/lang/Runnable;Ljava/util/function/Function;Lnet/minecraft/resource/ResourcePackManager;Ljava/util/function/Consumer;Lorg/spongepowered/asm/mixin/injection/callback/CallbackInfo;)V doesn't use it's CallbackInfo
[20:12:23] [Render thread/DEBUG] (FabricLoader/Mixin) fabric-resource-loader-v0.client.mixins.json:ResourcePackOrganizerMixin from mod fabric-resource-loader-v0->@Inject::removeHiddenPacksInit(Ljava/lang/Runnable;Ljava/util/function/Function;Lnet/minecraft/resource/ResourcePackManager;Ljava/util/function/Consumer;Lorg/spongepowered/asm/mixin/injection/callback/CallbackInfo;)V has 0 override(s) in child classes
[20:12:23] [Render thread/DEBUG] (FabricLoader/Mixin) fabric-resource-loader-v0.client.mixins.json:ResourcePackOrganizerMixin from mod fabric-resource-loader-v0->@Inject::removeHiddenPacksInit(Ljava/lang/Runnable;Ljava/util/function/Function;Lnet/minecraft/resource/ResourcePackManager;Ljava/util/function/Consumer;Lorg/spongepowered/asm/mixin/injection/callback/CallbackInfo;)V won't be passed a CallbackInfo as a result
[20:12:23] [Render thread/DEBUG] (FabricLoader/Mixin) fabric-resource-loader-v0.client.mixins.json:ResourcePackOrganizerMixin from mod fabric-resource-loader-v0->@Inject::removeHiddenPacksRefresh(Lorg/spongepowered/asm/mixin/injection/callback/CallbackInfo;)V doesn't use it's CallbackInfo
[20:12:23] [Render thread/DEBUG] (FabricLoader/Mixin) fabric-resource-loader-v0.client.mixins.json:ResourcePackOrganizerMixin from mod fabric-resource-loader-v0->@Inject::removeHiddenPacksRefresh(Lorg/spongepowered/asm/mixin/injection/callback/CallbackInfo;)V has 0 override(s) in child classes
[20:12:23] [Render thread/DEBUG] (FabricLoader/Mixin) fabric-resource-loader-v0.client.mixins.json:ResourcePackOrganizerMixin from mod fabric-resource-loader-v0->@Inject::removeHiddenPacksRefresh(Lorg/spongepowered/asm/mixin/injection/callback/CallbackInfo;)V won't be passed a CallbackInfo as a result
[20:12:23] [Render thread/DEBUG] (net.fabricmc.fabric.impl.resource.loader.ModResourcePackUtil) [Fabric] Starting internal pack sorting with: [vanilla, fabric, fabric-api, fabric-api-base, fabric-api-lookup-api-v1, fabric-biome-api-v1, fabric-block-api-v1, fabric-block-view-api-v2, fabric-blockrenderlayer-v1, fabric-client-gametest-api-v1, fabric-client-tags-api-v1, fabric-command-api-v1, fabric-command-api-v2, fabric-commands-v0, fabric-content-registries-v0, fabric-convention-tags-v1, fabric-convention-tags-v2, fabric-crash-report-info-v1, fabric-data-attachment-api-v1, fabric-data-generation-api-v1, fabric-dimensions-v1, fabric-entity-events-v1, fabric-events-interaction-v0, fabric-game-rule-api-v1, fabric-gametest-api-v1, fabric-item-api-v1, fabric-item-group-api-v1, fabric-key-binding-api-v1, fabric-keybindings-v0, fabric-lifecycle-events-v1, fabric-loot-api-v2, fabric-loot-api-v3, fabric-message-api-v1, fabric-model-loading-api-v1, fabric-networking-api-v1, fabric-object-builder-api-v1, fabric-particles-v1, fabric-recipe-api-v1, fabric-registry-sync-v0, fabric-renderer-api-v1, fabric-renderer-indigo, fabric-rendering-data-attachment-v1, fabric-rendering-fluids-v1, fabric-rendering-v1, fabric-resource-conditions-api-v1, fabric-resource-loader-v0, fabric-screen-api-v1, fabric-screen-handler-api-v1, fabric-sound-api-v1, fabric-tag-api-v1, fabric-transfer-api-v1, fabric-transitive-access-wideners-v1, fabricloader, vurstvisual, fabric-item-group-api-v1_programmer_art]
[20:12:23] [Render thread/DEBUG] (net.fabricmc.fabric.impl.resource.loader.ModResourcePackUtil) [Fabric] Removed all internal packs, result: [vanilla, fabric]
[20:12:23] [Render thread/DEBUG] (net.fabricmc.fabric.impl.resource.loader.ModResourcePackUtil) [Fabric] cur @ fabric, auto-enabled fabric-api, currently enabled: [vanilla, fabric, fabric-api]
[20:12:23] [Render thread/DEBUG] (net.fabricmc.fabric.impl.resource.loader.ModResourcePackUtil) [Fabric] cur @ fabric, auto-enabled fabric-api-base, currently enabled: [vanilla, fabric, fabric-api, fabric-api-base]
[20:12:23] [Render thread/DEBUG] (net.fabricmc.fabric.impl.resource.loader.ModResourcePackUtil) [Fabric] cur @ fabric, auto-enabled fabric-api-lookup-api-v1, currently enabled: [vanilla, fabric, fabric-api, fabric-api-base, fabric-api-lookup-api-v1]
[20:12:23] [Render thread/DEBUG] (net.fabricmc.fabric.impl.resource.loader.ModResourcePackUtil) [Fabric] cur @ fabric, auto-enabled fabric-biome-api-v1, currently enabled: [vanilla, fabric, fabric-api, fabric-api-base, fabric-api-lookup-api-v1, fabric-biome-api-v1]
[20:12:23] [Render thread/DEBUG] (net.fabricmc.fabric.impl.resource.loader.ModResourcePackUtil) [Fabric] cur @ fabric, auto-enabled fabric-block-api-v1, currently enabled: [vanilla, fabric, fabric-api, fabric-api-base, fabric-api-lookup-api-v1, fabric-biome-api-v1, fabric-block-api-v1]
[20:12:23] [Render thread/DEBUG] (net.fabricmc.fabric.impl.resource.loader.ModResourcePackUtil) [Fabric] cur @ fabric, auto-enabled fabric-block-view-api-v2, currently enabled: [vanilla, fabric, fabric-api, fabric-api-base, fabric-api-lookup-api-v1, fabric-biome-api-v1, fabric-block-api-v1, fabric-block-view-api-v2]
[20:12:23] [Render thread/DEBUG] (net.fabricmc.fabric.impl.resource.loader.ModResourcePackUtil) [Fabric] cur @ fabric, auto-enabled fabric-blockrenderlayer-v1, currently enabled: [vanilla, fabric, fabric-api, fabric-api-base, fabric-api-lookup-api-v1, fabric-biome-api-v1, fabric-block-api-v1, fabric-block-view-api-v2, fabric-blockrenderlayer-v1]
[20:12:23] [Render thread/DEBUG] (net.fabricmc.fabric.impl.resource.loader.ModResourcePackUtil) [Fabric] cur @ fabric, auto-enabled fabric-client-gametest-api-v1, currently enabled: [vanilla, fabric, fabric-api, fabric-api-base, fabric-api-lookup-api-v1, fabric-biome-api-v1, fabric-block-api-v1, fabric-block-view-api-v2, fabric-blockrenderlayer-v1, fabric-client-gametest-api-v1]
[20:12:23] [Render thread/DEBUG] (net.fabricmc.fabric.impl.resource.loader.ModResourcePackUtil) [Fabric] cur @ fabric, auto-enabled fabric-client-tags-api-v1, currently enabled: [vanilla, fabric, fabric-api, fabric-api-base, fabric-api-lookup-api-v1, fabric-biome-api-v1, fabric-block-api-v1, fabric-block-view-api-v2, fabric-blockrenderlayer-v1, fabric-client-gametest-api-v1, fabric-client-tags-api-v1]
[20:12:23] [Render thread/DEBUG] (net.fabricmc.fabric.impl.resource.loader.ModResourcePackUtil) [Fabric] cur @ fabric, auto-enabled fabric-command-api-v1, currently enabled: [vanilla, fabric, fabric-api, fabric-api-base, fabric-api-lookup-api-v1, fabric-biome-api-v1, fabric-block-api-v1, fabric-block-view-api-v2, fabric-blockrenderlayer-v1, fabric-client-gametest-api-v1, fabric-client-tags-api-v1, fabric-command-api-v1]
[20:12:23] [Render thread/DEBUG] (net.fabricmc.fabric.impl.resource.loader.ModResourcePackUtil) [Fabric] cur @ fabric, auto-enabled fabric-command-api-v2, currently enabled: [vanilla, fabric, fabric-api, fabric-api-base, fabric-api-lookup-api-v1, fabric-biome-api-v1, fabric-block-api-v1, fabric-block-view-api-v2, fabric-blockrenderlayer-v1, fabric-client-gametest-api-v1, fabric-client-tags-api-v1, fabric-command-api-v1, fabric-command-api-v2]
[20:12:23] [Render thread/DEBUG] (net.fabricmc.fabric.impl.resource.loader.ModResourcePackUtil) [Fabric] cur @ fabric, auto-enabled fabric-commands-v0, currently enabled: [vanilla, fabric, fabric-api, fabric-api-base, fabric-api-lookup-api-v1, fabric-biome-api-v1, fabric-block-api-v1, fabric-block-view-api-v2, fabric-blockrenderlayer-v1, fabric-client-gametest-api-v1, fabric-client-tags-api-v1, fabric-command-api-v1, fabric-command-api-v2, fabric-commands-v0]
[20:12:23] [Render thread/DEBUG] (net.fabricmc.fabric.impl.resource.loader.ModResourcePackUtil) [Fabric] cur @ fabric, auto-enabled fabric-content-registries-v0, currently enabled: [vanilla, fabric, fabric-api, fabric-api-base, fabric-api-lookup-api-v1, fabric-biome-api-v1, fabric-block-api-v1, fabric-block-view-api-v2, fabric-blockrenderlayer-v1, fabric-client-gametest-api-v1, fabric-client-tags-api-v1, fabric-command-api-v1, fabric-command-api-v2, fabric-commands-v0, fabric-content-registries-v0]
[20:12:23] [Render thread/DEBUG] (net.fabricmc.fabric.impl.resource.loader.ModResourcePackUtil) [Fabric] cur @ fabric, auto-enabled fabric-convention-tags-v1, currently enabled: [vanilla, fabric, fabric-api, fabric-api-base, fabric-api-lookup-api-v1, fabric-biome-api-v1, fabric-block-api-v1, fabric-block-view-api-v2, fabric-blockrenderlayer-v1, fabric-client-gametest-api-v1, fabric-client-tags-api-v1, fabric-command-api-v1, fabric-command-api-v2, fabric-commands-v0, fabric-content-registries-v0, fabric-convention-tags-v1]
[20:12:23] [Render thread/DEBUG] (net.fabricmc.fabric.impl.resource.loader.ModResourcePackUtil) [Fabric] cur @ fabric, auto-enabled fabric-convention-tags-v2, currently enabled: [vanilla, fabric, fabric-api, fabric-api-base, fabric-api-lookup-api-v1, fabric-biome-api-v1, fabric-block-api-v1, fabric-block-view-api-v2, fabric-blockrenderlayer-v1, fabric-client-gametest-api-v1, fabric-client-tags-api-v1, fabric-command-api-v1, fabric-command-api-v2, fabric-commands-v0, fabric-content-registries-v0, fabric-convention-tags-v1, fabric-convention-tags-v2]
[20:12:23] [Render thread/DEBUG] (net.fabricmc.fabric.impl.resource.loader.ModResourcePackUtil) [Fabric] cur @ fabric, auto-enabled fabric-crash-report-info-v1, currently enabled: [vanilla, fabric, fabric-api, fabric-api-base, fabric-api-lookup-api-v1, fabric-biome-api-v1, fabric-block-api-v1, fabric-block-view-api-v2, fabric-blockrenderlayer-v1, fabric-client-gametest-api-v1, fabric-client-tags-api-v1, fabric-command-api-v1, fabric-command-api-v2, fabric-commands-v0, fabric-content-registries-v0, fabric-convention-tags-v1, fabric-convention-tags-v2, fabric-crash-report-info-v1]
[20:12:23] [Render thread/DEBUG] (net.fabricmc.fabric.impl.resource.loader.ModResourcePackUtil) [Fabric] cur @ fabric, auto-enabled fabric-data-attachment-api-v1, currently enabled: [vanilla, fabric, fabric-api, fabric-api-base, fabric-api-lookup-api-v1, fabric-biome-api-v1, fabric-block-api-v1, fabric-block-view-api-v2, fabric-blockrenderlayer-v1, fabric-client-gametest-api-v1, fabric-client-tags-api-v1, fabric-command-api-v1, fabric-command-api-v2, fabric-commands-v0, fabric-content-registries-v0, fabric-convention-tags-v1, fabric-convention-tags-v2, fabric-crash-report-info-v1, fabric-data-attachment-api-v1]
[20:12:23] [Render thread/DEBUG] (net.fabricmc.fabric.impl.resource.loader.ModResourcePackUtil) [Fabric] cur @ fabric, auto-enabled fabric-data-generation-api-v1, currently enabled: [vanilla, fabric, fabric-api, fabric-api-base, fabric-api-lookup-api-v1, fabric-biome-api-v1, fabric-block-api-v1, fabric-block-view-api-v2, fabric-blockrenderlayer-v1, fabric-client-gametest-api-v1, fabric-client-tags-api-v1, fabric-command-api-v1, fabric-command-api-v2, fabric-commands-v0, fabric-content-registries-v0, fabric-convention-tags-v1, fabric-convention-tags-v2, fabric-crash-report-info-v1, fabric-data-attachment-api-v1, fabric-data-generation-api-v1]
[20:12:23] [Render thread/DEBUG] (net.fabricmc.fabric.impl.resource.loader.ModResourcePackUtil) [Fabric] cur @ fabric, auto-enabled fabric-dimensions-v1, currently enabled: [vanilla, fabric, fabric-api, fabric-api-base, fabric-api-lookup-api-v1, fabric-biome-api-v1, fabric-block-api-v1, fabric-block-view-api-v2, fabric-blockrenderlayer-v1, fabric-client-gametest-api-v1, fabric-client-tags-api-v1, fabric-command-api-v1, fabric-command-api-v2, fabric-commands-v0, fabric-content-registries-v0, fabric-convention-tags-v1, fabric-convention-tags-v2, fabric-crash-report-info-v1, fabric-data-attachment-api-v1, fabric-data-generation-api-v1, fabric-dimensions-v1]
[20:12:23] [Render thread/DEBUG] (net.fabricmc.fabric.impl.resource.loader.ModResourcePackUtil) [Fabric] cur @ fabric, auto-enabled fabric-entity-events-v1, currently enabled: [vanilla, fabric, fabric-api, fabric-api-base, fabric-api-lookup-api-v1, fabric-biome-api-v1, fabric-block-api-v1, fabric-block-view-api-v2, fabric-blockrenderlayer-v1, fabric-client-gametest-api-v1, fabric-client-tags-api-v1, fabric-command-api-v1, fabric-command-api-v2, fabric-commands-v0, fabric-content-registries-v0, fabric-convention-tags-v1, fabric-convention-tags-v2, fabric-crash-report-info-v1, fabric-data-attachment-api-v1, fabric-data-generation-api-v1, fabric-dimensions-v1, fabric-entity-events-v1]
[20:12:23] [Render thread/DEBUG] (net.fabricmc.fabric.impl.resource.loader.ModResourcePackUtil) [Fabric] cur @ fabric, auto-enabled fabric-events-interaction-v0, currently enabled: [vanilla, fabric, fabric-api, fabric-api-base, fabric-api-lookup-api-v1, fabric-biome-api-v1, fabric-block-api-v1, fabric-block-view-api-v2, fabric-blockrenderlayer-v1, fabric-client-gametest-api-v1, fabric-client-tags-api-v1, fabric-command-api-v1, fabric-command-api-v2, fabric-commands-v0, fabric-content-registries-v0, fabric-convention-tags-v1, fabric-convention-tags-v2, fabric-crash-report-info-v1, fabric-data-attachment-api-v1, fabric-data-generation-api-v1, fabric-dimensions-v1, fabric-entity-events-v1, fabric-events-interaction-v0]
[20:12:23] [Render thread/DEBUG] (net.fabricmc.fabric.impl.resource.loader.ModResourcePackUtil) [Fabric] cur @ fabric, auto-enabled fabric-game-rule-api-v1, currently enabled: [vanilla, fabric, fabric-api, fabric-api-base, fabric-api-lookup-api-v1, fabric-biome-api-v1, fabric-block-api-v1, fabric-block-view-api-v2, fabric-blockrenderlayer-v1, fabric-client-gametest-api-v1, fabric-client-tags-api-v1, fabric-command-api-v1, fabric-command-api-v2, fabric-commands-v0, fabric-content-registries-v0, fabric-convention-tags-v1, fabric-convention-tags-v2, fabric-crash-report-info-v1, fabric-data-attachment-api-v1, fabric-data-generation-api-v1, fabric-dimensions-v1, fabric-entity-events-v1, fabric-events-interaction-v0, fabric-game-rule-api-v1]
[20:12:23] [Render thread/DEBUG] (net.fabricmc.fabric.impl.resource.loader.ModResourcePackUtil) [Fabric] cur @ fabric, auto-enabled fabric-gametest-api-v1, currently enabled: [vanilla, fabric, fabric-api, fabric-api-base, fabric-api-lookup-api-v1, fabric-biome-api-v1, fabric-block-api-v1, fabric-block-view-api-v2, fabric-blockrenderlayer-v1, fabric-client-gametest-api-v1, fabric-client-tags-api-v1, fabric-command-api-v1, fabric-command-api-v2, fabric-commands-v0, fabric-content-registries-v0, fabric-convention-tags-v1, fabric-convention-tags-v2, fabric-crash-report-info-v1, fabric-data-attachment-api-v1, fabric-data-generation-api-v1, fabric-dimensions-v1, fabric-entity-events-v1, fabric-events-interaction-v0, fabric-game-rule-api-v1, fabric-gametest-api-v1]
[20:12:23] [Render thread/DEBUG] (net.fabricmc.fabric.impl.resource.loader.ModResourcePackUtil) [Fabric] cur @ fabric, auto-enabled fabric-item-api-v1, currently enabled: [vanilla, fabric, fabric-api, fabric-api-base, fabric-api-lookup-api-v1, fabric-biome-api-v1, fabric-block-api-v1, fabric-block-view-api-v2, fabric-blockrenderlayer-v1, fabric-client-gametest-api-v1, fabric-client-tags-api-v1, fabric-command-api-v1, fabric-command-api-v2, fabric-commands-v0, fabric-content-registries-v0, fabric-convention-tags-v1, fabric-convention-tags-v2, fabric-crash-report-info-v1, fabric-data-attachment-api-v1, fabric-data-generation-api-v1, fabric-dimensions-v1, fabric-entity-events-v1, fabric-events-interaction-v0, fabric-game-rule-api-v1, fabric-gametest-api-v1, fabric-item-api-v1]
[20:12:23] [Render thread/DEBUG] (net.fabricmc.fabric.impl.resource.loader.ModResourcePackUtil) [Fabric] cur @ fabric, auto-enabled fabric-item-group-api-v1, currently enabled: [vanilla, fabric, fabric-api, fabric-api-base, fabric-api-lookup-api-v1, fabric-biome-api-v1, fabric-block-api-v1, fabric-block-view-api-v2, fabric-blockrenderlayer-v1, fabric-client-gametest-api-v1, fabric-client-tags-api-v1, fabric-command-api-v1, fabric-command-api-v2, fabric-commands-v0, fabric-content-registries-v0, fabric-convention-tags-v1, fabric-convention-tags-v2, fabric-crash-report-info-v1, fabric-data-attachment-api-v1, fabric-data-generation-api-v1, fabric-dimensions-v1, fabric-entity-events-v1, fabric-events-interaction-v0, fabric-game-rule-api-v1, fabric-gametest-api-v1, fabric-item-api-v1, fabric-item-group-api-v1]
[20:12:23] [Render thread/DEBUG] (net.fabricmc.fabric.impl.resource.loader.ModResourcePackUtil) [Fabric] cur @ fabric, auto-enabled fabric-key-binding-api-v1, currently enabled: [vanilla, fabric, fabric-api, fabric-api-base, fabric-api-lookup-api-v1, fabric-biome-api-v1, fabric-block-api-v1, fabric-block-view-api-v2, fabric-blockrenderlayer-v1, fabric-client-gametest-api-v1, fabric-client-tags-api-v1, fabric-command-api-v1, fabric-command-api-v2, fabric-commands-v0, fabric-content-registries-v0, fabric-convention-tags-v1, fabric-convention-tags-v2, fabric-crash-report-info-v1, fabric-data-attachment-api-v1, fabric-data-generation-api-v1, fabric-dimensions-v1, fabric-entity-events-v1, fabric-events-interaction-v0, fabric-game-rule-api-v1, fabric-gametest-api-v1, fabric-item-api-v1, fabric-item-group-api-v1, fabric-key-binding-api-v1]
[20:12:23] [Render thread/DEBUG] (net.fabricmc.fabric.impl.resource.loader.ModResourcePackUtil) [Fabric] cur @ fabric, auto-enabled fabric-keybindings-v0, currently enabled: [vanilla, fabric, fabric-api, fabric-api-base, fabric-api-lookup-api-v1, fabric-biome-api-v1, fabric-block-api-v1, fabric-block-view-api-v2, fabric-blockrenderlayer-v1, fabric-client-gametest-api-v1, fabric-client-tags-api-v1, fabric-command-api-v1, fabric-command-api-v2, fabric-commands-v0, fabric-content-registries-v0, fabric-convention-tags-v1, fabric-convention-tags-v2, fabric-crash-report-info-v1, fabric-data-attachment-api-v1, fabric-data-generation-api-v1, fabric-dimensions-v1, fabric-entity-events-v1, fabric-events-interaction-v0, fabric-game-rule-api-v1, fabric-gametest-api-v1, fabric-item-api-v1, fabric-item-group-api-v1, fabric-key-binding-api-v1, fabric-keybindings-v0]
[20:12:23] [Render thread/DEBUG] (net.fabricmc.fabric.impl.resource.loader.ModResourcePackUtil) [Fabric] cur @ fabric, auto-enabled fabric-lifecycle-events-v1, currently enabled: [vanilla, fabric, fabric-api, fabric-api-base, fabric-api-lookup-api-v1, fabric-biome-api-v1, fabric-block-api-v1, fabric-block-view-api-v2, fabric-blockrenderlayer-v1, fabric-client-gametest-api-v1, fabric-client-tags-api-v1, fabric-command-api-v1, fabric-command-api-v2, fabric-commands-v0, fabric-content-registries-v0, fabric-convention-tags-v1, fabric-convention-tags-v2, fabric-crash-report-info-v1, fabric-data-attachment-api-v1, fabric-data-generation-api-v1, fabric-dimensions-v1, fabric-entity-events-v1, fabric-events-interaction-v0, fabric-game-rule-api-v1, fabric-gametest-api-v1, fabric-item-api-v1, fabric-item-group-api-v1, fabric-key-binding-api-v1, fabric-keybindings-v0, fabric-lifecycle-events-v1]
[20:12:23] [Render thread/DEBUG] (net.fabricmc.fabric.impl.resource.loader.ModResourcePackUtil) [Fabric] cur @ fabric, auto-enabled fabric-loot-api-v2, currently enabled: [vanilla, fabric, fabric-api, fabric-api-base, fabric-api-lookup-api-v1, fabric-biome-api-v1, fabric-block-api-v1, fabric-block-view-api-v2, fabric-blockrenderlayer-v1, fabric-client-gametest-api-v1, fabric-client-tags-api-v1, fabric-command-api-v1, fabric-command-api-v2, fabric-commands-v0, fabric-content-registries-v0, fabric-convention-tags-v1, fabric-convention-tags-v2, fabric-crash-report-info-v1, fabric-data-attachment-api-v1, fabric-data-generation-api-v1, fabric-dimensions-v1, fabric-entity-events-v1, fabric-events-interaction-v0, fabric-game-rule-api-v1, fabric-gametest-api-v1, fabric-item-api-v1, fabric-item-group-api-v1, fabric-key-binding-api-v1, fabric-keybindings-v0, fabric-lifecycle-events-v1, fabric-loot-api-v2]
[20:12:23] [Render thread/DEBUG] (net.fabricmc.fabric.impl.resource.loader.ModResourcePackUtil) [Fabric] cur @ fabric, auto-enabled fabric-loot-api-v3, currently enabled: [vanilla, fabric, fabric-api, fabric-api-base, fabric-api-lookup-api-v1, fabric-biome-api-v1, fabric-block-api-v1, fabric-block-view-api-v2, fabric-blockrenderlayer-v1, fabric-client-gametest-api-v1, fabric-client-tags-api-v1, fabric-command-api-v1, fabric-command-api-v2, fabric-commands-v0, fabric-content-registries-v0, fabric-convention-tags-v1, fabric-convention-tags-v2, fabric-crash-report-info-v1, fabric-data-attachment-api-v1, fabric-data-generation-api-v1, fabric-dimensions-v1, fabric-entity-events-v1, fabric-events-interaction-v0, fabric-game-rule-api-v1, fabric-gametest-api-v1, fabric-item-api-v1, fabric-item-group-api-v1, fabric-key-binding-api-v1, fabric-keybindings-v0, fabric-lifecycle-events-v1, fabric-loot-api-v2, fabric-loot-api-v3]
[20:12:23] [Render thread/DEBUG] (net.fabricmc.fabric.impl.resource.loader.ModResourcePackUtil) [Fabric] cur @ fabric, auto-enabled fabric-message-api-v1, currently enabled: [vanilla, fabric, fabric-api, fabric-api-base, fabric-api-lookup-api-v1, fabric-biome-api-v1, fabric-block-api-v1, fabric-block-view-api-v2, fabric-blockrenderlayer-v1, fabric-client-gametest-api-v1, fabric-client-tags-api-v1, fabric-command-api-v1, fabric-command-api-v2, fabric-commands-v0, fabric-content-registries-v0, fabric-convention-tags-v1, fabric-convention-tags-v2, fabric-crash-report-info-v1, fabric-data-attachment-api-v1, fabric-data-generation-api-v1, fabric-dimensions-v1, fabric-entity-events-v1, fabric-events-interaction-v0, fabric-game-rule-api-v1, fabric-gametest-api-v1, fabric-item-api-v1, fabric-item-group-api-v1, fabric-key-binding-api-v1, fabric-keybindings-v0, fabric-lifecycle-events-v1, fabric-loot-api-v2, fabric-loot-api-v3, fabric-message-api-v1]
[20:12:23] [Render thread/DEBUG] (net.fabricmc.fabric.impl.resource.loader.ModResourcePackUtil) [Fabric] cur @ fabric, auto-enabled fabric-model-loading-api-v1, currently enabled: [vanilla, fabric, fabric-api, fabric-api-base, fabric-api-lookup-api-v1, fabric-biome-api-v1, fabric-block-api-v1, fabric-block-view-api-v2, fabric-blockrenderlayer-v1, fabric-client-gametest-api-v1, fabric-client-tags-api-v1, fabric-command-api-v1, fabric-command-api-v2, fabric-commands-v0, fabric-content-registries-v0, fabric-convention-tags-v1, fabric-convention-tags-v2, fabric-crash-report-info-v1, fabric-data-attachment-api-v1, fabric-data-generation-api-v1, fabric-dimensions-v1, fabric-entity-events-v1, fabric-events-interaction-v0, fabric-game-rule-api-v1, fabric-gametest-api-v1, fabric-item-api-v1, fabric-item-group-api-v1, fabric-key-binding-api-v1, fabric-keybindings-v0, fabric-lifecycle-events-v1, fabric-loot-api-v2, fabric-loot-api-v3, fabric-message-api-v1, fabric-model-loading-api-v1]
[20:12:23] [Render thread/DEBUG] (net.fabricmc.fabric.impl.resource.loader.ModResourcePackUtil) [Fabric] cur @ fabric, auto-enabled fabric-networking-api-v1, currently enabled: [vanilla, fabric, fabric-api, fabric-api-base, fabric-api-lookup-api-v1, fabric-biome-api-v1, fabric-block-api-v1, fabric-block-view-api-v2, fabric-blockrenderlayer-v1, fabric-client-gametest-api-v1, fabric-client-tags-api-v1, fabric-command-api-v1, fabric-command-api-v2, fabric-commands-v0, fabric-content-registries-v0, fabric-convention-tags-v1, fabric-convention-tags-v2, fabric-crash-report-info-v1, fabric-data-attachment-api-v1, fabric-data-generation-api-v1, fabric-dimensions-v1, fabric-entity-events-v1, fabric-events-interaction-v0, fabric-game-rule-api-v1, fabric-gametest-api-v1, fabric-item-api-v1, fabric-item-group-api-v1, fabric-key-binding-api-v1, fabric-keybindings-v0, fabric-lifecycle-events-v1, fabric-loot-api-v2, fabric-loot-api-v3, fabric-message-api-v1, fabric-model-loading-api-v1, fabric-networking-api-v1]
[20:12:23] [Render thread/DEBUG] (net.fabricmc.fabric.impl.resource.loader.ModResourcePackUtil) [Fabric] cur @ fabric, auto-enabled fabric-object-builder-api-v1, currently enabled: [vanilla, fabric, fabric-api, fabric-api-base, fabric-api-lookup-api-v1, fabric-biome-api-v1, fabric-block-api-v1, fabric-block-view-api-v2, fabric-blockrenderlayer-v1, fabric-client-gametest-api-v1, fabric-client-tags-api-v1, fabric-command-api-v1, fabric-command-api-v2, fabric-commands-v0, fabric-content-registries-v0, fabric-convention-tags-v1, fabric-convention-tags-v2, fabric-crash-report-info-v1, fabric-data-attachment-api-v1, fabric-data-generation-api-v1, fabric-dimensions-v1, fabric-entity-events-v1, fabric-events-interaction-v0, fabric-game-rule-api-v1, fabric-gametest-api-v1, fabric-item-api-v1, fabric-item-group-api-v1, fabric-key-binding-api-v1, fabric-keybindings-v0, fabric-lifecycle-events-v1, fabric-loot-api-v2, fabric-loot-api-v3, fabric-message-api-v1, fabric-model-loading-api-v1, fabric-networking-api-v1, fabric-object-builder-api-v1]
[20:12:23] [Render thread/DEBUG] (net.fabricmc.fabric.impl.resource.loader.ModResourcePackUtil) [Fabric] cur @ fabric, auto-enabled fabric-particles-v1, currently enabled: [vanilla, fabric, fabric-api, fabric-api-base, fabric-api-lookup-api-v1, fabric-biome-api-v1, fabric-block-api-v1, fabric-block-view-api-v2, fabric-blockrenderlayer-v1, fabric-client-gametest-api-v1, fabric-client-tags-api-v1, fabric-command-api-v1, fabric-command-api-v2, fabric-commands-v0, fabric-content-registries-v0, fabric-convention-tags-v1, fabric-convention-tags-v2, fabric-crash-report-info-v1, fabric-data-attachment-api-v1, fabric-data-generation-api-v1, fabric-dimensions-v1, fabric-entity-events-v1, fabric-events-interaction-v0, fabric-game-rule-api-v1, fabric-gametest-api-v1, fabric-item-api-v1, fabric-item-group-api-v1, fabric-key-binding-api-v1, fabric-keybindings-v0, fabric-lifecycle-events-v1, fabric-loot-api-v2, fabric-loot-api-v3, fabric-message-api-v1, fabric-model-loading-api-v1, fabric-networking-api-v1, fabric-object-builder-api-v1, fabric-particles-v1]
[20:12:23] [Render thread/DEBUG] (net.fabricmc.fabric.impl.resource.loader.ModResourcePackUtil) [Fabric] cur @ fabric, auto-enabled fabric-recipe-api-v1, currently enabled: [vanilla, fabric, fabric-api, fabric-api-base, fabric-api-lookup-api-v1, fabric-biome-api-v1, fabric-block-api-v1, fabric-block-view-api-v2, fabric-blockrenderlayer-v1, fabric-client-gametest-api-v1, fabric-client-tags-api-v1, fabric-command-api-v1, fabric-command-api-v2, fabric-commands-v0, fabric-content-registries-v0, fabric-convention-tags-v1, fabric-convention-tags-v2, fabric-crash-report-info-v1, fabric-data-attachment-api-v1, fabric-data-generation-api-v1, fabric-dimensions-v1, fabric-entity-events-v1, fabric-events-interaction-v0, fabric-game-rule-api-v1, fabric-gametest-api-v1, fabric-item-api-v1, fabric-item-group-api-v1, fabric-key-binding-api-v1, fabric-keybindings-v0, fabric-lifecycle-events-v1, fabric-loot-api-v2, fabric-loot-api-v3, fabric-message-api-v1, fabric-model-loading-api-v1, fabric-networking-api-v1, fabric-object-builder-api-v1, fabric-particles-v1, fabric-recipe-api-v1]
[20:12:23] [Render thread/DEBUG] (net.fabricmc.fabric.impl.resource.loader.ModResourcePackUtil) [Fabric] cur @ fabric, auto-enabled fabric-registry-sync-v0, currently enabled: [vanilla, fabric, fabric-api, fabric-api-base, fabric-api-lookup-api-v1, fabric-biome-api-v1, fabric-block-api-v1, fabric-block-view-api-v2, fabric-blockrenderlayer-v1, fabric-client-gametest-api-v1, fabric-client-tags-api-v1, fabric-command-api-v1, fabric-command-api-v2, fabric-commands-v0, fabric-content-registries-v0, fabric-convention-tags-v1, fabric-convention-tags-v2, fabric-crash-report-info-v1, fabric-data-attachment-api-v1, fabric-data-generation-api-v1, fabric-dimensions-v1, fabric-entity-events-v1, fabric-events-interaction-v0, fabric-game-rule-api-v1, fabric-gametest-api-v1, fabric-item-api-v1, fabric-item-group-api-v1, fabric-key-binding-api-v1, fabric-keybindings-v0, fabric-lifecycle-events-v1, fabric-loot-api-v2, fabric-loot-api-v3, fabric-message-api-v1, fabric-model-loading-api-v1, fabric-networking-api-v1, fabric-object-builder-api-v1, fabric-particles-v1, fabric-recipe-api-v1, fabric-registry-sync-v0]
[20:12:23] [Render thread/DEBUG] (net.fabricmc.fabric.impl.resource.loader.ModResourcePackUtil) [Fabric] cur @ fabric, auto-enabled fabric-renderer-api-v1, currently enabled: [vanilla, fabric, fabric-api, fabric-api-base, fabric-api-lookup-api-v1, fabric-biome-api-v1, fabric-block-api-v1, fabric-block-view-api-v2, fabric-blockrenderlayer-v1, fabric-client-gametest-api-v1, fabric-client-tags-api-v1, fabric-command-api-v1, fabric-command-api-v2, fabric-commands-v0, fabric-content-registries-v0, fabric-convention-tags-v1, fabric-convention-tags-v2, fabric-crash-report-info-v1, fabric-data-attachment-api-v1, fabric-data-generation-api-v1, fabric-dimensions-v1, fabric-entity-events-v1, fabric-events-interaction-v0, fabric-game-rule-api-v1, fabric-gametest-api-v1, fabric-item-api-v1, fabric-item-group-api-v1, fabric-key-binding-api-v1, fabric-keybindings-v0, fabric-lifecycle-events-v1, fabric-loot-api-v2, fabric-loot-api-v3, fabric-message-api-v1, fabric-model-loading-api-v1, fabric-networking-api-v1, fabric-object-builder-api-v1, fabric-particles-v1, fabric-recipe-api-v1, fabric-registry-sync-v0, fabric-renderer-api-v1]
[20:12:23] [Render thread/DEBUG] (net.fabricmc.fabric.impl.resource.loader.ModResourcePackUtil) [Fabric] cur @ fabric, auto-enabled fabric-renderer-indigo, currently enabled: [vanilla, fabric, fabric-api, fabric-api-base, fabric-api-lookup-api-v1, fabric-biome-api-v1, fabric-block-api-v1, fabric-block-view-api-v2, fabric-blockrenderlayer-v1, fabric-client-gametest-api-v1, fabric-client-tags-api-v1, fabric-command-api-v1, fabric-command-api-v2, fabric-commands-v0, fabric-content-registries-v0, fabric-convention-tags-v1, fabric-convention-tags-v2, fabric-crash-report-info-v1, fabric-data-attachment-api-v1, fabric-data-generation-api-v1, fabric-dimensions-v1, fabric-entity-events-v1, fabric-events-interaction-v0, fabric-game-rule-api-v1, fabric-gametest-api-v1, fabric-item-api-v1, fabric-item-group-api-v1, fabric-key-binding-api-v1, fabric-keybindings-v0, fabric-lifecycle-events-v1, fabric-loot-api-v2, fabric-loot-api-v3, fabric-message-api-v1, fabric-model-loading-api-v1, fabric-networking-api-v1, fabric-object-builder-api-v1, fabric-particles-v1, fabric-recipe-api-v1, fabric-registry-sync-v0, fabric-renderer-api-v1, fabric-renderer-indigo]
[20:12:23] [Render thread/DEBUG] (net.fabricmc.fabric.impl.resource.loader.ModResourcePackUtil) [Fabric] cur @ fabric, auto-enabled fabric-rendering-data-attachment-v1, currently enabled: [vanilla, fabric, fabric-api, fabric-api-base, fabric-api-lookup-api-v1, fabric-biome-api-v1, fabric-block-api-v1, fabric-block-view-api-v2, fabric-blockrenderlayer-v1, fabric-client-gametest-api-v1, fabric-client-tags-api-v1, fabric-command-api-v1, fabric-command-api-v2, fabric-commands-v0, fabric-content-registries-v0, fabric-convention-tags-v1, fabric-convention-tags-v2, fabric-crash-report-info-v1, fabric-data-attachment-api-v1, fabric-data-generation-api-v1, fabric-dimensions-v1, fabric-entity-events-v1, fabric-events-interaction-v0, fabric-game-rule-api-v1, fabric-gametest-api-v1, fabric-item-api-v1, fabric-item-group-api-v1, fabric-key-binding-api-v1, fabric-keybindings-v0, fabric-lifecycle-events-v1, fabric-loot-api-v2, fabric-loot-api-v3, fabric-message-api-v1, fabric-model-loading-api-v1, fabric-networking-api-v1, fabric-object-builder-api-v1, fabric-particles-v1, fabric-recipe-api-v1, fabric-registry-sync-v0, fabric-renderer-api-v1, fabric-renderer-indigo, fabric-rendering-data-attachment-v1]
[20:12:23] [Render thread/DEBUG] (net.fabricmc.fabric.impl.resource.loader.ModResourcePackUtil) [Fabric] cur @ fabric, auto-enabled fabric-rendering-fluids-v1, currently enabled: [vanilla, fabric, fabric-api, fabric-api-base, fabric-api-lookup-api-v1, fabric-biome-api-v1, fabric-block-api-v1, fabric-block-view-api-v2, fabric-blockrenderlayer-v1, fabric-client-gametest-api-v1, fabric-client-tags-api-v1, fabric-command-api-v1, fabric-command-api-v2, fabric-commands-v0, fabric-content-registries-v0, fabric-convention-tags-v1, fabric-convention-tags-v2, fabric-crash-report-info-v1, fabric-data-attachment-api-v1, fabric-data-generation-api-v1, fabric-dimensions-v1, fabric-entity-events-v1, fabric-events-interaction-v0, fabric-game-rule-api-v1, fabric-gametest-api-v1, fabric-item-api-v1, fabric-item-group-api-v1, fabric-key-binding-api-v1, fabric-keybindings-v0, fabric-lifecycle-events-v1, fabric-loot-api-v2, fabric-loot-api-v3, fabric-message-api-v1, fabric-model-loading-api-v1, fabric-networking-api-v1, fabric-object-builder-api-v1, fabric-particles-v1, fabric-recipe-api-v1, fabric-registry-sync-v0, fabric-renderer-api-v1, fabric-renderer-indigo, fabric-rendering-data-attachment-v1, fabric-rendering-fluids-v1]
[20:12:23] [Render thread/DEBUG] (net.fabricmc.fabric.impl.resource.loader.ModResourcePackUtil) [Fabric] cur @ fabric, auto-enabled fabric-rendering-v1, currently enabled: [vanilla, fabric, fabric-api, fabric-api-base, fabric-api-lookup-api-v1, fabric-biome-api-v1, fabric-block-api-v1, fabric-block-view-api-v2, fabric-blockrenderlayer-v1, fabric-client-gametest-api-v1, fabric-client-tags-api-v1, fabric-command-api-v1, fabric-command-api-v2, fabric-commands-v0, fabric-content-registries-v0, fabric-convention-tags-v1, fabric-convention-tags-v2, fabric-crash-report-info-v1, fabric-data-attachment-api-v1, fabric-data-generation-api-v1, fabric-dimensions-v1, fabric-entity-events-v1, fabric-events-interaction-v0, fabric-game-rule-api-v1, fabric-gametest-api-v1, fabric-item-api-v1, fabric-item-group-api-v1, fabric-key-binding-api-v1, fabric-keybindings-v0, fabric-lifecycle-events-v1, fabric-loot-api-v2, fabric-loot-api-v3, fabric-message-api-v1, fabric-model-loading-api-v1, fabric-networking-api-v1, fabric-object-builder-api-v1, fabric-particles-v1, fabric-recipe-api-v1, fabric-registry-sync-v0, fabric-renderer-api-v1, fabric-renderer-indigo, fabric-rendering-data-attachment-v1, fabric-rendering-fluids-v1, fabric-rendering-v1]
[20:12:23] [Render thread/DEBUG] (net.fabricmc.fabric.impl.resource.loader.ModResourcePackUtil) [Fabric] cur @ fabric, auto-enabled fabric-resource-conditions-api-v1, currently enabled: [vanilla, fabric, fabric-api, fabric-api-base, fabric-api-lookup-api-v1, fabric-biome-api-v1, fabric-block-api-v1, fabric-block-view-api-v2, fabric-blockrenderlayer-v1, fabric-client-gametest-api-v1, fabric-client-tags-api-v1, fabric-command-api-v1, fabric-command-api-v2, fabric-commands-v0, fabric-content-registries-v0, fabric-convention-tags-v1, fabric-convention-tags-v2, fabric-crash-report-info-v1, fabric-data-attachment-api-v1, fabric-data-generation-api-v1, fabric-dimensions-v1, fabric-entity-events-v1, fabric-events-interaction-v0, fabric-game-rule-api-v1, fabric-gametest-api-v1, fabric-item-api-v1, fabric-item-group-api-v1, fabric-key-binding-api-v1, fabric-keybindings-v0, fabric-lifecycle-events-v1, fabric-loot-api-v2, fabric-loot-api-v3, fabric-message-api-v1, fabric-model-loading-api-v1, fabric-networking-api-v1, fabric-object-builder-api-v1, fabric-particles-v1, fabric-recipe-api-v1, fabric-registry-sync-v0, fabric-renderer-api-v1, fabric-renderer-indigo, fabric-rendering-data-attachment-v1, fabric-rendering-fluids-v1, fabric-rendering-v1, fabric-resource-conditions-api-v1]
[20:12:23] [Render thread/DEBUG] (net.fabricmc.fabric.impl.resource.loader.ModResourcePackUtil) [Fabric] cur @ fabric, auto-enabled fabric-resource-loader-v0, currently enabled: [vanilla, fabric, fabric-api, fabric-api-base, fabric-api-lookup-api-v1, fabric-biome-api-v1, fabric-block-api-v1, fabric-block-view-api-v2, fabric-blockrenderlayer-v1, fabric-client-gametest-api-v1, fabric-client-tags-api-v1, fabric-command-api-v1, fabric-command-api-v2, fabric-commands-v0, fabric-content-registries-v0, fabric-convention-tags-v1, fabric-convention-tags-v2, fabric-crash-report-info-v1, fabric-data-attachment-api-v1, fabric-data-generation-api-v1, fabric-dimensions-v1, fabric-entity-events-v1, fabric-events-interaction-v0, fabric-game-rule-api-v1, fabric-gametest-api-v1, fabric-item-api-v1, fabric-item-group-api-v1, fabric-key-binding-api-v1, fabric-keybindings-v0, fabric-lifecycle-events-v1, fabric-loot-api-v2, fabric-loot-api-v3, fabric-message-api-v1, fabric-model-loading-api-v1, fabric-networking-api-v1, fabric-object-builder-api-v1, fabric-particles-v1, fabric-recipe-api-v1, fabric-registry-sync-v0, fabric-renderer-api-v1, fabric-renderer-indigo, fabric-rendering-data-attachment-v1, fabric-rendering-fluids-v1, fabric-rendering-v1, fabric-resource-conditions-api-v1, fabric-resource-loader-v0]
[20:12:23] [Render thread/DEBUG] (net.fabricmc.fabric.impl.resource.loader.ModResourcePackUtil) [Fabric] cur @ fabric, auto-enabled fabric-screen-api-v1, currently enabled: [vanilla, fabric, fabric-api, fabric-api-base, fabric-api-lookup-api-v1, fabric-biome-api-v1, fabric-block-api-v1, fabric-block-view-api-v2, fabric-blockrenderlayer-v1, fabric-client-gametest-api-v1, fabric-client-tags-api-v1, fabric-command-api-v1, fabric-command-api-v2, fabric-commands-v0, fabric-content-registries-v0, fabric-convention-tags-v1, fabric-convention-tags-v2, fabric-crash-report-info-v1, fabric-data-attachment-api-v1, fabric-data-generation-api-v1, fabric-dimensions-v1, fabric-entity-events-v1, fabric-events-interaction-v0, fabric-game-rule-api-v1, fabric-gametest-api-v1, fabric-item-api-v1, fabric-item-group-api-v1, fabric-key-binding-api-v1, fabric-keybindings-v0, fabric-lifecycle-events-v1, fabric-loot-api-v2, fabric-loot-api-v3, fabric-message-api-v1, fabric-model-loading-api-v1, fabric-networking-api-v1, fabric-object-builder-api-v1, fabric-particles-v1, fabric-recipe-api-v1, fabric-registry-sync-v0, fabric-renderer-api-v1, fabric-renderer-indigo, fabric-rendering-data-attachment-v1, fabric-rendering-fluids-v1, fabric-rendering-v1, fabric-resource-conditions-api-v1, fabric-resource-loader-v0, fabric-screen-api-v1]
[20:12:23] [Render thread/DEBUG] (net.fabricmc.fabric.impl.resource.loader.ModResourcePackUtil) [Fabric] cur @ fabric, auto-enabled fabric-screen-handler-api-v1, currently enabled: [vanilla, fabric, fabric-api, fabric-api-base, fabric-api-lookup-api-v1, fabric-biome-api-v1, fabric-block-api-v1, fabric-block-view-api-v2, fabric-blockrenderlayer-v1, fabric-client-gametest-api-v1, fabric-client-tags-api-v1, fabric-command-api-v1, fabric-command-api-v2, fabric-commands-v0, fabric-content-registries-v0, fabric-convention-tags-v1, fabric-convention-tags-v2, fabric-crash-report-info-v1, fabric-data-attachment-api-v1, fabric-data-generation-api-v1, fabric-dimensions-v1, fabric-entity-events-v1, fabric-events-interaction-v0, fabric-game-rule-api-v1, fabric-gametest-api-v1, fabric-item-api-v1, fabric-item-group-api-v1, fabric-key-binding-api-v1, fabric-keybindings-v0, fabric-lifecycle-events-v1, fabric-loot-api-v2, fabric-loot-api-v3, fabric-message-api-v1, fabric-model-loading-api-v1, fabric-networking-api-v1, fabric-object-builder-api-v1, fabric-particles-v1, fabric-recipe-api-v1, fabric-registry-sync-v0, fabric-renderer-api-v1, fabric-renderer-indigo, fabric-rendering-data-attachment-v1, fabric-rendering-fluids-v1, fabric-rendering-v1, fabric-resource-conditions-api-v1, fabric-resource-loader-v0, fabric-screen-api-v1, fabric-screen-handler-api-v1]
[20:12:23] [Render thread/DEBUG] (net.fabricmc.fabric.impl.resource.loader.ModResourcePackUtil) [Fabric] cur @ fabric, auto-enabled fabric-sound-api-v1, currently enabled: [vanilla, fabric, fabric-api, fabric-api-base, fabric-api-lookup-api-v1, fabric-biome-api-v1, fabric-block-api-v1, fabric-block-view-api-v2, fabric-blockrenderlayer-v1, fabric-client-gametest-api-v1, fabric-client-tags-api-v1, fabric-command-api-v1, fabric-command-api-v2, fabric-commands-v0, fabric-content-registries-v0, fabric-convention-tags-v1, fabric-convention-tags-v2, fabric-crash-report-info-v1, fabric-data-attachment-api-v1, fabric-data-generation-api-v1, fabric-dimensions-v1, fabric-entity-events-v1, fabric-events-interaction-v0, fabric-game-rule-api-v1, fabric-gametest-api-v1, fabric-item-api-v1, fabric-item-group-api-v1, fabric-key-binding-api-v1, fabric-keybindings-v0, fabric-lifecycle-events-v1, fabric-loot-api-v2, fabric-loot-api-v3, fabric-message-api-v1, fabric-model-loading-api-v1, fabric-networking-api-v1, fabric-object-builder-api-v1, fabric-particles-v1, fabric-recipe-api-v1, fabric-registry-sync-v0, fabric-renderer-api-v1, fabric-renderer-indigo, fabric-rendering-data-attachment-v1, fabric-rendering-fluids-v1, fabric-rendering-v1, fabric-resource-conditions-api-v1, fabric-resource-loader-v0, fabric-screen-api-v1, fabric-screen-handler-api-v1, fabric-sound-api-v1]
[20:12:23] [Render thread/DEBUG] (net.fabricmc.fabric.impl.resource.loader.ModResourcePackUtil) [Fabric] cur @ fabric, auto-enabled fabric-tag-api-v1, currently enabled: [vanilla, fabric, fabric-api, fabric-api-base, fabric-api-lookup-api-v1, fabric-biome-api-v1, fabric-block-api-v1, fabric-block-view-api-v2, fabric-blockrenderlayer-v1, fabric-client-gametest-api-v1, fabric-client-tags-api-v1, fabric-command-api-v1, fabric-command-api-v2, fabric-commands-v0, fabric-content-registries-v0, fabric-convention-tags-v1, fabric-convention-tags-v2, fabric-crash-report-info-v1, fabric-data-attachment-api-v1, fabric-data-generation-api-v1, fabric-dimensions-v1, fabric-entity-events-v1, fabric-events-interaction-v0, fabric-game-rule-api-v1, fabric-gametest-api-v1, fabric-item-api-v1, fabric-item-group-api-v1, fabric-key-binding-api-v1, fabric-keybindings-v0, fabric-lifecycle-events-v1, fabric-loot-api-v2, fabric-loot-api-v3, fabric-message-api-v1, fabric-model-loading-api-v1, fabric-networking-api-v1, fabric-object-builder-api-v1, fabric-particles-v1, fabric-recipe-api-v1, fabric-registry-sync-v0, fabric-renderer-api-v1, fabric-renderer-indigo, fabric-rendering-data-attachment-v1, fabric-rendering-fluids-v1, fabric-rendering-v1, fabric-resource-conditions-api-v1, fabric-resource-loader-v0, fabric-screen-api-v1, fabric-screen-handler-api-v1, fabric-sound-api-v1, fabric-tag-api-v1]
[20:12:23] [Render thread/DEBUG] (net.fabricmc.fabric.impl.resource.loader.ModResourcePackUtil) [Fabric] cur @ fabric, auto-enabled fabric-transfer-api-v1, currently enabled: [vanilla, fabric, fabric-api, fabric-api-base, fabric-api-lookup-api-v1, fabric-biome-api-v1, fabric-block-api-v1, fabric-block-view-api-v2, fabric-blockrenderlayer-v1, fabric-client-gametest-api-v1, fabric-client-tags-api-v1, fabric-command-api-v1, fabric-command-api-v2, fabric-commands-v0, fabric-content-registries-v0, fabric-convention-tags-v1, fabric-convention-tags-v2, fabric-crash-report-info-v1, fabric-data-attachment-api-v1, fabric-data-generation-api-v1, fabric-dimensions-v1, fabric-entity-events-v1, fabric-events-interaction-v0, fabric-game-rule-api-v1, fabric-gametest-api-v1, fabric-item-api-v1, fabric-item-group-api-v1, fabric-key-binding-api-v1, fabric-keybindings-v0, fabric-lifecycle-events-v1, fabric-loot-api-v2, fabric-loot-api-v3, fabric-message-api-v1, fabric-model-loading-api-v1, fabric-networking-api-v1, fabric-object-builder-api-v1, fabric-particles-v1, fabric-recipe-api-v1, fabric-registry-sync-v0, fabric-renderer-api-v1, fabric-renderer-indigo, fabric-rendering-data-attachment-v1, fabric-rendering-fluids-v1, fabric-rendering-v1, fabric-resource-conditions-api-v1, fabric-resource-loader-v0, fabric-screen-api-v1, fabric-screen-handler-api-v1, fabric-sound-api-v1, fabric-tag-api-v1, fabric-transfer-api-v1]
[20:12:23] [Render thread/DEBUG] (net.fabricmc.fabric.impl.resource.loader.ModResourcePackUtil) [Fabric] cur @ fabric, auto-enabled fabric-transitive-access-wideners-v1, currently enabled: [vanilla, fabric, fabric-api, fabric-api-base, fabric-api-lookup-api-v1, fabric-biome-api-v1, fabric-block-api-v1, fabric-block-view-api-v2, fabric-blockrenderlayer-v1, fabric-client-gametest-api-v1, fabric-client-tags-api-v1, fabric-command-api-v1, fabric-command-api-v2, fabric-commands-v0, fabric-content-registries-v0, fabric-convention-tags-v1, fabric-convention-tags-v2, fabric-crash-report-info-v1, fabric-data-attachment-api-v1, fabric-data-generation-api-v1, fabric-dimensions-v1, fabric-entity-events-v1, fabric-events-interaction-v0, fabric-game-rule-api-v1, fabric-gametest-api-v1, fabric-item-api-v1, fabric-item-group-api-v1, fabric-key-binding-api-v1, fabric-keybindings-v0, fabric-lifecycle-events-v1, fabric-loot-api-v2, fabric-loot-api-v3, fabric-message-api-v1, fabric-model-loading-api-v1, fabric-networking-api-v1, fabric-object-builder-api-v1, fabric-particles-v1, fabric-recipe-api-v1, fabric-registry-sync-v0, fabric-renderer-api-v1, fabric-renderer-indigo, fabric-rendering-data-attachment-v1, fabric-rendering-fluids-v1, fabric-rendering-v1, fabric-resource-conditions-api-v1, fabric-resource-loader-v0, fabric-screen-api-v1, fabric-screen-handler-api-v1, fabric-sound-api-v1, fabric-tag-api-v1, fabric-transfer-api-v1, fabric-transitive-access-wideners-v1]
[20:12:23] [Render thread/DEBUG] (net.fabricmc.fabric.impl.resource.loader.ModResourcePackUtil) [Fabric] cur @ fabric, auto-enabled fabricloader, currently enabled: [vanilla, fabric, fabric-api, fabric-api-base, fabric-api-lookup-api-v1, fabric-biome-api-v1, fabric-block-api-v1, fabric-block-view-api-v2, fabric-blockrenderlayer-v1, fabric-client-gametest-api-v1, fabric-client-tags-api-v1, fabric-command-api-v1, fabric-command-api-v2, fabric-commands-v0, fabric-content-registries-v0, fabric-convention-tags-v1, fabric-convention-tags-v2, fabric-crash-report-info-v1, fabric-data-attachment-api-v1, fabric-data-generation-api-v1, fabric-dimensions-v1, fabric-entity-events-v1, fabric-events-interaction-v0, fabric-game-rule-api-v1, fabric-gametest-api-v1, fabric-item-api-v1, fabric-item-group-api-v1, fabric-key-binding-api-v1, fabric-keybindings-v0, fabric-lifecycle-events-v1, fabric-loot-api-v2, fabric-loot-api-v3, fabric-message-api-v1, fabric-model-loading-api-v1, fabric-networking-api-v1, fabric-object-builder-api-v1, fabric-particles-v1, fabric-recipe-api-v1, fabric-registry-sync-v0, fabric-renderer-api-v1, fabric-renderer-indigo, fabric-rendering-data-attachment-v1, fabric-rendering-fluids-v1, fabric-rendering-v1, fabric-resource-conditions-api-v1, fabric-resource-loader-v0, fabric-screen-api-v1, fabric-screen-handler-api-v1, fabric-sound-api-v1, fabric-tag-api-v1, fabric-transfer-api-v1, fabric-transitive-access-wideners-v1, fabricloader]
[20:12:23] [Render thread/DEBUG] (net.fabricmc.fabric.impl.resource.loader.ModResourcePackUtil) [Fabric] cur @ fabric, auto-enabled vurstvisual, currently enabled: [vanilla, fabric, fabric-api, fabric-api-base, fabric-api-lookup-api-v1, fabric-biome-api-v1, fabric-block-api-v1, fabric-block-view-api-v2, fabric-blockrenderlayer-v1, fabric-client-gametest-api-v1, fabric-client-tags-api-v1, fabric-command-api-v1, fabric-command-api-v2, fabric-commands-v0, fabric-content-registries-v0, fabric-convention-tags-v1, fabric-convention-tags-v2, fabric-crash-report-info-v1, fabric-data-attachment-api-v1, fabric-data-generation-api-v1, fabric-dimensions-v1, fabric-entity-events-v1, fabric-events-interaction-v0, fabric-game-rule-api-v1, fabric-gametest-api-v1, fabric-item-api-v1, fabric-item-group-api-v1, fabric-key-binding-api-v1, fabric-keybindings-v0, fabric-lifecycle-events-v1, fabric-loot-api-v2, fabric-loot-api-v3, fabric-message-api-v1, fabric-model-loading-api-v1, fabric-networking-api-v1, fabric-object-builder-api-v1, fabric-particles-v1, fabric-recipe-api-v1, fabric-registry-sync-v0, fabric-renderer-api-v1, fabric-renderer-indigo, fabric-rendering-data-attachment-v1, fabric-rendering-fluids-v1, fabric-rendering-v1, fabric-resource-conditions-api-v1, fabric-resource-loader-v0, fabric-screen-api-v1, fabric-screen-handler-api-v1, fabric-sound-api-v1, fabric-tag-api-v1, fabric-transfer-api-v1, fabric-transitive-access-wideners-v1, fabricloader, vurstvisual]
[20:12:23] [Render thread/DEBUG] (net.fabricmc.fabric.impl.resource.loader.ModResourcePackUtil) [Fabric] Final sorting result: [vanilla, fabric, fabric-api, fabric-api-base, fabric-api-lookup-api-v1, fabric-biome-api-v1, fabric-block-api-v1, fabric-block-view-api-v2, fabric-blockrenderlayer-v1, fabric-client-gametest-api-v1, fabric-client-tags-api-v1, fabric-command-api-v1, fabric-command-api-v2, fabric-commands-v0, fabric-content-registries-v0, fabric-convention-tags-v1, fabric-convention-tags-v2, fabric-crash-report-info-v1, fabric-data-attachment-api-v1, fabric-data-generation-api-v1, fabric-dimensions-v1, fabric-entity-events-v1, fabric-events-interaction-v0, fabric-game-rule-api-v1, fabric-gametest-api-v1, fabric-item-api-v1, fabric-item-group-api-v1, fabric-key-binding-api-v1, fabric-keybindings-v0, fabric-lifecycle-events-v1, fabric-loot-api-v2, fabric-loot-api-v3, fabric-message-api-v1, fabric-model-loading-api-v1, fabric-networking-api-v1, fabric-object-builder-api-v1, fabric-particles-v1, fabric-recipe-api-v1, fabric-registry-sync-v0, fabric-renderer-api-v1, fabric-renderer-indigo, fabric-rendering-data-attachment-v1, fabric-rendering-fluids-v1, fabric-rendering-v1, fabric-resource-conditions-api-v1, fabric-resource-loader-v0, fabric-screen-api-v1, fabric-screen-handler-api-v1, fabric-sound-api-v1, fabric-tag-api-v1, fabric-transfer-api-v1, fabric-transitive-access-wideners-v1, fabricloader, vurstvisual]
[20:12:39] [Render thread/DEBUG] (net.fabricmc.fabric.impl.resource.loader.ModResourcePackUtil) [Fabric] Starting internal pack sorting with: [vanilla, fabric, fabric-api, fabric-api-base, fabric-api-lookup-api-v1, fabric-biome-api-v1, fabric-block-api-v1, fabric-block-view-api-v2, fabric-blockrenderlayer-v1, fabric-client-gametest-api-v1, fabric-client-tags-api-v1, fabric-command-api-v1, fabric-command-api-v2, fabric-commands-v0, fabric-content-registries-v0, fabric-convention-tags-v1, fabric-convention-tags-v2, fabric-crash-report-info-v1, fabric-data-attachment-api-v1, fabric-data-generation-api-v1, fabric-dimensions-v1, fabric-entity-events-v1, fabric-events-interaction-v0, fabric-game-rule-api-v1, fabric-gametest-api-v1, fabric-item-api-v1, fabric-item-group-api-v1, fabric-item-group-api-v1_programmer_art, fabric-key-binding-api-v1, fabric-keybindings-v0, fabric-lifecycle-events-v1, fabric-loot-api-v2, fabric-loot-api-v3, fabric-message-api-v1, fabric-model-loading-api-v1, fabric-networking-api-v1, fabric-object-builder-api-v1, fabric-particles-v1, fabric-recipe-api-v1, fabric-registry-sync-v0, fabric-renderer-api-v1, fabric-renderer-indigo, fabric-rendering-data-attachment-v1, fabric-rendering-fluids-v1, fabric-rendering-v1, fabric-resource-conditions-api-v1, fabric-resource-loader-v0, fabric-screen-api-v1, fabric-screen-handler-api-v1, fabric-sound-api-v1, fabric-tag-api-v1, fabric-transfer-api-v1, fabric-transitive-access-wideners-v1, fabricloader, vurstvisual]
[20:12:39] [Render thread/DEBUG] (net.fabricmc.fabric.impl.resource.loader.ModResourcePackUtil) [Fabric] Removed all internal packs, result: [vanilla, fabric]
[20:12:39] [Render thread/DEBUG] (net.fabricmc.fabric.impl.resource.loader.ModResourcePackUtil) [Fabric] cur @ fabric, auto-enabled fabric-api, currently enabled: [vanilla, fabric, fabric-api]
[20:12:39] [Render thread/DEBUG] (net.fabricmc.fabric.impl.resource.loader.ModResourcePackUtil) [Fabric] cur @ fabric, auto-enabled fabric-api-base, currently enabled: [vanilla, fabric, fabric-api, fabric-api-base]
[20:12:39] [Render thread/DEBUG] (net.fabricmc.fabric.impl.resource.loader.ModResourcePackUtil) [Fabric] cur @ fabric, auto-enabled fabric-api-lookup-api-v1, currently enabled: [vanilla, fabric, fabric-api, fabric-api-base, fabric-api-lookup-api-v1]
[20:12:39] [Render thread/DEBUG] (net.fabricmc.fabric.impl.resource.loader.ModResourcePackUtil) [Fabric] cur @ fabric, auto-enabled fabric-biome-api-v1, currently enabled: [vanilla, fabric, fabric-api, fabric-api-base, fabric-api-lookup-api-v1, fabric-biome-api-v1]
[20:12:39] [Render thread/DEBUG] (net.fabricmc.fabric.impl.resource.loader.ModResourcePackUtil) [Fabric] cur @ fabric, auto-enabled fabric-block-api-v1, currently enabled: [vanilla, fabric, fabric-api, fabric-api-base, fabric-api-lookup-api-v1, fabric-biome-api-v1, fabric-block-api-v1]
[20:12:39] [Render thread/DEBUG] (net.fabricmc.fabric.impl.resource.loader.ModResourcePackUtil) [Fabric] cur @ fabric, auto-enabled fabric-block-view-api-v2, currently enabled: [vanilla, fabric, fabric-api, fabric-api-base, fabric-api-lookup-api-v1, fabric-biome-api-v1, fabric-block-api-v1, fabric-block-view-api-v2]
[20:12:39] [Render thread/DEBUG] (net.fabricmc.fabric.impl.resource.loader.ModResourcePackUtil) [Fabric] cur @ fabric, auto-enabled fabric-blockrenderlayer-v1, currently enabled: [vanilla, fabric, fabric-api, fabric-api-base, fabric-api-lookup-api-v1, fabric-biome-api-v1, fabric-block-api-v1, fabric-block-view-api-v2, fabric-blockrenderlayer-v1]
[20:12:39] [Render thread/DEBUG] (net.fabricmc.fabric.impl.resource.loader.ModResourcePackUtil) [Fabric] cur @ fabric, auto-enabled fabric-client-gametest-api-v1, currently enabled: [vanilla, fabric, fabric-api, fabric-api-base, fabric-api-lookup-api-v1, fabric-biome-api-v1, fabric-block-api-v1, fabric-block-view-api-v2, fabric-blockrenderlayer-v1, fabric-client-gametest-api-v1]
[20:12:39] [Render thread/DEBUG] (net.fabricmc.fabric.impl.resource.loader.ModResourcePackUtil) [Fabric] cur @ fabric, auto-enabled fabric-client-tags-api-v1, currently enabled: [vanilla, fabric, fabric-api, fabric-api-base, fabric-api-lookup-api-v1, fabric-biome-api-v1, fabric-block-api-v1, fabric-block-view-api-v2, fabric-blockrenderlayer-v1, fabric-client-gametest-api-v1, fabric-client-tags-api-v1]
[20:12:39] [Render thread/DEBUG] (net.fabricmc.fabric.impl.resource.loader.ModResourcePackUtil) [Fabric] cur @ fabric, auto-enabled fabric-command-api-v1, currently enabled: [vanilla, fabric, fabric-api, fabric-api-base, fabric-api-lookup-api-v1, fabric-biome-api-v1, fabric-block-api-v1, fabric-block-view-api-v2, fabric-blockrenderlayer-v1, fabric-client-gametest-api-v1, fabric-client-tags-api-v1, fabric-command-api-v1]
[20:12:39] [Render thread/DEBUG] (net.fabricmc.fabric.impl.resource.loader.ModResourcePackUtil) [Fabric] cur @ fabric, auto-enabled fabric-command-api-v2, currently enabled: [vanilla, fabric, fabric-api, fabric-api-base, fabric-api-lookup-api-v1, fabric-biome-api-v1, fabric-block-api-v1, fabric-block-view-api-v2, fabric-blockrenderlayer-v1, fabric-client-gametest-api-v1, fabric-client-tags-api-v1, fabric-command-api-v1, fabric-command-api-v2]
[20:12:39] [Render thread/DEBUG] (net.fabricmc.fabric.impl.resource.loader.ModResourcePackUtil) [Fabric] cur @ fabric, auto-enabled fabric-commands-v0, currently enabled: [vanilla, fabric, fabric-api, fabric-api-base, fabric-api-lookup-api-v1, fabric-biome-api-v1, fabric-block-api-v1, fabric-block-view-api-v2, fabric-blockrenderlayer-v1, fabric-client-gametest-api-v1, fabric-client-tags-api-v1, fabric-command-api-v1, fabric-command-api-v2, fabric-commands-v0]
[20:12:39] [Render thread/DEBUG] (net.fabricmc.fabric.impl.resource.loader.ModResourcePackUtil) [Fabric] cur @ fabric, auto-enabled fabric-content-registries-v0, currently enabled: [vanilla, fabric, fabric-api, fabric-api-base, fabric-api-lookup-api-v1, fabric-biome-api-v1, fabric-block-api-v1, fabric-block-view-api-v2, fabric-blockrenderlayer-v1, fabric-client-gametest-api-v1, fabric-client-tags-api-v1, fabric-command-api-v1, fabric-command-api-v2, fabric-commands-v0, fabric-content-registries-v0]
[20:12:39] [Render thread/DEBUG] (net.fabricmc.fabric.impl.resource.loader.ModResourcePackUtil) [Fabric] cur @ fabric, auto-enabled fabric-convention-tags-v1, currently enabled: [vanilla, fabric, fabric-api, fabric-api-base, fabric-api-lookup-api-v1, fabric-biome-api-v1, fabric-block-api-v1, fabric-block-view-api-v2, fabric-blockrenderlayer-v1, fabric-client-gametest-api-v1, fabric-client-tags-api-v1, fabric-command-api-v1, fabric-command-api-v2, fabric-commands-v0, fabric-content-registries-v0, fabric-convention-tags-v1]
[20:12:39] [Render thread/DEBUG] (net.fabricmc.fabric.impl.resource.loader.ModResourcePackUtil) [Fabric] cur @ fabric, auto-enabled fabric-convention-tags-v2, currently enabled: [vanilla, fabric, fabric-api, fabric-api-base, fabric-api-lookup-api-v1, fabric-biome-api-v1, fabric-block-api-v1, fabric-block-view-api-v2, fabric-blockrenderlayer-v1, fabric-client-gametest-api-v1, fabric-client-tags-api-v1, fabric-command-api-v1, fabric-command-api-v2, fabric-commands-v0, fabric-content-registries-v0, fabric-convention-tags-v1, fabric-convention-tags-v2]
[20:12:39] [Render thread/DEBUG] (net.fabricmc.fabric.impl.resource.loader.ModResourcePackUtil) [Fabric] cur @ fabric, auto-enabled fabric-crash-report-info-v1, currently enabled: [vanilla, fabric, fabric-api, fabric-api-base, fabric-api-lookup-api-v1, fabric-biome-api-v1, fabric-block-api-v1, fabric-block-view-api-v2, fabric-blockrenderlayer-v1, fabric-client-gametest-api-v1, fabric-client-tags-api-v1, fabric-command-api-v1, fabric-command-api-v2, fabric-commands-v0, fabric-content-registries-v0, fabric-convention-tags-v1, fabric-convention-tags-v2, fabric-crash-report-info-v1]
[20:12:39] [Render thread/DEBUG] (net.fabricmc.fabric.impl.resource.loader.ModResourcePackUtil) [Fabric] cur @ fabric, auto-enabled fabric-data-attachment-api-v1, currently enabled: [vanilla, fabric, fabric-api, fabric-api-base, fabric-api-lookup-api-v1, fabric-biome-api-v1, fabric-block-api-v1, fabric-block-view-api-v2, fabric-blockrenderlayer-v1, fabric-client-gametest-api-v1, fabric-client-tags-api-v1, fabric-command-api-v1, fabric-command-api-v2, fabric-commands-v0, fabric-content-registries-v0, fabric-convention-tags-v1, fabric-convention-tags-v2, fabric-crash-report-info-v1, fabric-data-attachment-api-v1]
[20:12:39] [Render thread/DEBUG] (net.fabricmc.fabric.impl.resource.loader.ModResourcePackUtil) [Fabric] cur @ fabric, auto-enabled fabric-data-generation-api-v1, currently enabled: [vanilla, fabric, fabric-api, fabric-api-base, fabric-api-lookup-api-v1, fabric-biome-api-v1, fabric-block-api-v1, fabric-block-view-api-v2, fabric-blockrenderlayer-v1, fabric-client-gametest-api-v1, fabric-client-tags-api-v1, fabric-command-api-v1, fabric-command-api-v2, fabric-commands-v0, fabric-content-registries-v0, fabric-convention-tags-v1, fabric-convention-tags-v2, fabric-crash-report-info-v1, fabric-data-attachment-api-v1, fabric-data-generation-api-v1]
[20:12:39] [Render thread/DEBUG] (net.fabricmc.fabric.impl.resource.loader.ModResourcePackUtil) [Fabric] cur @ fabric, auto-enabled fabric-dimensions-v1, currently enabled: [vanilla, fabric, fabric-api, fabric-api-base, fabric-api-lookup-api-v1, fabric-biome-api-v1, fabric-block-api-v1, fabric-block-view-api-v2, fabric-blockrenderlayer-v1, fabric-client-gametest-api-v1, fabric-client-tags-api-v1, fabric-command-api-v1, fabric-command-api-v2, fabric-commands-v0, fabric-content-registries-v0, fabric-convention-tags-v1, fabric-convention-tags-v2, fabric-crash-report-info-v1, fabric-data-attachment-api-v1, fabric-data-generation-api-v1, fabric-dimensions-v1]
[20:12:39] [Render thread/DEBUG] (net.fabricmc.fabric.impl.resource.loader.ModResourcePackUtil) [Fabric] cur @ fabric, auto-enabled fabric-entity-events-v1, currently enabled: [vanilla, fabric, fabric-api, fabric-api-base, fabric-api-lookup-api-v1, fabric-biome-api-v1, fabric-block-api-v1, fabric-block-view-api-v2, fabric-blockrenderlayer-v1, fabric-client-gametest-api-v1, fabric-client-tags-api-v1, fabric-command-api-v1, fabric-command-api-v2, fabric-commands-v0, fabric-content-registries-v0, fabric-convention-tags-v1, fabric-convention-tags-v2, fabric-crash-report-info-v1, fabric-data-attachment-api-v1, fabric-data-generation-api-v1, fabric-dimensions-v1, fabric-entity-events-v1]
[20:12:39] [Render thread/DEBUG] (net.fabricmc.fabric.impl.resource.loader.ModResourcePackUtil) [Fabric] cur @ fabric, auto-enabled fabric-events-interaction-v0, currently enabled: [vanilla, fabric, fabric-api, fabric-api-base, fabric-api-lookup-api-v1, fabric-biome-api-v1, fabric-block-api-v1, fabric-block-view-api-v2, fabric-blockrenderlayer-v1, fabric-client-gametest-api-v1, fabric-client-tags-api-v1, fabric-command-api-v1, fabric-command-api-v2, fabric-commands-v0, fabric-content-registries-v0, fabric-convention-tags-v1, fabric-convention-tags-v2, fabric-crash-report-info-v1, fabric-data-attachment-api-v1, fabric-data-generation-api-v1, fabric-dimensions-v1, fabric-entity-events-v1, fabric-events-interaction-v0]
[20:12:39] [Render thread/DEBUG] (net.fabricmc.fabric.impl.resource.loader.ModResourcePackUtil) [Fabric] cur @ fabric, auto-enabled fabric-game-rule-api-v1, currently enabled: [vanilla, fabric, fabric-api, fabric-api-base, fabric-api-lookup-api-v1, fabric-biome-api-v1, fabric-block-api-v1, fabric-block-view-api-v2, fabric-blockrenderlayer-v1, fabric-client-gametest-api-v1, fabric-client-tags-api-v1, fabric-command-api-v1, fabric-command-api-v2, fabric-commands-v0, fabric-content-registries-v0, fabric-convention-tags-v1, fabric-convention-tags-v2, fabric-crash-report-info-v1, fabric-data-attachment-api-v1, fabric-data-generation-api-v1, fabric-dimensions-v1, fabric-entity-events-v1, fabric-events-interaction-v0, fabric-game-rule-api-v1]
[20:12:39] [Render thread/DEBUG] (net.fabricmc.fabric.impl.resource.loader.ModResourcePackUtil) [Fabric] cur @ fabric, auto-enabled fabric-gametest-api-v1, currently enabled: [vanilla, fabric, fabric-api, fabric-api-base, fabric-api-lookup-api-v1, fabric-biome-api-v1, fabric-block-api-v1, fabric-block-view-api-v2, fabric-blockrenderlayer-v1, fabric-client-gametest-api-v1, fabric-client-tags-api-v1, fabric-command-api-v1, fabric-command-api-v2, fabric-commands-v0, fabric-content-registries-v0, fabric-convention-tags-v1, fabric-convention-tags-v2, fabric-crash-report-info-v1, fabric-data-attachment-api-v1, fabric-data-generation-api-v1, fabric-dimensions-v1, fabric-entity-events-v1, fabric-events-interaction-v0, fabric-game-rule-api-v1, fabric-gametest-api-v1]
[20:12:39] [Render thread/DEBUG] (net.fabricmc.fabric.impl.resource.loader.ModResourcePackUtil) [Fabric] cur @ fabric, auto-enabled fabric-item-api-v1, currently enabled: [vanilla, fabric, fabric-api, fabric-api-base, fabric-api-lookup-api-v1, fabric-biome-api-v1, fabric-block-api-v1, fabric-block-view-api-v2, fabric-blockrenderlayer-v1, fabric-client-gametest-api-v1, fabric-client-tags-api-v1, fabric-command-api-v1, fabric-command-api-v2, fabric-commands-v0, fabric-content-registries-v0, fabric-convention-tags-v1, fabric-convention-tags-v2, fabric-crash-report-info-v1, fabric-data-attachment-api-v1, fabric-data-generation-api-v1, fabric-dimensions-v1, fabric-entity-events-v1, fabric-events-interaction-v0, fabric-game-rule-api-v1, fabric-gametest-api-v1, fabric-item-api-v1]
[20:12:39] [Render thread/DEBUG] (net.fabricmc.fabric.impl.resource.loader.ModResourcePackUtil) [Fabric] cur @ fabric, auto-enabled fabric-item-group-api-v1, currently enabled: [vanilla, fabric, fabric-api, fabric-api-base, fabric-api-lookup-api-v1, fabric-biome-api-v1, fabric-block-api-v1, fabric-block-view-api-v2, fabric-blockrenderlayer-v1, fabric-client-gametest-api-v1, fabric-client-tags-api-v1, fabric-command-api-v1, fabric-command-api-v2, fabric-commands-v0, fabric-content-registries-v0, fabric-convention-tags-v1, fabric-convention-tags-v2, fabric-crash-report-info-v1, fabric-data-attachment-api-v1, fabric-data-generation-api-v1, fabric-dimensions-v1, fabric-entity-events-v1, fabric-events-interaction-v0, fabric-game-rule-api-v1, fabric-gametest-api-v1, fabric-item-api-v1, fabric-item-group-api-v1]
[20:12:39] [Render thread/DEBUG] (net.fabricmc.fabric.impl.resource.loader.ModResourcePackUtil) [Fabric] cur @ fabric, auto-enabled fabric-key-binding-api-v1, currently enabled: [vanilla, fabric, fabric-api, fabric-api-base, fabric-api-lookup-api-v1, fabric-biome-api-v1, fabric-block-api-v1, fabric-block-view-api-v2, fabric-blockrenderlayer-v1, fabric-client-gametest-api-v1, fabric-client-tags-api-v1, fabric-command-api-v1, fabric-command-api-v2, fabric-commands-v0, fabric-content-registries-v0, fabric-convention-tags-v1, fabric-convention-tags-v2, fabric-crash-report-info-v1, fabric-data-attachment-api-v1, fabric-data-generation-api-v1, fabric-dimensions-v1, fabric-entity-events-v1, fabric-events-interaction-v0, fabric-game-rule-api-v1, fabric-gametest-api-v1, fabric-item-api-v1, fabric-item-group-api-v1, fabric-key-binding-api-v1]
[20:12:39] [Render thread/DEBUG] (net.fabricmc.fabric.impl.resource.loader.ModResourcePackUtil) [Fabric] cur @ fabric, auto-enabled fabric-keybindings-v0, currently enabled: [vanilla, fabric, fabric-api, fabric-api-base, fabric-api-lookup-api-v1, fabric-biome-api-v1, fabric-block-api-v1, fabric-block-view-api-v2, fabric-blockrenderlayer-v1, fabric-client-gametest-api-v1, fabric-client-tags-api-v1, fabric-command-api-v1, fabric-command-api-v2, fabric-commands-v0, fabric-content-registries-v0, fabric-convention-tags-v1, fabric-convention-tags-v2, fabric-crash-report-info-v1, fabric-data-attachment-api-v1, fabric-data-generation-api-v1, fabric-dimensions-v1, fabric-entity-events-v1, fabric-events-interaction-v0, fabric-game-rule-api-v1, fabric-gametest-api-v1, fabric-item-api-v1, fabric-item-group-api-v1, fabric-key-binding-api-v1, fabric-keybindings-v0]
[20:12:39] [Render thread/DEBUG] (net.fabricmc.fabric.impl.resource.loader.ModResourcePackUtil) [Fabric] cur @ fabric, auto-enabled fabric-lifecycle-events-v1, currently enabled: [vanilla, fabric, fabric-api, fabric-api-base, fabric-api-lookup-api-v1, fabric-biome-api-v1, fabric-block-api-v1, fabric-block-view-api-v2, fabric-blockrenderlayer-v1, fabric-client-gametest-api-v1, fabric-client-tags-api-v1, fabric-command-api-v1, fabric-command-api-v2, fabric-commands-v0, fabric-content-registries-v0, fabric-convention-tags-v1, fabric-convention-tags-v2, fabric-crash-report-info-v1, fabric-data-attachment-api-v1, fabric-data-generation-api-v1, fabric-dimensions-v1, fabric-entity-events-v1, fabric-events-interaction-v0, fabric-game-rule-api-v1, fabric-gametest-api-v1, fabric-item-api-v1, fabric-item-group-api-v1, fabric-key-binding-api-v1, fabric-keybindings-v0, fabric-lifecycle-events-v1]
[20:12:39] [Render thread/DEBUG] (net.fabricmc.fabric.impl.resource.loader.ModResourcePackUtil) [Fabric] cur @ fabric, auto-enabled fabric-loot-api-v2, currently enabled: [vanilla, fabric, fabric-api, fabric-api-base, fabric-api-lookup-api-v1, fabric-biome-api-v1, fabric-block-api-v1, fabric-block-view-api-v2, fabric-blockrenderlayer-v1, fabric-client-gametest-api-v1, fabric-client-tags-api-v1, fabric-command-api-v1, fabric-command-api-v2, fabric-commands-v0, fabric-content-registries-v0, fabric-convention-tags-v1, fabric-convention-tags-v2, fabric-crash-report-info-v1, fabric-data-attachment-api-v1, fabric-data-generation-api-v1, fabric-dimensions-v1, fabric-entity-events-v1, fabric-events-interaction-v0, fabric-game-rule-api-v1, fabric-gametest-api-v1, fabric-item-api-v1, fabric-item-group-api-v1, fabric-key-binding-api-v1, fabric-keybindings-v0, fabric-lifecycle-events-v1, fabric-loot-api-v2]
[20:12:39] [Render thread/DEBUG] (net.fabricmc.fabric.impl.resource.loader.ModResourcePackUtil) [Fabric] cur @ fabric, auto-enabled fabric-loot-api-v3, currently enabled: [vanilla, fabric, fabric-api, fabric-api-base, fabric-api-lookup-api-v1, fabric-biome-api-v1, fabric-block-api-v1, fabric-block-view-api-v2, fabric-blockrenderlayer-v1, fabric-client-gametest-api-v1, fabric-client-tags-api-v1, fabric-command-api-v1, fabric-command-api-v2, fabric-commands-v0, fabric-content-registries-v0, fabric-convention-tags-v1, fabric-convention-tags-v2, fabric-crash-report-info-v1, fabric-data-attachment-api-v1, fabric-data-generation-api-v1, fabric-dimensions-v1, fabric-entity-events-v1, fabric-events-interaction-v0, fabric-game-rule-api-v1, fabric-gametest-api-v1, fabric-item-api-v1, fabric-item-group-api-v1, fabric-key-binding-api-v1, fabric-keybindings-v0, fabric-lifecycle-events-v1, fabric-loot-api-v2, fabric-loot-api-v3]
[20:12:39] [Render thread/DEBUG] (net.fabricmc.fabric.impl.resource.loader.ModResourcePackUtil) [Fabric] cur @ fabric, auto-enabled fabric-message-api-v1, currently enabled: [vanilla, fabric, fabric-api, fabric-api-base, fabric-api-lookup-api-v1, fabric-biome-api-v1, fabric-block-api-v1, fabric-block-view-api-v2, fabric-blockrenderlayer-v1, fabric-client-gametest-api-v1, fabric-client-tags-api-v1, fabric-command-api-v1, fabric-command-api-v2, fabric-commands-v0, fabric-content-registries-v0, fabric-convention-tags-v1, fabric-convention-tags-v2, fabric-crash-report-info-v1, fabric-data-attachment-api-v1, fabric-data-generation-api-v1, fabric-dimensions-v1, fabric-entity-events-v1, fabric-events-interaction-v0, fabric-game-rule-api-v1, fabric-gametest-api-v1, fabric-item-api-v1, fabric-item-group-api-v1, fabric-key-binding-api-v1, fabric-keybindings-v0, fabric-lifecycle-events-v1, fabric-loot-api-v2, fabric-loot-api-v3, fabric-message-api-v1]
[20:12:39] [Render thread/DEBUG] (net.fabricmc.fabric.impl.resource.loader.ModResourcePackUtil) [Fabric] cur @ fabric, auto-enabled fabric-model-loading-api-v1, currently enabled: [vanilla, fabric, fabric-api, fabric-api-base, fabric-api-lookup-api-v1, fabric-biome-api-v1, fabric-block-api-v1, fabric-block-view-api-v2, fabric-blockrenderlayer-v1, fabric-client-gametest-api-v1, fabric-client-tags-api-v1, fabric-command-api-v1, fabric-command-api-v2, fabric-commands-v0, fabric-content-registries-v0, fabric-convention-tags-v1, fabric-convention-tags-v2, fabric-crash-report-info-v1, fabric-data-attachment-api-v1, fabric-data-generation-api-v1, fabric-dimensions-v1, fabric-entity-events-v1, fabric-events-interaction-v0, fabric-game-rule-api-v1, fabric-gametest-api-v1, fabric-item-api-v1, fabric-item-group-api-v1, fabric-key-binding-api-v1, fabric-keybindings-v0, fabric-lifecycle-events-v1, fabric-loot-api-v2, fabric-loot-api-v3, fabric-message-api-v1, fabric-model-loading-api-v1]
[20:12:39] [Render thread/DEBUG] (net.fabricmc.fabric.impl.resource.loader.ModResourcePackUtil) [Fabric] cur @ fabric, auto-enabled fabric-networking-api-v1, currently enabled: [vanilla, fabric, fabric-api, fabric-api-base, fabric-api-lookup-api-v1, fabric-biome-api-v1, fabric-block-api-v1, fabric-block-view-api-v2, fabric-blockrenderlayer-v1, fabric-client-gametest-api-v1, fabric-client-tags-api-v1, fabric-command-api-v1, fabric-command-api-v2, fabric-commands-v0, fabric-content-registries-v0, fabric-convention-tags-v1, fabric-convention-tags-v2, fabric-crash-report-info-v1, fabric-data-attachment-api-v1, fabric-data-generation-api-v1, fabric-dimensions-v1, fabric-entity-events-v1, fabric-events-interaction-v0, fabric-game-rule-api-v1, fabric-gametest-api-v1, fabric-item-api-v1, fabric-item-group-api-v1, fabric-key-binding-api-v1, fabric-keybindings-v0, fabric-lifecycle-events-v1, fabric-loot-api-v2, fabric-loot-api-v3, fabric-message-api-v1, fabric-model-loading-api-v1, fabric-networking-api-v1]
[20:12:39] [Render thread/DEBUG] (net.fabricmc.fabric.impl.resource.loader.ModResourcePackUtil) [Fabric] cur @ fabric, auto-enabled fabric-object-builder-api-v1, currently enabled: [vanilla, fabric, fabric-api, fabric-api-base, fabric-api-lookup-api-v1, fabric-biome-api-v1, fabric-block-api-v1, fabric-block-view-api-v2, fabric-blockrenderlayer-v1, fabric-client-gametest-api-v1, fabric-client-tags-api-v1, fabric-command-api-v1, fabric-command-api-v2, fabric-commands-v0, fabric-content-registries-v0, fabric-convention-tags-v1, fabric-convention-tags-v2, fabric-crash-report-info-v1, fabric-data-attachment-api-v1, fabric-data-generation-api-v1, fabric-dimensions-v1, fabric-entity-events-v1, fabric-events-interaction-v0, fabric-game-rule-api-v1, fabric-gametest-api-v1, fabric-item-api-v1, fabric-item-group-api-v1, fabric-key-binding-api-v1, fabric-keybindings-v0, fabric-lifecycle-events-v1, fabric-loot-api-v2, fabric-loot-api-v3, fabric-message-api-v1, fabric-model-loading-api-v1, fabric-networking-api-v1, fabric-object-builder-api-v1]
[20:12:39] [Render thread/DEBUG] (net.fabricmc.fabric.impl.resource.loader.ModResourcePackUtil) [Fabric] cur @ fabric, auto-enabled fabric-particles-v1, currently enabled: [vanilla, fabric, fabric-api, fabric-api-base, fabric-api-lookup-api-v1, fabric-biome-api-v1, fabric-block-api-v1, fabric-block-view-api-v2, fabric-blockrenderlayer-v1, fabric-client-gametest-api-v1, fabric-client-tags-api-v1, fabric-command-api-v1, fabric-command-api-v2, fabric-commands-v0, fabric-content-registries-v0, fabric-convention-tags-v1, fabric-convention-tags-v2, fabric-crash-report-info-v1, fabric-data-attachment-api-v1, fabric-data-generation-api-v1, fabric-dimensions-v1, fabric-entity-events-v1, fabric-events-interaction-v0, fabric-game-rule-api-v1, fabric-gametest-api-v1, fabric-item-api-v1, fabric-item-group-api-v1, fabric-key-binding-api-v1, fabric-keybindings-v0, fabric-lifecycle-events-v1, fabric-loot-api-v2, fabric-loot-api-v3, fabric-message-api-v1, fabric-model-loading-api-v1, fabric-networking-api-v1, fabric-object-builder-api-v1, fabric-particles-v1]
[20:12:39] [Render thread/DEBUG] (net.fabricmc.fabric.impl.resource.loader.ModResourcePackUtil) [Fabric] cur @ fabric, auto-enabled fabric-recipe-api-v1, currently enabled: [vanilla, fabric, fabric-api, fabric-api-base, fabric-api-lookup-api-v1, fabric-biome-api-v1, fabric-block-api-v1, fabric-block-view-api-v2, fabric-blockrenderlayer-v1, fabric-client-gametest-api-v1, fabric-client-tags-api-v1, fabric-command-api-v1, fabric-command-api-v2, fabric-commands-v0, fabric-content-registries-v0, fabric-convention-tags-v1, fabric-convention-tags-v2, fabric-crash-report-info-v1, fabric-data-attachment-api-v1, fabric-data-generation-api-v1, fabric-dimensions-v1, fabric-entity-events-v1, fabric-events-interaction-v0, fabric-game-rule-api-v1, fabric-gametest-api-v1, fabric-item-api-v1, fabric-item-group-api-v1, fabric-key-binding-api-v1, fabric-keybindings-v0, fabric-lifecycle-events-v1, fabric-loot-api-v2, fabric-loot-api-v3, fabric-message-api-v1, fabric-model-loading-api-v1, fabric-networking-api-v1, fabric-object-builder-api-v1, fabric-particles-v1, fabric-recipe-api-v1]
[20:12:39] [Render thread/DEBUG] (net.fabricmc.fabric.impl.resource.loader.ModResourcePackUtil) [Fabric] cur @ fabric, auto-enabled fabric-registry-sync-v0, currently enabled: [vanilla, fabric, fabric-api, fabric-api-base, fabric-api-lookup-api-v1, fabric-biome-api-v1, fabric-block-api-v1, fabric-block-view-api-v2, fabric-blockrenderlayer-v1, fabric-client-gametest-api-v1, fabric-client-tags-api-v1, fabric-command-api-v1, fabric-command-api-v2, fabric-commands-v0, fabric-content-registries-v0, fabric-convention-tags-v1, fabric-convention-tags-v2, fabric-crash-report-info-v1, fabric-data-attachment-api-v1, fabric-data-generation-api-v1, fabric-dimensions-v1, fabric-entity-events-v1, fabric-events-interaction-v0, fabric-game-rule-api-v1, fabric-gametest-api-v1, fabric-item-api-v1, fabric-item-group-api-v1, fabric-key-binding-api-v1, fabric-keybindings-v0, fabric-lifecycle-events-v1, fabric-loot-api-v2, fabric-loot-api-v3, fabric-message-api-v1, fabric-model-loading-api-v1, fabric-networking-api-v1, fabric-object-builder-api-v1, fabric-particles-v1, fabric-recipe-api-v1, fabric-registry-sync-v0]
[20:12:39] [Render thread/DEBUG] (net.fabricmc.fabric.impl.resource.loader.ModResourcePackUtil) [Fabric] cur @ fabric, auto-enabled fabric-renderer-api-v1, currently enabled: [vanilla, fabric, fabric-api, fabric-api-base, fabric-api-lookup-api-v1, fabric-biome-api-v1, fabric-block-api-v1, fabric-block-view-api-v2, fabric-blockrenderlayer-v1, fabric-client-gametest-api-v1, fabric-client-tags-api-v1, fabric-command-api-v1, fabric-command-api-v2, fabric-commands-v0, fabric-content-registries-v0, fabric-convention-tags-v1, fabric-convention-tags-v2, fabric-crash-report-info-v1, fabric-data-attachment-api-v1, fabric-data-generation-api-v1, fabric-dimensions-v1, fabric-entity-events-v1, fabric-events-interaction-v0, fabric-game-rule-api-v1, fabric-gametest-api-v1, fabric-item-api-v1, fabric-item-group-api-v1, fabric-key-binding-api-v1, fabric-keybindings-v0, fabric-lifecycle-events-v1, fabric-loot-api-v2, fabric-loot-api-v3, fabric-message-api-v1, fabric-model-loading-api-v1, fabric-networking-api-v1, fabric-object-builder-api-v1, fabric-particles-v1, fabric-recipe-api-v1, fabric-registry-sync-v0, fabric-renderer-api-v1]
[20:12:39] [Render thread/DEBUG] (net.fabricmc.fabric.impl.resource.loader.ModResourcePackUtil) [Fabric] cur @ fabric, auto-enabled fabric-renderer-indigo, currently enabled: [vanilla, fabric, fabric-api, fabric-api-base, fabric-api-lookup-api-v1, fabric-biome-api-v1, fabric-block-api-v1, fabric-block-view-api-v2, fabric-blockrenderlayer-v1, fabric-client-gametest-api-v1, fabric-client-tags-api-v1, fabric-command-api-v1, fabric-command-api-v2, fabric-commands-v0, fabric-content-registries-v0, fabric-convention-tags-v1, fabric-convention-tags-v2, fabric-crash-report-info-v1, fabric-data-attachment-api-v1, fabric-data-generation-api-v1, fabric-dimensions-v1, fabric-entity-events-v1, fabric-events-interaction-v0, fabric-game-rule-api-v1, fabric-gametest-api-v1, fabric-item-api-v1, fabric-item-group-api-v1, fabric-key-binding-api-v1, fabric-keybindings-v0, fabric-lifecycle-events-v1, fabric-loot-api-v2, fabric-loot-api-v3, fabric-message-api-v1, fabric-model-loading-api-v1, fabric-networking-api-v1, fabric-object-builder-api-v1, fabric-particles-v1, fabric-recipe-api-v1, fabric-registry-sync-v0, fabric-renderer-api-v1, fabric-renderer-indigo]
[20:12:39] [Render thread/DEBUG] (net.fabricmc.fabric.impl.resource.loader.ModResourcePackUtil) [Fabric] cur @ fabric, auto-enabled fabric-rendering-data-attachment-v1, currently enabled: [vanilla, fabric, fabric-api, fabric-api-base, fabric-api-lookup-api-v1, fabric-biome-api-v1, fabric-block-api-v1, fabric-block-view-api-v2, fabric-blockrenderlayer-v1, fabric-client-gametest-api-v1, fabric-client-tags-api-v1, fabric-command-api-v1, fabric-command-api-v2, fabric-commands-v0, fabric-content-registries-v0, fabric-convention-tags-v1, fabric-convention-tags-v2, fabric-crash-report-info-v1, fabric-data-attachment-api-v1, fabric-data-generation-api-v1, fabric-dimensions-v1, fabric-entity-events-v1, fabric-events-interaction-v0, fabric-game-rule-api-v1, fabric-gametest-api-v1, fabric-item-api-v1, fabric-item-group-api-v1, fabric-key-binding-api-v1, fabric-keybindings-v0, fabric-lifecycle-events-v1, fabric-loot-api-v2, fabric-loot-api-v3, fabric-message-api-v1, fabric-model-loading-api-v1, fabric-networking-api-v1, fabric-object-builder-api-v1, fabric-particles-v1, fabric-recipe-api-v1, fabric-registry-sync-v0, fabric-renderer-api-v1, fabric-renderer-indigo, fabric-rendering-data-attachment-v1]
[20:12:39] [Render thread/DEBUG] (net.fabricmc.fabric.impl.resource.loader.ModResourcePackUtil) [Fabric] cur @ fabric, auto-enabled fabric-rendering-fluids-v1, currently enabled: [vanilla, fabric, fabric-api, fabric-api-base, fabric-api-lookup-api-v1, fabric-biome-api-v1, fabric-block-api-v1, fabric-block-view-api-v2, fabric-blockrenderlayer-v1, fabric-client-gametest-api-v1, fabric-client-tags-api-v1, fabric-command-api-v1, fabric-command-api-v2, fabric-commands-v0, fabric-content-registries-v0, fabric-convention-tags-v1, fabric-convention-tags-v2, fabric-crash-report-info-v1, fabric-data-attachment-api-v1, fabric-data-generation-api-v1, fabric-dimensions-v1, fabric-entity-events-v1, fabric-events-interaction-v0, fabric-game-rule-api-v1, fabric-gametest-api-v1, fabric-item-api-v1, fabric-item-group-api-v1, fabric-key-binding-api-v1, fabric-keybindings-v0, fabric-lifecycle-events-v1, fabric-loot-api-v2, fabric-loot-api-v3, fabric-message-api-v1, fabric-model-loading-api-v1, fabric-networking-api-v1, fabric-object-builder-api-v1, fabric-particles-v1, fabric-recipe-api-v1, fabric-registry-sync-v0, fabric-renderer-api-v1, fabric-renderer-indigo, fabric-rendering-data-attachment-v1, fabric-rendering-fluids-v1]
[20:12:39] [Render thread/DEBUG] (net.fabricmc.fabric.impl.resource.loader.ModResourcePackUtil) [Fabric] cur @ fabric, auto-enabled fabric-rendering-v1, currently enabled: [vanilla, fabric, fabric-api, fabric-api-base, fabric-api-lookup-api-v1, fabric-biome-api-v1, fabric-block-api-v1, fabric-block-view-api-v2, fabric-blockrenderlayer-v1, fabric-client-gametest-api-v1, fabric-client-tags-api-v1, fabric-command-api-v1, fabric-command-api-v2, fabric-commands-v0, fabric-content-registries-v0, fabric-convention-tags-v1, fabric-convention-tags-v2, fabric-crash-report-info-v1, fabric-data-attachment-api-v1, fabric-data-generation-api-v1, fabric-dimensions-v1, fabric-entity-events-v1, fabric-events-interaction-v0, fabric-game-rule-api-v1, fabric-gametest-api-v1, fabric-item-api-v1, fabric-item-group-api-v1, fabric-key-binding-api-v1, fabric-keybindings-v0, fabric-lifecycle-events-v1, fabric-loot-api-v2, fabric-loot-api-v3, fabric-message-api-v1, fabric-model-loading-api-v1, fabric-networking-api-v1, fabric-object-builder-api-v1, fabric-particles-v1, fabric-recipe-api-v1, fabric-registry-sync-v0, fabric-renderer-api-v1, fabric-renderer-indigo, fabric-rendering-data-attachment-v1, fabric-rendering-fluids-v1, fabric-rendering-v1]
[20:12:39] [Render thread/DEBUG] (net.fabricmc.fabric.impl.resource.loader.ModResourcePackUtil) [Fabric] cur @ fabric, auto-enabled fabric-resource-conditions-api-v1, currently enabled: [vanilla, fabric, fabric-api, fabric-api-base, fabric-api-lookup-api-v1, fabric-biome-api-v1, fabric-block-api-v1, fabric-block-view-api-v2, fabric-blockrenderlayer-v1, fabric-client-gametest-api-v1, fabric-client-tags-api-v1, fabric-command-api-v1, fabric-command-api-v2, fabric-commands-v0, fabric-content-registries-v0, fabric-convention-tags-v1, fabric-convention-tags-v2, fabric-crash-report-info-v1, fabric-data-attachment-api-v1, fabric-data-generation-api-v1, fabric-dimensions-v1, fabric-entity-events-v1, fabric-events-interaction-v0, fabric-game-rule-api-v1, fabric-gametest-api-v1, fabric-item-api-v1, fabric-item-group-api-v1, fabric-key-binding-api-v1, fabric-keybindings-v0, fabric-lifecycle-events-v1, fabric-loot-api-v2, fabric-loot-api-v3, fabric-message-api-v1, fabric-model-loading-api-v1, fabric-networking-api-v1, fabric-object-builder-api-v1, fabric-particles-v1, fabric-recipe-api-v1, fabric-registry-sync-v0, fabric-renderer-api-v1, fabric-renderer-indigo, fabric-rendering-data-attachment-v1, fabric-rendering-fluids-v1, fabric-rendering-v1, fabric-resource-conditions-api-v1]
[20:12:39] [Render thread/DEBUG] (net.fabricmc.fabric.impl.resource.loader.ModResourcePackUtil) [Fabric] cur @ fabric, auto-enabled fabric-resource-loader-v0, currently enabled: [vanilla, fabric, fabric-api, fabric-api-base, fabric-api-lookup-api-v1, fabric-biome-api-v1, fabric-block-api-v1, fabric-block-view-api-v2, fabric-blockrenderlayer-v1, fabric-client-gametest-api-v1, fabric-client-tags-api-v1, fabric-command-api-v1, fabric-command-api-v2, fabric-commands-v0, fabric-content-registries-v0, fabric-convention-tags-v1, fabric-convention-tags-v2, fabric-crash-report-info-v1, fabric-data-attachment-api-v1, fabric-data-generation-api-v1, fabric-dimensions-v1, fabric-entity-events-v1, fabric-events-interaction-v0, fabric-game-rule-api-v1, fabric-gametest-api-v1, fabric-item-api-v1, fabric-item-group-api-v1, fabric-key-binding-api-v1, fabric-keybindings-v0, fabric-lifecycle-events-v1, fabric-loot-api-v2, fabric-loot-api-v3, fabric-message-api-v1, fabric-model-loading-api-v1, fabric-networking-api-v1, fabric-object-builder-api-v1, fabric-particles-v1, fabric-recipe-api-v1, fabric-registry-sync-v0, fabric-renderer-api-v1, fabric-renderer-indigo, fabric-rendering-data-attachment-v1, fabric-rendering-fluids-v1, fabric-rendering-v1, fabric-resource-conditions-api-v1, fabric-resource-loader-v0]
[20:12:39] [Render thread/DEBUG] (net.fabricmc.fabric.impl.resource.loader.ModResourcePackUtil) [Fabric] cur @ fabric, auto-enabled fabric-screen-api-v1, currently enabled: [vanilla, fabric, fabric-api, fabric-api-base, fabric-api-lookup-api-v1, fabric-biome-api-v1, fabric-block-api-v1, fabric-block-view-api-v2, fabric-blockrenderlayer-v1, fabric-client-gametest-api-v1, fabric-client-tags-api-v1, fabric-command-api-v1, fabric-command-api-v2, fabric-commands-v0, fabric-content-registries-v0, fabric-convention-tags-v1, fabric-convention-tags-v2, fabric-crash-report-info-v1, fabric-data-attachment-api-v1, fabric-data-generation-api-v1, fabric-dimensions-v1, fabric-entity-events-v1, fabric-events-interaction-v0, fabric-game-rule-api-v1, fabric-gametest-api-v1, fabric-item-api-v1, fabric-item-group-api-v1, fabric-key-binding-api-v1, fabric-keybindings-v0, fabric-lifecycle-events-v1, fabric-loot-api-v2, fabric-loot-api-v3, fabric-message-api-v1, fabric-model-loading-api-v1, fabric-networking-api-v1, fabric-object-builder-api-v1, fabric-particles-v1, fabric-recipe-api-v1, fabric-registry-sync-v0, fabric-renderer-api-v1, fabric-renderer-indigo, fabric-rendering-data-attachment-v1, fabric-rendering-fluids-v1, fabric-rendering-v1, fabric-resource-conditions-api-v1, fabric-resource-loader-v0, fabric-screen-api-v1]
[20:12:39] [Render thread/DEBUG] (net.fabricmc.fabric.impl.resource.loader.ModResourcePackUtil) [Fabric] cur @ fabric, auto-enabled fabric-screen-handler-api-v1, currently enabled: [vanilla, fabric, fabric-api, fabric-api-base, fabric-api-lookup-api-v1, fabric-biome-api-v1, fabric-block-api-v1, fabric-block-view-api-v2, fabric-blockrenderlayer-v1, fabric-client-gametest-api-v1, fabric-client-tags-api-v1, fabric-command-api-v1, fabric-command-api-v2, fabric-commands-v0, fabric-content-registries-v0, fabric-convention-tags-v1, fabric-convention-tags-v2, fabric-crash-report-info-v1, fabric-data-attachment-api-v1, fabric-data-generation-api-v1, fabric-dimensions-v1, fabric-entity-events-v1, fabric-events-interaction-v0, fabric-game-rule-api-v1, fabric-gametest-api-v1, fabric-item-api-v1, fabric-item-group-api-v1, fabric-key-binding-api-v1, fabric-keybindings-v0, fabric-lifecycle-events-v1, fabric-loot-api-v2, fabric-loot-api-v3, fabric-message-api-v1, fabric-model-loading-api-v1, fabric-networking-api-v1, fabric-object-builder-api-v1, fabric-particles-v1, fabric-recipe-api-v1, fabric-registry-sync-v0, fabric-renderer-api-v1, fabric-renderer-indigo, fabric-rendering-data-attachment-v1, fabric-rendering-fluids-v1, fabric-rendering-v1, fabric-resource-conditions-api-v1, fabric-resource-loader-v0, fabric-screen-api-v1, fabric-screen-handler-api-v1]
[20:12:39] [Render thread/DEBUG] (net.fabricmc.fabric.impl.resource.loader.ModResourcePackUtil) [Fabric] cur @ fabric, auto-enabled fabric-sound-api-v1, currently enabled: [vanilla, fabric, fabric-api, fabric-api-base, fabric-api-lookup-api-v1, fabric-biome-api-v1, fabric-block-api-v1, fabric-block-view-api-v2, fabric-blockrenderlayer-v1, fabric-client-gametest-api-v1, fabric-client-tags-api-v1, fabric-command-api-v1, fabric-command-api-v2, fabric-commands-v0, fabric-content-registries-v0, fabric-convention-tags-v1, fabric-convention-tags-v2, fabric-crash-report-info-v1, fabric-data-attachment-api-v1, fabric-data-generation-api-v1, fabric-dimensions-v1, fabric-entity-events-v1, fabric-events-interaction-v0, fabric-game-rule-api-v1, fabric-gametest-api-v1, fabric-item-api-v1, fabric-item-group-api-v1, fabric-key-binding-api-v1, fabric-keybindings-v0, fabric-lifecycle-events-v1, fabric-loot-api-v2, fabric-loot-api-v3, fabric-message-api-v1, fabric-model-loading-api-v1, fabric-networking-api-v1, fabric-object-builder-api-v1, fabric-particles-v1, fabric-recipe-api-v1, fabric-registry-sync-v0, fabric-renderer-api-v1, fabric-renderer-indigo, fabric-rendering-data-attachment-v1, fabric-rendering-fluids-v1, fabric-rendering-v1, fabric-resource-conditions-api-v1, fabric-resource-loader-v0, fabric-screen-api-v1, fabric-screen-handler-api-v1, fabric-sound-api-v1]
[20:12:39] [Render thread/DEBUG] (net.fabricmc.fabric.impl.resource.loader.ModResourcePackUtil) [Fabric] cur @ fabric, auto-enabled fabric-tag-api-v1, currently enabled: [vanilla, fabric, fabric-api, fabric-api-base, fabric-api-lookup-api-v1, fabric-biome-api-v1, fabric-block-api-v1, fabric-block-view-api-v2, fabric-blockrenderlayer-v1, fabric-client-gametest-api-v1, fabric-client-tags-api-v1, fabric-command-api-v1, fabric-command-api-v2, fabric-commands-v0, fabric-content-registries-v0, fabric-convention-tags-v1, fabric-convention-tags-v2, fabric-crash-report-info-v1, fabric-data-attachment-api-v1, fabric-data-generation-api-v1, fabric-dimensions-v1, fabric-entity-events-v1, fabric-events-interaction-v0, fabric-game-rule-api-v1, fabric-gametest-api-v1, fabric-item-api-v1, fabric-item-group-api-v1, fabric-key-binding-api-v1, fabric-keybindings-v0, fabric-lifecycle-events-v1, fabric-loot-api-v2, fabric-loot-api-v3, fabric-message-api-v1, fabric-model-loading-api-v1, fabric-networking-api-v1, fabric-object-builder-api-v1, fabric-particles-v1, fabric-recipe-api-v1, fabric-registry-sync-v0, fabric-renderer-api-v1, fabric-renderer-indigo, fabric-rendering-data-attachment-v1, fabric-rendering-fluids-v1, fabric-rendering-v1, fabric-resource-conditions-api-v1, fabric-resource-loader-v0, fabric-screen-api-v1, fabric-screen-handler-api-v1, fabric-sound-api-v1, fabric-tag-api-v1]
[20:12:39] [Render thread/DEBUG] (net.fabricmc.fabric.impl.resource.loader.ModResourcePackUtil) [Fabric] cur @ fabric, auto-enabled fabric-transfer-api-v1, currently enabled: [vanilla, fabric, fabric-api, fabric-api-base, fabric-api-lookup-api-v1, fabric-biome-api-v1, fabric-block-api-v1, fabric-block-view-api-v2, fabric-blockrenderlayer-v1, fabric-client-gametest-api-v1, fabric-client-tags-api-v1, fabric-command-api-v1, fabric-command-api-v2, fabric-commands-v0, fabric-content-registries-v0, fabric-convention-tags-v1, fabric-convention-tags-v2, fabric-crash-report-info-v1, fabric-data-attachment-api-v1, fabric-data-generation-api-v1, fabric-dimensions-v1, fabric-entity-events-v1, fabric-events-interaction-v0, fabric-game-rule-api-v1, fabric-gametest-api-v1, fabric-item-api-v1, fabric-item-group-api-v1, fabric-key-binding-api-v1, fabric-keybindings-v0, fabric-lifecycle-events-v1, fabric-loot-api-v2, fabric-loot-api-v3, fabric-message-api-v1, fabric-model-loading-api-v1, fabric-networking-api-v1, fabric-object-builder-api-v1, fabric-particles-v1, fabric-recipe-api-v1, fabric-registry-sync-v0, fabric-renderer-api-v1, fabric-renderer-indigo, fabric-rendering-data-attachment-v1, fabric-rendering-fluids-v1, fabric-rendering-v1, fabric-resource-conditions-api-v1, fabric-resource-loader-v0, fabric-screen-api-v1, fabric-screen-handler-api-v1, fabric-sound-api-v1, fabric-tag-api-v1, fabric-transfer-api-v1]
[20:12:39] [Render thread/DEBUG] (net.fabricmc.fabric.impl.resource.loader.ModResourcePackUtil) [Fabric] cur @ fabric, auto-enabled fabric-transitive-access-wideners-v1, currently enabled: [vanilla, fabric, fabric-api, fabric-api-base, fabric-api-lookup-api-v1, fabric-biome-api-v1, fabric-block-api-v1, fabric-block-view-api-v2, fabric-blockrenderlayer-v1, fabric-client-gametest-api-v1, fabric-client-tags-api-v1, fabric-command-api-v1, fabric-command-api-v2, fabric-commands-v0, fabric-content-registries-v0, fabric-convention-tags-v1, fabric-convention-tags-v2, fabric-crash-report-info-v1, fabric-data-attachment-api-v1, fabric-data-generation-api-v1, fabric-dimensions-v1, fabric-entity-events-v1, fabric-events-interaction-v0, fabric-game-rule-api-v1, fabric-gametest-api-v1, fabric-item-api-v1, fabric-item-group-api-v1, fabric-key-binding-api-v1, fabric-keybindings-v0, fabric-lifecycle-events-v1, fabric-loot-api-v2, fabric-loot-api-v3, fabric-message-api-v1, fabric-model-loading-api-v1, fabric-networking-api-v1, fabric-object-builder-api-v1, fabric-particles-v1, fabric-recipe-api-v1, fabric-registry-sync-v0, fabric-renderer-api-v1, fabric-renderer-indigo, fabric-rendering-data-attachment-v1, fabric-rendering-fluids-v1, fabric-rendering-v1, fabric-resource-conditions-api-v1, fabric-resource-loader-v0, fabric-screen-api-v1, fabric-screen-handler-api-v1, fabric-sound-api-v1, fabric-tag-api-v1, fabric-transfer-api-v1, fabric-transitive-access-wideners-v1]
[20:12:39] [Render thread/DEBUG] (net.fabricmc.fabric.impl.resource.loader.ModResourcePackUtil) [Fabric] cur @ fabric, auto-enabled fabricloader, currently enabled: [vanilla, fabric, fabric-api, fabric-api-base, fabric-api-lookup-api-v1, fabric-biome-api-v1, fabric-block-api-v1, fabric-block-view-api-v2, fabric-blockrenderlayer-v1, fabric-client-gametest-api-v1, fabric-client-tags-api-v1, fabric-command-api-v1, fabric-command-api-v2, fabric-commands-v0, fabric-content-registries-v0, fabric-convention-tags-v1, fabric-convention-tags-v2, fabric-crash-report-info-v1, fabric-data-attachment-api-v1, fabric-data-generation-api-v1, fabric-dimensions-v1, fabric-entity-events-v1, fabric-events-interaction-v0, fabric-game-rule-api-v1, fabric-gametest-api-v1, fabric-item-api-v1, fabric-item-group-api-v1, fabric-key-binding-api-v1, fabric-keybindings-v0, fabric-lifecycle-events-v1, fabric-loot-api-v2, fabric-loot-api-v3, fabric-message-api-v1, fabric-model-loading-api-v1, fabric-networking-api-v1, fabric-object-builder-api-v1, fabric-particles-v1, fabric-recipe-api-v1, fabric-registry-sync-v0, fabric-renderer-api-v1, fabric-renderer-indigo, fabric-rendering-data-attachment-v1, fabric-rendering-fluids-v1, fabric-rendering-v1, fabric-resource-conditions-api-v1, fabric-resource-loader-v0, fabric-screen-api-v1, fabric-screen-handler-api-v1, fabric-sound-api-v1, fabric-tag-api-v1, fabric-transfer-api-v1, fabric-transitive-access-wideners-v1, fabricloader]
[20:12:39] [Render thread/DEBUG] (net.fabricmc.fabric.impl.resource.loader.ModResourcePackUtil) [Fabric] cur @ fabric, auto-enabled vurstvisual, currently enabled: [vanilla, fabric, fabric-api, fabric-api-base, fabric-api-lookup-api-v1, fabric-biome-api-v1, fabric-block-api-v1, fabric-block-view-api-v2, fabric-blockrenderlayer-v1, fabric-client-gametest-api-v1, fabric-client-tags-api-v1, fabric-command-api-v1, fabric-command-api-v2, fabric-commands-v0, fabric-content-registries-v0, fabric-convention-tags-v1, fabric-convention-tags-v2, fabric-crash-report-info-v1, fabric-data-attachment-api-v1, fabric-data-generation-api-v1, fabric-dimensions-v1, fabric-entity-events-v1, fabric-events-interaction-v0, fabric-game-rule-api-v1, fabric-gametest-api-v1, fabric-item-api-v1, fabric-item-group-api-v1, fabric-key-binding-api-v1, fabric-keybindings-v0, fabric-lifecycle-events-v1, fabric-loot-api-v2, fabric-loot-api-v3, fabric-message-api-v1, fabric-model-loading-api-v1, fabric-networking-api-v1, fabric-object-builder-api-v1, fabric-particles-v1, fabric-recipe-api-v1, fabric-registry-sync-v0, fabric-renderer-api-v1, fabric-renderer-indigo, fabric-rendering-data-attachment-v1, fabric-rendering-fluids-v1, fabric-rendering-v1, fabric-resource-conditions-api-v1, fabric-resource-loader-v0, fabric-screen-api-v1, fabric-screen-handler-api-v1, fabric-sound-api-v1, fabric-tag-api-v1, fabric-transfer-api-v1, fabric-transitive-access-wideners-v1, fabricloader, vurstvisual]
[20:12:39] [Render thread/DEBUG] (net.fabricmc.fabric.impl.resource.loader.ModResourcePackUtil) [Fabric] Final sorting result: [vanilla, fabric, fabric-api, fabric-api-base, fabric-api-lookup-api-v1, fabric-biome-api-v1, fabric-block-api-v1, fabric-block-view-api-v2, fabric-blockrenderlayer-v1, fabric-client-gametest-api-v1, fabric-client-tags-api-v1, fabric-command-api-v1, fabric-command-api-v2, fabric-commands-v0, fabric-content-registries-v0, fabric-convention-tags-v1, fabric-convention-tags-v2, fabric-crash-report-info-v1, fabric-data-attachment-api-v1, fabric-data-generation-api-v1, fabric-dimensions-v1, fabric-entity-events-v1, fabric-events-interaction-v0, fabric-game-rule-api-v1, fabric-gametest-api-v1, fabric-item-api-v1, fabric-item-group-api-v1, fabric-key-binding-api-v1, fabric-keybindings-v0, fabric-lifecycle-events-v1, fabric-loot-api-v2, fabric-loot-api-v3, fabric-message-api-v1, fabric-model-loading-api-v1, fabric-networking-api-v1, fabric-object-builder-api-v1, fabric-particles-v1, fabric-recipe-api-v1, fabric-registry-sync-v0, fabric-renderer-api-v1, fabric-renderer-indigo, fabric-rendering-data-attachment-v1, fabric-rendering-fluids-v1, fabric-rendering-v1, fabric-resource-conditions-api-v1, fabric-resource-loader-v0, fabric-screen-api-v1, fabric-screen-handler-api-v1, fabric-sound-api-v1, fabric-tag-api-v1, fabric-transfer-api-v1, fabric-transitive-access-wideners-v1, fabricloader, vurstvisual]
[20:12:39] [Render thread/DEBUG] (net.fabricmc.fabric.impl.resource.loader.ModResourcePackUtil) [Fabric] Starting internal pack sorting with: [vanilla, fabric, fabric-api, fabric-api-base, fabric-api-lookup-api-v1, fabric-biome-api-v1, fabric-block-api-v1, fabric-block-view-api-v2, fabric-blockrenderlayer-v1, fabric-client-gametest-api-v1, fabric-client-tags-api-v1, fabric-command-api-v1, fabric-command-api-v2, fabric-commands-v0, fabric-content-registries-v0, fabric-convention-tags-v1, fabric-convention-tags-v2, fabric-crash-report-info-v1, fabric-data-attachment-api-v1, fabric-data-generation-api-v1, fabric-dimensions-v1, fabric-entity-events-v1, fabric-events-interaction-v0, fabric-game-rule-api-v1, fabric-gametest-api-v1, fabric-item-api-v1, fabric-item-group-api-v1, fabric-key-binding-api-v1, fabric-keybindings-v0, fabric-lifecycle-events-v1, fabric-loot-api-v2, fabric-loot-api-v3, fabric-message-api-v1, fabric-model-loading-api-v1, fabric-networking-api-v1, fabric-object-builder-api-v1, fabric-particles-v1, fabric-recipe-api-v1, fabric-registry-sync-v0, fabric-renderer-api-v1, fabric-renderer-indigo, fabric-rendering-data-attachment-v1, fabric-rendering-fluids-v1, fabric-rendering-v1, fabric-resource-conditions-api-v1, fabric-resource-loader-v0, fabric-screen-api-v1, fabric-screen-handler-api-v1, fabric-sound-api-v1, fabric-tag-api-v1, fabric-transfer-api-v1, fabric-transitive-access-wideners-v1, fabricloader, vurstvisual, fabric-item-group-api-v1_programmer_art]
[20:12:39] [Render thread/DEBUG] (net.fabricmc.fabric.impl.resource.loader.ModResourcePackUtil) [Fabric] Removed all internal packs, result: [vanilla, fabric]
[20:12:39] [Render thread/DEBUG] (net.fabricmc.fabric.impl.resource.loader.ModResourcePackUtil) [Fabric] cur @ fabric, auto-enabled fabric-api, currently enabled: [vanilla, fabric, fabric-api]
[20:12:39] [Render thread/DEBUG] (net.fabricmc.fabric.impl.resource.loader.ModResourcePackUtil) [Fabric] cur @ fabric, auto-enabled fabric-api-base, currently enabled: [vanilla, fabric, fabric-api, fabric-api-base]
[20:12:39] [Render thread/DEBUG] (net.fabricmc.fabric.impl.resource.loader.ModResourcePackUtil) [Fabric] cur @ fabric, auto-enabled fabric-api-lookup-api-v1, currently enabled: [vanilla, fabric, fabric-api, fabric-api-base, fabric-api-lookup-api-v1]
[20:12:39] [Render thread/DEBUG] (net.fabricmc.fabric.impl.resource.loader.ModResourcePackUtil) [Fabric] cur @ fabric, auto-enabled fabric-biome-api-v1, currently enabled: [vanilla, fabric, fabric-api, fabric-api-base, fabric-api-lookup-api-v1, fabric-biome-api-v1]
[20:12:39] [Render thread/DEBUG] (net.fabricmc.fabric.impl.resource.loader.ModResourcePackUtil) [Fabric] cur @ fabric, auto-enabled fabric-block-api-v1, currently enabled: [vanilla, fabric, fabric-api, fabric-api-base, fabric-api-lookup-api-v1, fabric-biome-api-v1, fabric-block-api-v1]
[20:12:39] [Render thread/DEBUG] (net.fabricmc.fabric.impl.resource.loader.ModResourcePackUtil) [Fabric] cur @ fabric, auto-enabled fabric-block-view-api-v2, currently enabled: [vanilla, fabric, fabric-api, fabric-api-base, fabric-api-lookup-api-v1, fabric-biome-api-v1, fabric-block-api-v1, fabric-block-view-api-v2]
[20:12:39] [Render thread/DEBUG] (net.fabricmc.fabric.impl.resource.loader.ModResourcePackUtil) [Fabric] cur @ fabric, auto-enabled fabric-blockrenderlayer-v1, currently enabled: [vanilla, fabric, fabric-api, fabric-api-base, fabric-api-lookup-api-v1, fabric-biome-api-v1, fabric-block-api-v1, fabric-block-view-api-v2, fabric-blockrenderlayer-v1]
[20:12:39] [Render thread/DEBUG] (net.fabricmc.fabric.impl.resource.loader.ModResourcePackUtil) [Fabric] cur @ fabric, auto-enabled fabric-client-gametest-api-v1, currently enabled: [vanilla, fabric, fabric-api, fabric-api-base, fabric-api-lookup-api-v1, fabric-biome-api-v1, fabric-block-api-v1, fabric-block-view-api-v2, fabric-blockrenderlayer-v1, fabric-client-gametest-api-v1]
[20:12:39] [Render thread/DEBUG] (net.fabricmc.fabric.impl.resource.loader.ModResourcePackUtil) [Fabric] cur @ fabric, auto-enabled fabric-client-tags-api-v1, currently enabled: [vanilla, fabric, fabric-api, fabric-api-base, fabric-api-lookup-api-v1, fabric-biome-api-v1, fabric-block-api-v1, fabric-block-view-api-v2, fabric-blockrenderlayer-v1, fabric-client-gametest-api-v1, fabric-client-tags-api-v1]
[20:12:39] [Render thread/DEBUG] (net.fabricmc.fabric.impl.resource.loader.ModResourcePackUtil) [Fabric] cur @ fabric, auto-enabled fabric-command-api-v1, currently enabled: [vanilla, fabric, fabric-api, fabric-api-base, fabric-api-lookup-api-v1, fabric-biome-api-v1, fabric-block-api-v1, fabric-block-view-api-v2, fabric-blockrenderlayer-v1, fabric-client-gametest-api-v1, fabric-client-tags-api-v1, fabric-command-api-v1]
[20:12:39] [Render thread/DEBUG] (net.fabricmc.fabric.impl.resource.loader.ModResourcePackUtil) [Fabric] cur @ fabric, auto-enabled fabric-command-api-v2, currently enabled: [vanilla, fabric, fabric-api, fabric-api-base, fabric-api-lookup-api-v1, fabric-biome-api-v1, fabric-block-api-v1, fabric-block-view-api-v2, fabric-blockrenderlayer-v1, fabric-client-gametest-api-v1, fabric-client-tags-api-v1, fabric-command-api-v1, fabric-command-api-v2]
[20:12:39] [Render thread/DEBUG] (net.fabricmc.fabric.impl.resource.loader.ModResourcePackUtil) [Fabric] cur @ fabric, auto-enabled fabric-commands-v0, currently enabled: [vanilla, fabric, fabric-api, fabric-api-base, fabric-api-lookup-api-v1, fabric-biome-api-v1, fabric-block-api-v1, fabric-block-view-api-v2, fabric-blockrenderlayer-v1, fabric-client-gametest-api-v1, fabric-client-tags-api-v1, fabric-command-api-v1, fabric-command-api-v2, fabric-commands-v0]
[20:12:39] [Render thread/DEBUG] (net.fabricmc.fabric.impl.resource.loader.ModResourcePackUtil) [Fabric] cur @ fabric, auto-enabled fabric-content-registries-v0, currently enabled: [vanilla, fabric, fabric-api, fabric-api-base, fabric-api-lookup-api-v1, fabric-biome-api-v1, fabric-block-api-v1, fabric-block-view-api-v2, fabric-blockrenderlayer-v1, fabric-client-gametest-api-v1, fabric-client-tags-api-v1, fabric-command-api-v1, fabric-command-api-v2, fabric-commands-v0, fabric-content-registries-v0]
[20:12:39] [Render thread/DEBUG] (net.fabricmc.fabric.impl.resource.loader.ModResourcePackUtil) [Fabric] cur @ fabric, auto-enabled fabric-convention-tags-v1, currently enabled: [vanilla, fabric, fabric-api, fabric-api-base, fabric-api-lookup-api-v1, fabric-biome-api-v1, fabric-block-api-v1, fabric-block-view-api-v2, fabric-blockrenderlayer-v1, fabric-client-gametest-api-v1, fabric-client-tags-api-v1, fabric-command-api-v1, fabric-command-api-v2, fabric-commands-v0, fabric-content-registries-v0, fabric-convention-tags-v1]
[20:12:39] [Render thread/DEBUG] (net.fabricmc.fabric.impl.resource.loader.ModResourcePackUtil) [Fabric] cur @ fabric, auto-enabled fabric-convention-tags-v2, currently enabled: [vanilla, fabric, fabric-api, fabric-api-base, fabric-api-lookup-api-v1, fabric-biome-api-v1, fabric-block-api-v1, fabric-block-view-api-v2, fabric-blockrenderlayer-v1, fabric-client-gametest-api-v1, fabric-client-tags-api-v1, fabric-command-api-v1, fabric-command-api-v2, fabric-commands-v0, fabric-content-registries-v0, fabric-convention-tags-v1, fabric-convention-tags-v2]
[20:12:39] [Render thread/DEBUG] (net.fabricmc.fabric.impl.resource.loader.ModResourcePackUtil) [Fabric] cur @ fabric, auto-enabled fabric-crash-report-info-v1, currently enabled: [vanilla, fabric, fabric-api, fabric-api-base, fabric-api-lookup-api-v1, fabric-biome-api-v1, fabric-block-api-v1, fabric-block-view-api-v2, fabric-blockrenderlayer-v1, fabric-client-gametest-api-v1, fabric-client-tags-api-v1, fabric-command-api-v1, fabric-command-api-v2, fabric-commands-v0, fabric-content-registries-v0, fabric-convention-tags-v1, fabric-convention-tags-v2, fabric-crash-report-info-v1]
[20:12:39] [Render thread/DEBUG] (net.fabricmc.fabric.impl.resource.loader.ModResourcePackUtil) [Fabric] cur @ fabric, auto-enabled fabric-data-attachment-api-v1, currently enabled: [vanilla, fabric, fabric-api, fabric-api-base, fabric-api-lookup-api-v1, fabric-biome-api-v1, fabric-block-api-v1, fabric-block-view-api-v2, fabric-blockrenderlayer-v1, fabric-client-gametest-api-v1, fabric-client-tags-api-v1, fabric-command-api-v1, fabric-command-api-v2, fabric-commands-v0, fabric-content-registries-v0, fabric-convention-tags-v1, fabric-convention-tags-v2, fabric-crash-report-info-v1, fabric-data-attachment-api-v1]
[20:12:39] [Render thread/DEBUG] (net.fabricmc.fabric.impl.resource.loader.ModResourcePackUtil) [Fabric] cur @ fabric, auto-enabled fabric-data-generation-api-v1, currently enabled: [vanilla, fabric, fabric-api, fabric-api-base, fabric-api-lookup-api-v1, fabric-biome-api-v1, fabric-block-api-v1, fabric-block-view-api-v2, fabric-blockrenderlayer-v1, fabric-client-gametest-api-v1, fabric-client-tags-api-v1, fabric-command-api-v1, fabric-command-api-v2, fabric-commands-v0, fabric-content-registries-v0, fabric-convention-tags-v1, fabric-convention-tags-v2, fabric-crash-report-info-v1, fabric-data-attachment-api-v1, fabric-data-generation-api-v1]
[20:12:39] [Render thread/DEBUG] (net.fabricmc.fabric.impl.resource.loader.ModResourcePackUtil) [Fabric] cur @ fabric, auto-enabled fabric-dimensions-v1, currently enabled: [vanilla, fabric, fabric-api, fabric-api-base, fabric-api-lookup-api-v1, fabric-biome-api-v1, fabric-block-api-v1, fabric-block-view-api-v2, fabric-blockrenderlayer-v1, fabric-client-gametest-api-v1, fabric-client-tags-api-v1, fabric-command-api-v1, fabric-command-api-v2, fabric-commands-v0, fabric-content-registries-v0, fabric-convention-tags-v1, fabric-convention-tags-v2, fabric-crash-report-info-v1, fabric-data-attachment-api-v1, fabric-data-generation-api-v1, fabric-dimensions-v1]
[20:12:39] [Render thread/DEBUG] (net.fabricmc.fabric.impl.resource.loader.ModResourcePackUtil) [Fabric] cur @ fabric, auto-enabled fabric-entity-events-v1, currently enabled: [vanilla, fabric, fabric-api, fabric-api-base, fabric-api-lookup-api-v1, fabric-biome-api-v1, fabric-block-api-v1, fabric-block-view-api-v2, fabric-blockrenderlayer-v1, fabric-client-gametest-api-v1, fabric-client-tags-api-v1, fabric-command-api-v1, fabric-command-api-v2, fabric-commands-v0, fabric-content-registries-v0, fabric-convention-tags-v1, fabric-convention-tags-v2, fabric-crash-report-info-v1, fabric-data-attachment-api-v1, fabric-data-generation-api-v1, fabric-dimensions-v1, fabric-entity-events-v1]
[20:12:39] [Render thread/DEBUG] (net.fabricmc.fabric.impl.resource.loader.ModResourcePackUtil) [Fabric] cur @ fabric, auto-enabled fabric-events-interaction-v0, currently enabled: [vanilla, fabric, fabric-api, fabric-api-base, fabric-api-lookup-api-v1, fabric-biome-api-v1, fabric-block-api-v1, fabric-block-view-api-v2, fabric-blockrenderlayer-v1, fabric-client-gametest-api-v1, fabric-client-tags-api-v1, fabric-command-api-v1, fabric-command-api-v2, fabric-commands-v0, fabric-content-registries-v0, fabric-convention-tags-v1, fabric-convention-tags-v2, fabric-crash-report-info-v1, fabric-data-attachment-api-v1, fabric-data-generation-api-v1, fabric-dimensions-v1, fabric-entity-events-v1, fabric-events-interaction-v0]
[20:12:39] [Render thread/DEBUG] (net.fabricmc.fabric.impl.resource.loader.ModResourcePackUtil) [Fabric] cur @ fabric, auto-enabled fabric-game-rule-api-v1, currently enabled: [vanilla, fabric, fabric-api, fabric-api-base, fabric-api-lookup-api-v1, fabric-biome-api-v1, fabric-block-api-v1, fabric-block-view-api-v2, fabric-blockrenderlayer-v1, fabric-client-gametest-api-v1, fabric-client-tags-api-v1, fabric-command-api-v1, fabric-command-api-v2, fabric-commands-v0, fabric-content-registries-v0, fabric-convention-tags-v1, fabric-convention-tags-v2, fabric-crash-report-info-v1, fabric-data-attachment-api-v1, fabric-data-generation-api-v1, fabric-dimensions-v1, fabric-entity-events-v1, fabric-events-interaction-v0, fabric-game-rule-api-v1]
[20:12:39] [Render thread/DEBUG] (net.fabricmc.fabric.impl.resource.loader.ModResourcePackUtil) [Fabric] cur @ fabric, auto-enabled fabric-gametest-api-v1, currently enabled: [vanilla, fabric, fabric-api, fabric-api-base, fabric-api-lookup-api-v1, fabric-biome-api-v1, fabric-block-api-v1, fabric-block-view-api-v2, fabric-blockrenderlayer-v1, fabric-client-gametest-api-v1, fabric-client-tags-api-v1, fabric-command-api-v1, fabric-command-api-v2, fabric-commands-v0, fabric-content-registries-v0, fabric-convention-tags-v1, fabric-convention-tags-v2, fabric-crash-report-info-v1, fabric-data-attachment-api-v1, fabric-data-generation-api-v1, fabric-dimensions-v1, fabric-entity-events-v1, fabric-events-interaction-v0, fabric-game-rule-api-v1, fabric-gametest-api-v1]
[20:12:39] [Render thread/DEBUG] (net.fabricmc.fabric.impl.resource.loader.ModResourcePackUtil) [Fabric] cur @ fabric, auto-enabled fabric-item-api-v1, currently enabled: [vanilla, fabric, fabric-api, fabric-api-base, fabric-api-lookup-api-v1, fabric-biome-api-v1, fabric-block-api-v1, fabric-block-view-api-v2, fabric-blockrenderlayer-v1, fabric-client-gametest-api-v1, fabric-client-tags-api-v1, fabric-command-api-v1, fabric-command-api-v2, fabric-commands-v0, fabric-content-registries-v0, fabric-convention-tags-v1, fabric-convention-tags-v2, fabric-crash-report-info-v1, fabric-data-attachment-api-v1, fabric-data-generation-api-v1, fabric-dimensions-v1, fabric-entity-events-v1, fabric-events-interaction-v0, fabric-game-rule-api-v1, fabric-gametest-api-v1, fabric-item-api-v1]
[20:12:39] [Render thread/DEBUG] (net.fabricmc.fabric.impl.resource.loader.ModResourcePackUtil) [Fabric] cur @ fabric, auto-enabled fabric-item-group-api-v1, currently enabled: [vanilla, fabric, fabric-api, fabric-api-base, fabric-api-lookup-api-v1, fabric-biome-api-v1, fabric-block-api-v1, fabric-block-view-api-v2, fabric-blockrenderlayer-v1, fabric-client-gametest-api-v1, fabric-client-tags-api-v1, fabric-command-api-v1, fabric-command-api-v2, fabric-commands-v0, fabric-content-registries-v0, fabric-convention-tags-v1, fabric-convention-tags-v2, fabric-crash-report-info-v1, fabric-data-attachment-api-v1, fabric-data-generation-api-v1, fabric-dimensions-v1, fabric-entity-events-v1, fabric-events-interaction-v0, fabric-game-rule-api-v1, fabric-gametest-api-v1, fabric-item-api-v1, fabric-item-group-api-v1]
[20:12:39] [Render thread/DEBUG] (net.fabricmc.fabric.impl.resource.loader.ModResourcePackUtil) [Fabric] cur @ fabric, auto-enabled fabric-key-binding-api-v1, currently enabled: [vanilla, fabric, fabric-api, fabric-api-base, fabric-api-lookup-api-v1, fabric-biome-api-v1, fabric-block-api-v1, fabric-block-view-api-v2, fabric-blockrenderlayer-v1, fabric-client-gametest-api-v1, fabric-client-tags-api-v1, fabric-command-api-v1, fabric-command-api-v2, fabric-commands-v0, fabric-content-registries-v0, fabric-convention-tags-v1, fabric-convention-tags-v2, fabric-crash-report-info-v1, fabric-data-attachment-api-v1, fabric-data-generation-api-v1, fabric-dimensions-v1, fabric-entity-events-v1, fabric-events-interaction-v0, fabric-game-rule-api-v1, fabric-gametest-api-v1, fabric-item-api-v1, fabric-item-group-api-v1, fabric-key-binding-api-v1]
[20:12:39] [Render thread/DEBUG] (net.fabricmc.fabric.impl.resource.loader.ModResourcePackUtil) [Fabric] cur @ fabric, auto-enabled fabric-keybindings-v0, currently enabled: [vanilla, fabric, fabric-api, fabric-api-base, fabric-api-lookup-api-v1, fabric-biome-api-v1, fabric-block-api-v1, fabric-block-view-api-v2, fabric-blockrenderlayer-v1, fabric-client-gametest-api-v1, fabric-client-tags-api-v1, fabric-command-api-v1, fabric-command-api-v2, fabric-commands-v0, fabric-content-registries-v0, fabric-convention-tags-v1, fabric-convention-tags-v2, fabric-crash-report-info-v1, fabric-data-attachment-api-v1, fabric-data-generation-api-v1, fabric-dimensions-v1, fabric-entity-events-v1, fabric-events-interaction-v0, fabric-game-rule-api-v1, fabric-gametest-api-v1, fabric-item-api-v1, fabric-item-group-api-v1, fabric-key-binding-api-v1, fabric-keybindings-v0]
[20:12:39] [Render thread/DEBUG] (net.fabricmc.fabric.impl.resource.loader.ModResourcePackUtil) [Fabric] cur @ fabric, auto-enabled fabric-lifecycle-events-v1, currently enabled: [vanilla, fabric, fabric-api, fabric-api-base, fabric-api-lookup-api-v1, fabric-biome-api-v1, fabric-block-api-v1, fabric-block-view-api-v2, fabric-blockrenderlayer-v1, fabric-client-gametest-api-v1, fabric-client-tags-api-v1, fabric-command-api-v1, fabric-command-api-v2, fabric-commands-v0, fabric-content-registries-v0, fabric-convention-tags-v1, fabric-convention-tags-v2, fabric-crash-report-info-v1, fabric-data-attachment-api-v1, fabric-data-generation-api-v1, fabric-dimensions-v1, fabric-entity-events-v1, fabric-events-interaction-v0, fabric-game-rule-api-v1, fabric-gametest-api-v1, fabric-item-api-v1, fabric-item-group-api-v1, fabric-key-binding-api-v1, fabric-keybindings-v0, fabric-lifecycle-events-v1]
[20:12:39] [Render thread/DEBUG] (net.fabricmc.fabric.impl.resource.loader.ModResourcePackUtil) [Fabric] cur @ fabric, auto-enabled fabric-loot-api-v2, currently enabled: [vanilla, fabric, fabric-api, fabric-api-base, fabric-api-lookup-api-v1, fabric-biome-api-v1, fabric-block-api-v1, fabric-block-view-api-v2, fabric-blockrenderlayer-v1, fabric-client-gametest-api-v1, fabric-client-tags-api-v1, fabric-command-api-v1, fabric-command-api-v2, fabric-commands-v0, fabric-content-registries-v0, fabric-convention-tags-v1, fabric-convention-tags-v2, fabric-crash-report-info-v1, fabric-data-attachment-api-v1, fabric-data-generation-api-v1, fabric-dimensions-v1, fabric-entity-events-v1, fabric-events-interaction-v0, fabric-game-rule-api-v1, fabric-gametest-api-v1, fabric-item-api-v1, fabric-item-group-api-v1, fabric-key-binding-api-v1, fabric-keybindings-v0, fabric-lifecycle-events-v1, fabric-loot-api-v2]
[20:12:39] [Render thread/DEBUG] (net.fabricmc.fabric.impl.resource.loader.ModResourcePackUtil) [Fabric] cur @ fabric, auto-enabled fabric-loot-api-v3, currently enabled: [vanilla, fabric, fabric-api, fabric-api-base, fabric-api-lookup-api-v1, fabric-biome-api-v1, fabric-block-api-v1, fabric-block-view-api-v2, fabric-blockrenderlayer-v1, fabric-client-gametest-api-v1, fabric-client-tags-api-v1, fabric-command-api-v1, fabric-command-api-v2, fabric-commands-v0, fabric-content-registries-v0, fabric-convention-tags-v1, fabric-convention-tags-v2, fabric-crash-report-info-v1, fabric-data-attachment-api-v1, fabric-data-generation-api-v1, fabric-dimensions-v1, fabric-entity-events-v1, fabric-events-interaction-v0, fabric-game-rule-api-v1, fabric-gametest-api-v1, fabric-item-api-v1, fabric-item-group-api-v1, fabric-key-binding-api-v1, fabric-keybindings-v0, fabric-lifecycle-events-v1, fabric-loot-api-v2, fabric-loot-api-v3]
[20:12:39] [Render thread/DEBUG] (net.fabricmc.fabric.impl.resource.loader.ModResourcePackUtil) [Fabric] cur @ fabric, auto-enabled fabric-message-api-v1, currently enabled: [vanilla, fabric, fabric-api, fabric-api-base, fabric-api-lookup-api-v1, fabric-biome-api-v1, fabric-block-api-v1, fabric-block-view-api-v2, fabric-blockrenderlayer-v1, fabric-client-gametest-api-v1, fabric-client-tags-api-v1, fabric-command-api-v1, fabric-command-api-v2, fabric-commands-v0, fabric-content-registries-v0, fabric-convention-tags-v1, fabric-convention-tags-v2, fabric-crash-report-info-v1, fabric-data-attachment-api-v1, fabric-data-generation-api-v1, fabric-dimensions-v1, fabric-entity-events-v1, fabric-events-interaction-v0, fabric-game-rule-api-v1, fabric-gametest-api-v1, fabric-item-api-v1, fabric-item-group-api-v1, fabric-key-binding-api-v1, fabric-keybindings-v0, fabric-lifecycle-events-v1, fabric-loot-api-v2, fabric-loot-api-v3, fabric-message-api-v1]
[20:12:39] [Render thread/DEBUG] (net.fabricmc.fabric.impl.resource.loader.ModResourcePackUtil) [Fabric] cur @ fabric, auto-enabled fabric-model-loading-api-v1, currently enabled: [vanilla, fabric, fabric-api, fabric-api-base, fabric-api-lookup-api-v1, fabric-biome-api-v1, fabric-block-api-v1, fabric-block-view-api-v2, fabric-blockrenderlayer-v1, fabric-client-gametest-api-v1, fabric-client-tags-api-v1, fabric-command-api-v1, fabric-command-api-v2, fabric-commands-v0, fabric-content-registries-v0, fabric-convention-tags-v1, fabric-convention-tags-v2, fabric-crash-report-info-v1, fabric-data-attachment-api-v1, fabric-data-generation-api-v1, fabric-dimensions-v1, fabric-entity-events-v1, fabric-events-interaction-v0, fabric-game-rule-api-v1, fabric-gametest-api-v1, fabric-item-api-v1, fabric-item-group-api-v1, fabric-key-binding-api-v1, fabric-keybindings-v0, fabric-lifecycle-events-v1, fabric-loot-api-v2, fabric-loot-api-v3, fabric-message-api-v1, fabric-model-loading-api-v1]
[20:12:39] [Render thread/DEBUG] (net.fabricmc.fabric.impl.resource.loader.ModResourcePackUtil) [Fabric] cur @ fabric, auto-enabled fabric-networking-api-v1, currently enabled: [vanilla, fabric, fabric-api, fabric-api-base, fabric-api-lookup-api-v1, fabric-biome-api-v1, fabric-block-api-v1, fabric-block-view-api-v2, fabric-blockrenderlayer-v1, fabric-client-gametest-api-v1, fabric-client-tags-api-v1, fabric-command-api-v1, fabric-command-api-v2, fabric-commands-v0, fabric-content-registries-v0, fabric-convention-tags-v1, fabric-convention-tags-v2, fabric-crash-report-info-v1, fabric-data-attachment-api-v1, fabric-data-generation-api-v1, fabric-dimensions-v1, fabric-entity-events-v1, fabric-events-interaction-v0, fabric-game-rule-api-v1, fabric-gametest-api-v1, fabric-item-api-v1, fabric-item-group-api-v1, fabric-key-binding-api-v1, fabric-keybindings-v0, fabric-lifecycle-events-v1, fabric-loot-api-v2, fabric-loot-api-v3, fabric-message-api-v1, fabric-model-loading-api-v1, fabric-networking-api-v1]
[20:12:39] [Render thread/DEBUG] (net.fabricmc.fabric.impl.resource.loader.ModResourcePackUtil) [Fabric] cur @ fabric, auto-enabled fabric-object-builder-api-v1, currently enabled: [vanilla, fabric, fabric-api, fabric-api-base, fabric-api-lookup-api-v1, fabric-biome-api-v1, fabric-block-api-v1, fabric-block-view-api-v2, fabric-blockrenderlayer-v1, fabric-client-gametest-api-v1, fabric-client-tags-api-v1, fabric-command-api-v1, fabric-command-api-v2, fabric-commands-v0, fabric-content-registries-v0, fabric-convention-tags-v1, fabric-convention-tags-v2, fabric-crash-report-info-v1, fabric-data-attachment-api-v1, fabric-data-generation-api-v1, fabric-dimensions-v1, fabric-entity-events-v1, fabric-events-interaction-v0, fabric-game-rule-api-v1, fabric-gametest-api-v1, fabric-item-api-v1, fabric-item-group-api-v1, fabric-key-binding-api-v1, fabric-keybindings-v0, fabric-lifecycle-events-v1, fabric-loot-api-v2, fabric-loot-api-v3, fabric-message-api-v1, fabric-model-loading-api-v1, fabric-networking-api-v1, fabric-object-builder-api-v1]
[20:12:39] [Render thread/DEBUG] (net.fabricmc.fabric.impl.resource.loader.ModResourcePackUtil) [Fabric] cur @ fabric, auto-enabled fabric-particles-v1, currently enabled: [vanilla, fabric, fabric-api, fabric-api-base, fabric-api-lookup-api-v1, fabric-biome-api-v1, fabric-block-api-v1, fabric-block-view-api-v2, fabric-blockrenderlayer-v1, fabric-client-gametest-api-v1, fabric-client-tags-api-v1, fabric-command-api-v1, fabric-command-api-v2, fabric-commands-v0, fabric-content-registries-v0, fabric-convention-tags-v1, fabric-convention-tags-v2, fabric-crash-report-info-v1, fabric-data-attachment-api-v1, fabric-data-generation-api-v1, fabric-dimensions-v1, fabric-entity-events-v1, fabric-events-interaction-v0, fabric-game-rule-api-v1, fabric-gametest-api-v1, fabric-item-api-v1, fabric-item-group-api-v1, fabric-key-binding-api-v1, fabric-keybindings-v0, fabric-lifecycle-events-v1, fabric-loot-api-v2, fabric-loot-api-v3, fabric-message-api-v1, fabric-model-loading-api-v1, fabric-networking-api-v1, fabric-object-builder-api-v1, fabric-particles-v1]
[20:12:39] [Render thread/DEBUG] (net.fabricmc.fabric.impl.resource.loader.ModResourcePackUtil) [Fabric] cur @ fabric, auto-enabled fabric-recipe-api-v1, currently enabled: [vanilla, fabric, fabric-api, fabric-api-base, fabric-api-lookup-api-v1, fabric-biome-api-v1, fabric-block-api-v1, fabric-block-view-api-v2, fabric-blockrenderlayer-v1, fabric-client-gametest-api-v1, fabric-client-tags-api-v1, fabric-command-api-v1, fabric-command-api-v2, fabric-commands-v0, fabric-content-registries-v0, fabric-convention-tags-v1, fabric-convention-tags-v2, fabric-crash-report-info-v1, fabric-data-attachment-api-v1, fabric-data-generation-api-v1, fabric-dimensions-v1, fabric-entity-events-v1, fabric-events-interaction-v0, fabric-game-rule-api-v1, fabric-gametest-api-v1, fabric-item-api-v1, fabric-item-group-api-v1, fabric-key-binding-api-v1, fabric-keybindings-v0, fabric-lifecycle-events-v1, fabric-loot-api-v2, fabric-loot-api-v3, fabric-message-api-v1, fabric-model-loading-api-v1, fabric-networking-api-v1, fabric-object-builder-api-v1, fabric-particles-v1, fabric-recipe-api-v1]
[20:12:39] [Render thread/DEBUG] (net.fabricmc.fabric.impl.resource.loader.ModResourcePackUtil) [Fabric] cur @ fabric, auto-enabled fabric-registry-sync-v0, currently enabled: [vanilla, fabric, fabric-api, fabric-api-base, fabric-api-lookup-api-v1, fabric-biome-api-v1, fabric-block-api-v1, fabric-block-view-api-v2, fabric-blockrenderlayer-v1, fabric-client-gametest-api-v1, fabric-client-tags-api-v1, fabric-command-api-v1, fabric-command-api-v2, fabric-commands-v0, fabric-content-registries-v0, fabric-convention-tags-v1, fabric-convention-tags-v2, fabric-crash-report-info-v1, fabric-data-attachment-api-v1, fabric-data-generation-api-v1, fabric-dimensions-v1, fabric-entity-events-v1, fabric-events-interaction-v0, fabric-game-rule-api-v1, fabric-gametest-api-v1, fabric-item-api-v1, fabric-item-group-api-v1, fabric-key-binding-api-v1, fabric-keybindings-v0, fabric-lifecycle-events-v1, fabric-loot-api-v2, fabric-loot-api-v3, fabric-message-api-v1, fabric-model-loading-api-v1, fabric-networking-api-v1, fabric-object-builder-api-v1, fabric-particles-v1, fabric-recipe-api-v1, fabric-registry-sync-v0]
[20:12:39] [Render thread/DEBUG] (net.fabricmc.fabric.impl.resource.loader.ModResourcePackUtil) [Fabric] cur @ fabric, auto-enabled fabric-renderer-api-v1, currently enabled: [vanilla, fabric, fabric-api, fabric-api-base, fabric-api-lookup-api-v1, fabric-biome-api-v1, fabric-block-api-v1, fabric-block-view-api-v2, fabric-blockrenderlayer-v1, fabric-client-gametest-api-v1, fabric-client-tags-api-v1, fabric-command-api-v1, fabric-command-api-v2, fabric-commands-v0, fabric-content-registries-v0, fabric-convention-tags-v1, fabric-convention-tags-v2, fabric-crash-report-info-v1, fabric-data-attachment-api-v1, fabric-data-generation-api-v1, fabric-dimensions-v1, fabric-entity-events-v1, fabric-events-interaction-v0, fabric-game-rule-api-v1, fabric-gametest-api-v1, fabric-item-api-v1, fabric-item-group-api-v1, fabric-key-binding-api-v1, fabric-keybindings-v0, fabric-lifecycle-events-v1, fabric-loot-api-v2, fabric-loot-api-v3, fabric-message-api-v1, fabric-model-loading-api-v1, fabric-networking-api-v1, fabric-object-builder-api-v1, fabric-particles-v1, fabric-recipe-api-v1, fabric-registry-sync-v0, fabric-renderer-api-v1]
[20:12:39] [Render thread/DEBUG] (net.fabricmc.fabric.impl.resource.loader.ModResourcePackUtil) [Fabric] cur @ fabric, auto-enabled fabric-renderer-indigo, currently enabled: [vanilla, fabric, fabric-api, fabric-api-base, fabric-api-lookup-api-v1, fabric-biome-api-v1, fabric-block-api-v1, fabric-block-view-api-v2, fabric-blockrenderlayer-v1, fabric-client-gametest-api-v1, fabric-client-tags-api-v1, fabric-command-api-v1, fabric-command-api-v2, fabric-commands-v0, fabric-content-registries-v0, fabric-convention-tags-v1, fabric-convention-tags-v2, fabric-crash-report-info-v1, fabric-data-attachment-api-v1, fabric-data-generation-api-v1, fabric-dimensions-v1, fabric-entity-events-v1, fabric-events-interaction-v0, fabric-game-rule-api-v1, fabric-gametest-api-v1, fabric-item-api-v1, fabric-item-group-api-v1, fabric-key-binding-api-v1, fabric-keybindings-v0, fabric-lifecycle-events-v1, fabric-loot-api-v2, fabric-loot-api-v3, fabric-message-api-v1, fabric-model-loading-api-v1, fabric-networking-api-v1, fabric-object-builder-api-v1, fabric-particles-v1, fabric-recipe-api-v1, fabric-registry-sync-v0, fabric-renderer-api-v1, fabric-renderer-indigo]
[20:12:39] [Render thread/DEBUG] (net.fabricmc.fabric.impl.resource.loader.ModResourcePackUtil) [Fabric] cur @ fabric, auto-enabled fabric-rendering-data-attachment-v1, currently enabled: [vanilla, fabric, fabric-api, fabric-api-base, fabric-api-lookup-api-v1, fabric-biome-api-v1, fabric-block-api-v1, fabric-block-view-api-v2, fabric-blockrenderlayer-v1, fabric-client-gametest-api-v1, fabric-client-tags-api-v1, fabric-command-api-v1, fabric-command-api-v2, fabric-commands-v0, fabric-content-registries-v0, fabric-convention-tags-v1, fabric-convention-tags-v2, fabric-crash-report-info-v1, fabric-data-attachment-api-v1, fabric-data-generation-api-v1, fabric-dimensions-v1, fabric-entity-events-v1, fabric-events-interaction-v0, fabric-game-rule-api-v1, fabric-gametest-api-v1, fabric-item-api-v1, fabric-item-group-api-v1, fabric-key-binding-api-v1, fabric-keybindings-v0, fabric-lifecycle-events-v1, fabric-loot-api-v2, fabric-loot-api-v3, fabric-message-api-v1, fabric-model-loading-api-v1, fabric-networking-api-v1, fabric-object-builder-api-v1, fabric-particles-v1, fabric-recipe-api-v1, fabric-registry-sync-v0, fabric-renderer-api-v1, fabric-renderer-indigo, fabric-rendering-data-attachment-v1]
[20:12:39] [Render thread/DEBUG] (net.fabricmc.fabric.impl.resource.loader.ModResourcePackUtil) [Fabric] cur @ fabric, auto-enabled fabric-rendering-fluids-v1, currently enabled: [vanilla, fabric, fabric-api, fabric-api-base, fabric-api-lookup-api-v1, fabric-biome-api-v1, fabric-block-api-v1, fabric-block-view-api-v2, fabric-blockrenderlayer-v1, fabric-client-gametest-api-v1, fabric-client-tags-api-v1, fabric-command-api-v1, fabric-command-api-v2, fabric-commands-v0, fabric-content-registries-v0, fabric-convention-tags-v1, fabric-convention-tags-v2, fabric-crash-report-info-v1, fabric-data-attachment-api-v1, fabric-data-generation-api-v1, fabric-dimensions-v1, fabric-entity-events-v1, fabric-events-interaction-v0, fabric-game-rule-api-v1, fabric-gametest-api-v1, fabric-item-api-v1, fabric-item-group-api-v1, fabric-key-binding-api-v1, fabric-keybindings-v0, fabric-lifecycle-events-v1, fabric-loot-api-v2, fabric-loot-api-v3, fabric-message-api-v1, fabric-model-loading-api-v1, fabric-networking-api-v1, fabric-object-builder-api-v1, fabric-particles-v1, fabric-recipe-api-v1, fabric-registry-sync-v0, fabric-renderer-api-v1, fabric-renderer-indigo, fabric-rendering-data-attachment-v1, fabric-rendering-fluids-v1]
[20:12:39] [Render thread/DEBUG] (net.fabricmc.fabric.impl.resource.loader.ModResourcePackUtil) [Fabric] cur @ fabric, auto-enabled fabric-rendering-v1, currently enabled: [vanilla, fabric, fabric-api, fabric-api-base, fabric-api-lookup-api-v1, fabric-biome-api-v1, fabric-block-api-v1, fabric-block-view-api-v2, fabric-blockrenderlayer-v1, fabric-client-gametest-api-v1, fabric-client-tags-api-v1, fabric-command-api-v1, fabric-command-api-v2, fabric-commands-v0, fabric-content-registries-v0, fabric-convention-tags-v1, fabric-convention-tags-v2, fabric-crash-report-info-v1, fabric-data-attachment-api-v1, fabric-data-generation-api-v1, fabric-dimensions-v1, fabric-entity-events-v1, fabric-events-interaction-v0, fabric-game-rule-api-v1, fabric-gametest-api-v1, fabric-item-api-v1, fabric-item-group-api-v1, fabric-key-binding-api-v1, fabric-keybindings-v0, fabric-lifecycle-events-v1, fabric-loot-api-v2, fabric-loot-api-v3, fabric-message-api-v1, fabric-model-loading-api-v1, fabric-networking-api-v1, fabric-object-builder-api-v1, fabric-particles-v1, fabric-recipe-api-v1, fabric-registry-sync-v0, fabric-renderer-api-v1, fabric-renderer-indigo, fabric-rendering-data-attachment-v1, fabric-rendering-fluids-v1, fabric-rendering-v1]
[20:12:39] [Render thread/DEBUG] (net.fabricmc.fabric.impl.resource.loader.ModResourcePackUtil) [Fabric] cur @ fabric, auto-enabled fabric-resource-conditions-api-v1, currently enabled: [vanilla, fabric, fabric-api, fabric-api-base, fabric-api-lookup-api-v1, fabric-biome-api-v1, fabric-block-api-v1, fabric-block-view-api-v2, fabric-blockrenderlayer-v1, fabric-client-gametest-api-v1, fabric-client-tags-api-v1, fabric-command-api-v1, fabric-command-api-v2, fabric-commands-v0, fabric-content-registries-v0, fabric-convention-tags-v1, fabric-convention-tags-v2, fabric-crash-report-info-v1, fabric-data-attachment-api-v1, fabric-data-generation-api-v1, fabric-dimensions-v1, fabric-entity-events-v1, fabric-events-interaction-v0, fabric-game-rule-api-v1, fabric-gametest-api-v1, fabric-item-api-v1, fabric-item-group-api-v1, fabric-key-binding-api-v1, fabric-keybindings-v0, fabric-lifecycle-events-v1, fabric-loot-api-v2, fabric-loot-api-v3, fabric-message-api-v1, fabric-model-loading-api-v1, fabric-networking-api-v1, fabric-object-builder-api-v1, fabric-particles-v1, fabric-recipe-api-v1, fabric-registry-sync-v0, fabric-renderer-api-v1, fabric-renderer-indigo, fabric-rendering-data-attachment-v1, fabric-rendering-fluids-v1, fabric-rendering-v1, fabric-resource-conditions-api-v1]
[20:12:39] [Render thread/DEBUG] (net.fabricmc.fabric.impl.resource.loader.ModResourcePackUtil) [Fabric] cur @ fabric, auto-enabled fabric-resource-loader-v0, currently enabled: [vanilla, fabric, fabric-api, fabric-api-base, fabric-api-lookup-api-v1, fabric-biome-api-v1, fabric-block-api-v1, fabric-block-view-api-v2, fabric-blockrenderlayer-v1, fabric-client-gametest-api-v1, fabric-client-tags-api-v1, fabric-command-api-v1, fabric-command-api-v2, fabric-commands-v0, fabric-content-registries-v0, fabric-convention-tags-v1, fabric-convention-tags-v2, fabric-crash-report-info-v1, fabric-data-attachment-api-v1, fabric-data-generation-api-v1, fabric-dimensions-v1, fabric-entity-events-v1, fabric-events-interaction-v0, fabric-game-rule-api-v1, fabric-gametest-api-v1, fabric-item-api-v1, fabric-item-group-api-v1, fabric-key-binding-api-v1, fabric-keybindings-v0, fabric-lifecycle-events-v1, fabric-loot-api-v2, fabric-loot-api-v3, fabric-message-api-v1, fabric-model-loading-api-v1, fabric-networking-api-v1, fabric-object-builder-api-v1, fabric-particles-v1, fabric-recipe-api-v1, fabric-registry-sync-v0, fabric-renderer-api-v1, fabric-renderer-indigo, fabric-rendering-data-attachment-v1, fabric-rendering-fluids-v1, fabric-rendering-v1, fabric-resource-conditions-api-v1, fabric-resource-loader-v0]
[20:12:39] [Render thread/DEBUG] (net.fabricmc.fabric.impl.resource.loader.ModResourcePackUtil) [Fabric] cur @ fabric, auto-enabled fabric-screen-api-v1, currently enabled: [vanilla, fabric, fabric-api, fabric-api-base, fabric-api-lookup-api-v1, fabric-biome-api-v1, fabric-block-api-v1, fabric-block-view-api-v2, fabric-blockrenderlayer-v1, fabric-client-gametest-api-v1, fabric-client-tags-api-v1, fabric-command-api-v1, fabric-command-api-v2, fabric-commands-v0, fabric-content-registries-v0, fabric-convention-tags-v1, fabric-convention-tags-v2, fabric-crash-report-info-v1, fabric-data-attachment-api-v1, fabric-data-generation-api-v1, fabric-dimensions-v1, fabric-entity-events-v1, fabric-events-interaction-v0, fabric-game-rule-api-v1, fabric-gametest-api-v1, fabric-item-api-v1, fabric-item-group-api-v1, fabric-key-binding-api-v1, fabric-keybindings-v0, fabric-lifecycle-events-v1, fabric-loot-api-v2, fabric-loot-api-v3, fabric-message-api-v1, fabric-model-loading-api-v1, fabric-networking-api-v1, fabric-object-builder-api-v1, fabric-particles-v1, fabric-recipe-api-v1, fabric-registry-sync-v0, fabric-renderer-api-v1, fabric-renderer-indigo, fabric-rendering-data-attachment-v1, fabric-rendering-fluids-v1, fabric-rendering-v1, fabric-resource-conditions-api-v1, fabric-resource-loader-v0, fabric-screen-api-v1]
[20:12:39] [Render thread/DEBUG] (net.fabricmc.fabric.impl.resource.loader.ModResourcePackUtil) [Fabric] cur @ fabric, auto-enabled fabric-screen-handler-api-v1, currently enabled: [vanilla, fabric, fabric-api, fabric-api-base, fabric-api-lookup-api-v1, fabric-biome-api-v1, fabric-block-api-v1, fabric-block-view-api-v2, fabric-blockrenderlayer-v1, fabric-client-gametest-api-v1, fabric-client-tags-api-v1, fabric-command-api-v1, fabric-command-api-v2, fabric-commands-v0, fabric-content-registries-v0, fabric-convention-tags-v1, fabric-convention-tags-v2, fabric-crash-report-info-v1, fabric-data-attachment-api-v1, fabric-data-generation-api-v1, fabric-dimensions-v1, fabric-entity-events-v1, fabric-events-interaction-v0, fabric-game-rule-api-v1, fabric-gametest-api-v1, fabric-item-api-v1, fabric-item-group-api-v1, fabric-key-binding-api-v1, fabric-keybindings-v0, fabric-lifecycle-events-v1, fabric-loot-api-v2, fabric-loot-api-v3, fabric-message-api-v1, fabric-model-loading-api-v1, fabric-networking-api-v1, fabric-object-builder-api-v1, fabric-particles-v1, fabric-recipe-api-v1, fabric-registry-sync-v0, fabric-renderer-api-v1, fabric-renderer-indigo, fabric-rendering-data-attachment-v1, fabric-rendering-fluids-v1, fabric-rendering-v1, fabric-resource-conditions-api-v1, fabric-resource-loader-v0, fabric-screen-api-v1, fabric-screen-handler-api-v1]
[20:12:39] [Render thread/DEBUG] (net.fabricmc.fabric.impl.resource.loader.ModResourcePackUtil) [Fabric] cur @ fabric, auto-enabled fabric-sound-api-v1, currently enabled: [vanilla, fabric, fabric-api, fabric-api-base, fabric-api-lookup-api-v1, fabric-biome-api-v1, fabric-block-api-v1, fabric-block-view-api-v2, fabric-blockrenderlayer-v1, fabric-client-gametest-api-v1, fabric-client-tags-api-v1, fabric-command-api-v1, fabric-command-api-v2, fabric-commands-v0, fabric-content-registries-v0, fabric-convention-tags-v1, fabric-convention-tags-v2, fabric-crash-report-info-v1, fabric-data-attachment-api-v1, fabric-data-generation-api-v1, fabric-dimensions-v1, fabric-entity-events-v1, fabric-events-interaction-v0, fabric-game-rule-api-v1, fabric-gametest-api-v1, fabric-item-api-v1, fabric-item-group-api-v1, fabric-key-binding-api-v1, fabric-keybindings-v0, fabric-lifecycle-events-v1, fabric-loot-api-v2, fabric-loot-api-v3, fabric-message-api-v1, fabric-model-loading-api-v1, fabric-networking-api-v1, fabric-object-builder-api-v1, fabric-particles-v1, fabric-recipe-api-v1, fabric-registry-sync-v0, fabric-renderer-api-v1, fabric-renderer-indigo, fabric-rendering-data-attachment-v1, fabric-rendering-fluids-v1, fabric-rendering-v1, fabric-resource-conditions-api-v1, fabric-resource-loader-v0, fabric-screen-api-v1, fabric-screen-handler-api-v1, fabric-sound-api-v1]
[20:12:39] [Render thread/DEBUG] (net.fabricmc.fabric.impl.resource.loader.ModResourcePackUtil) [Fabric] cur @ fabric, auto-enabled fabric-tag-api-v1, currently enabled: [vanilla, fabric, fabric-api, fabric-api-base, fabric-api-lookup-api-v1, fabric-biome-api-v1, fabric-block-api-v1, fabric-block-view-api-v2, fabric-blockrenderlayer-v1, fabric-client-gametest-api-v1, fabric-client-tags-api-v1, fabric-command-api-v1, fabric-command-api-v2, fabric-commands-v0, fabric-content-registries-v0, fabric-convention-tags-v1, fabric-convention-tags-v2, fabric-crash-report-info-v1, fabric-data-attachment-api-v1, fabric-data-generation-api-v1, fabric-dimensions-v1, fabric-entity-events-v1, fabric-events-interaction-v0, fabric-game-rule-api-v1, fabric-gametest-api-v1, fabric-item-api-v1, fabric-item-group-api-v1, fabric-key-binding-api-v1, fabric-keybindings-v0, fabric-lifecycle-events-v1, fabric-loot-api-v2, fabric-loot-api-v3, fabric-message-api-v1, fabric-model-loading-api-v1, fabric-networking-api-v1, fabric-object-builder-api-v1, fabric-particles-v1, fabric-recipe-api-v1, fabric-registry-sync-v0, fabric-renderer-api-v1, fabric-renderer-indigo, fabric-rendering-data-attachment-v1, fabric-rendering-fluids-v1, fabric-rendering-v1, fabric-resource-conditions-api-v1, fabric-resource-loader-v0, fabric-screen-api-v1, fabric-screen-handler-api-v1, fabric-sound-api-v1, fabric-tag-api-v1]
[20:12:39] [Render thread/DEBUG] (net.fabricmc.fabric.impl.resource.loader.ModResourcePackUtil) [Fabric] cur @ fabric, auto-enabled fabric-transfer-api-v1, currently enabled: [vanilla, fabric, fabric-api, fabric-api-base, fabric-api-lookup-api-v1, fabric-biome-api-v1, fabric-block-api-v1, fabric-block-view-api-v2, fabric-blockrenderlayer-v1, fabric-client-gametest-api-v1, fabric-client-tags-api-v1, fabric-command-api-v1, fabric-command-api-v2, fabric-commands-v0, fabric-content-registries-v0, fabric-convention-tags-v1, fabric-convention-tags-v2, fabric-crash-report-info-v1, fabric-data-attachment-api-v1, fabric-data-generation-api-v1, fabric-dimensions-v1, fabric-entity-events-v1, fabric-events-interaction-v0, fabric-game-rule-api-v1, fabric-gametest-api-v1, fabric-item-api-v1, fabric-item-group-api-v1, fabric-key-binding-api-v1, fabric-keybindings-v0, fabric-lifecycle-events-v1, fabric-loot-api-v2, fabric-loot-api-v3, fabric-message-api-v1, fabric-model-loading-api-v1, fabric-networking-api-v1, fabric-object-builder-api-v1, fabric-particles-v1, fabric-recipe-api-v1, fabric-registry-sync-v0, fabric-renderer-api-v1, fabric-renderer-indigo, fabric-rendering-data-attachment-v1, fabric-rendering-fluids-v1, fabric-rendering-v1, fabric-resource-conditions-api-v1, fabric-resource-loader-v0, fabric-screen-api-v1, fabric-screen-handler-api-v1, fabric-sound-api-v1, fabric-tag-api-v1, fabric-transfer-api-v1]
[20:12:39] [Render thread/DEBUG] (net.fabricmc.fabric.impl.resource.loader.ModResourcePackUtil) [Fabric] cur @ fabric, auto-enabled fabric-transitive-access-wideners-v1, currently enabled: [vanilla, fabric, fabric-api, fabric-api-base, fabric-api-lookup-api-v1, fabric-biome-api-v1, fabric-block-api-v1, fabric-block-view-api-v2, fabric-blockrenderlayer-v1, fabric-client-gametest-api-v1, fabric-client-tags-api-v1, fabric-command-api-v1, fabric-command-api-v2, fabric-commands-v0, fabric-content-registries-v0, fabric-convention-tags-v1, fabric-convention-tags-v2, fabric-crash-report-info-v1, fabric-data-attachment-api-v1, fabric-data-generation-api-v1, fabric-dimensions-v1, fabric-entity-events-v1, fabric-events-interaction-v0, fabric-game-rule-api-v1, fabric-gametest-api-v1, fabric-item-api-v1, fabric-item-group-api-v1, fabric-key-binding-api-v1, fabric-keybindings-v0, fabric-lifecycle-events-v1, fabric-loot-api-v2, fabric-loot-api-v3, fabric-message-api-v1, fabric-model-loading-api-v1, fabric-networking-api-v1, fabric-object-builder-api-v1, fabric-particles-v1, fabric-recipe-api-v1, fabric-registry-sync-v0, fabric-renderer-api-v1, fabric-renderer-indigo, fabric-rendering-data-attachment-v1, fabric-rendering-fluids-v1, fabric-rendering-v1, fabric-resource-conditions-api-v1, fabric-resource-loader-v0, fabric-screen-api-v1, fabric-screen-handler-api-v1, fabric-sound-api-v1, fabric-tag-api-v1, fabric-transfer-api-v1, fabric-transitive-access-wideners-v1]
[20:12:39] [Render thread/DEBUG] (net.fabricmc.fabric.impl.resource.loader.ModResourcePackUtil) [Fabric] cur @ fabric, auto-enabled fabricloader, currently enabled: [vanilla, fabric, fabric-api, fabric-api-base, fabric-api-lookup-api-v1, fabric-biome-api-v1, fabric-block-api-v1, fabric-block-view-api-v2, fabric-blockrenderlayer-v1, fabric-client-gametest-api-v1, fabric-client-tags-api-v1, fabric-command-api-v1, fabric-command-api-v2, fabric-commands-v0, fabric-content-registries-v0, fabric-convention-tags-v1, fabric-convention-tags-v2, fabric-crash-report-info-v1, fabric-data-attachment-api-v1, fabric-data-generation-api-v1, fabric-dimensions-v1, fabric-entity-events-v1, fabric-events-interaction-v0, fabric-game-rule-api-v1, fabric-gametest-api-v1, fabric-item-api-v1, fabric-item-group-api-v1, fabric-key-binding-api-v1, fabric-keybindings-v0, fabric-lifecycle-events-v1, fabric-loot-api-v2, fabric-loot-api-v3, fabric-message-api-v1, fabric-model-loading-api-v1, fabric-networking-api-v1, fabric-object-builder-api-v1, fabric-particles-v1, fabric-recipe-api-v1, fabric-registry-sync-v0, fabric-renderer-api-v1, fabric-renderer-indigo, fabric-rendering-data-attachment-v1, fabric-rendering-fluids-v1, fabric-rendering-v1, fabric-resource-conditions-api-v1, fabric-resource-loader-v0, fabric-screen-api-v1, fabric-screen-handler-api-v1, fabric-sound-api-v1, fabric-tag-api-v1, fabric-transfer-api-v1, fabric-transitive-access-wideners-v1, fabricloader]
[20:12:39] [Render thread/DEBUG] (net.fabricmc.fabric.impl.resource.loader.ModResourcePackUtil) [Fabric] cur @ fabric, auto-enabled vurstvisual, currently enabled: [vanilla, fabric, fabric-api, fabric-api-base, fabric-api-lookup-api-v1, fabric-biome-api-v1, fabric-block-api-v1, fabric-block-view-api-v2, fabric-blockrenderlayer-v1, fabric-client-gametest-api-v1, fabric-client-tags-api-v1, fabric-command-api-v1, fabric-command-api-v2, fabric-commands-v0, fabric-content-registries-v0, fabric-convention-tags-v1, fabric-convention-tags-v2, fabric-crash-report-info-v1, fabric-data-attachment-api-v1, fabric-data-generation-api-v1, fabric-dimensions-v1, fabric-entity-events-v1, fabric-events-interaction-v0, fabric-game-rule-api-v1, fabric-gametest-api-v1, fabric-item-api-v1, fabric-item-group-api-v1, fabric-key-binding-api-v1, fabric-keybindings-v0, fabric-lifecycle-events-v1, fabric-loot-api-v2, fabric-loot-api-v3, fabric-message-api-v1, fabric-model-loading-api-v1, fabric-networking-api-v1, fabric-object-builder-api-v1, fabric-particles-v1, fabric-recipe-api-v1, fabric-registry-sync-v0, fabric-renderer-api-v1, fabric-renderer-indigo, fabric-rendering-data-attachment-v1, fabric-rendering-fluids-v1, fabric-rendering-v1, fabric-resource-conditions-api-v1, fabric-resource-loader-v0, fabric-screen-api-v1, fabric-screen-handler-api-v1, fabric-sound-api-v1, fabric-tag-api-v1, fabric-transfer-api-v1, fabric-transitive-access-wideners-v1, fabricloader, vurstvisual]
[20:12:39] [Render thread/DEBUG] (net.fabricmc.fabric.impl.resource.loader.ModResourcePackUtil) [Fabric] Final sorting result: [vanilla, fabric, fabric-api, fabric-api-base, fabric-api-lookup-api-v1, fabric-biome-api-v1, fabric-block-api-v1, fabric-block-view-api-v2, fabric-blockrenderlayer-v1, fabric-client-gametest-api-v1, fabric-client-tags-api-v1, fabric-command-api-v1, fabric-command-api-v2, fabric-commands-v0, fabric-content-registries-v0, fabric-convention-tags-v1, fabric-convention-tags-v2, fabric-crash-report-info-v1, fabric-data-attachment-api-v1, fabric-data-generation-api-v1, fabric-dimensions-v1, fabric-entity-events-v1, fabric-events-interaction-v0, fabric-game-rule-api-v1, fabric-gametest-api-v1, fabric-item-api-v1, fabric-item-group-api-v1, fabric-key-binding-api-v1, fabric-keybindings-v0, fabric-lifecycle-events-v1, fabric-loot-api-v2, fabric-loot-api-v3, fabric-message-api-v1, fabric-model-loading-api-v1, fabric-networking-api-v1, fabric-object-builder-api-v1, fabric-particles-v1, fabric-recipe-api-v1, fabric-registry-sync-v0, fabric-renderer-api-v1, fabric-renderer-indigo, fabric-rendering-data-attachment-v1, fabric-rendering-fluids-v1, fabric-rendering-v1, fabric-resource-conditions-api-v1, fabric-resource-loader-v0, fabric-screen-api-v1, fabric-screen-handler-api-v1, fabric-sound-api-v1, fabric-tag-api-v1, fabric-transfer-api-v1, fabric-transitive-access-wideners-v1, fabricloader, vurstvisual]
[20:12:39] [Render thread/INFO] (net.minecraft.resource.ReloadableResourceManagerImpl) Reloading ResourceManager: vanilla, fabric, fabric-api, fabric-api-base, fabric-api-lookup-api-v1, fabric-biome-api-v1, fabric-block-api-v1, fabric-block-view-api-v2, fabric-blockrenderlayer-v1, fabric-client-gametest-api-v1, fabric-client-tags-api-v1, fabric-command-api-v1, fabric-command-api-v2, fabric-commands-v0, fabric-content-registries-v0, fabric-convention-tags-v1, fabric-convention-tags-v2, fabric-crash-report-info-v1, fabric-data-attachment-api-v1, fabric-data-generation-api-v1, fabric-dimensions-v1, fabric-entity-events-v1, fabric-events-interaction-v0, fabric-game-rule-api-v1, fabric-gametest-api-v1, fabric-item-api-v1, fabric-item-group-api-v1, fabric-key-binding-api-v1, fabric-keybindings-v0, fabric-lifecycle-events-v1, fabric-loot-api-v2, fabric-loot-api-v3, fabric-message-api-v1, fabric-model-loading-api-v1, fabric-networking-api-v1, fabric-object-builder-api-v1, fabric-particles-v1, fabric-recipe-api-v1, fabric-registry-sync-v0, fabric-renderer-api-v1, fabric-renderer-indigo, fabric-rendering-data-attachment-v1, fabric-rendering-fluids-v1, fabric-rendering-v1, fabric-resource-conditions-api-v1, fabric-resource-loader-v0, fabric-screen-api-v1, fabric-screen-handler-api-v1, fabric-sound-api-v1, fabric-tag-api-v1, fabric-transfer-api-v1, fabric-transitive-access-wideners-v1, fabricloader, vurstvisual
[20:12:39] [Worker-Main-9/INFO] (net.minecraft.client.font.UnihexFont) Found unifont_all_no_pua-16.0.01.hex, loading
[20:12:39] [Worker-Main-2/WARN] (net.minecraft.client.sound.SoundManager) File minecraft:sounds/headshot_spotted1.ogg does not exist, cannot add it to event vurstvisual:hitsound.headshot
[20:12:39] [Worker-Main-2/WARN] (net.minecraft.client.sound.SoundManager) File minecraft:sounds/job_done.ogg does not exist, cannot add it to event vurstvisual:hitsound.jobdone
[20:12:39] [Worker-Main-2/WARN] (net.minecraft.client.sound.SoundManager) File minecraft:sounds/knob.ogg does not exist, cannot add it to event vurstvisual:hitsound.knob
[20:12:39] [Worker-Main-2/WARN] (net.minecraft.client.sound.SoundManager) File minecraft:sounds/light.ogg does not exist, cannot add it to event vurstvisual:hitsound.light
[20:12:39] [Worker-Main-2/WARN] (net.minecraft.client.sound.SoundManager) File minecraft:sounds/anime_female_short.ogg does not exist, cannot add it to event vurstvisual:hitsound.anime_female_short
[20:12:39] [Worker-Main-2/WARN] (net.minecraft.client.sound.SoundManager) File minecraft:sounds/cod_hitmarker.ogg does not exist, cannot add it to event vurstvisual:hitsound.cod_hitmarker
[20:12:39] [Worker-Main-2/WARN] (net.minecraft.client.sound.SoundManager) File minecraft:sounds/click1.ogg does not exist, cannot add it to event vurstvisual:hitsound.click1
[20:12:39] [Worker-Main-2/WARN] (net.minecraft.client.sound.SoundManager) File minecraft:sounds/click3.ogg does not exist, cannot add it to event vurstvisual:hitsound.click3
[20:12:39] [Worker-Main-2/WARN] (net.minecraft.client.sound.SoundManager) File minecraft:sounds/nyashka.ogg does not exist, cannot add it to event vurstvisual:hitsound.nyashka
[20:12:39] [Worker-Main-2/WARN] (net.minecraft.client.sound.SoundManager) File minecraft:sounds/hitsounds/abmiss.ogg does not exist, cannot add it to event vurstvisual:kill_effect.abmiss
[20:12:39] [Worker-Main-2/INFO] (net.minecraft.client.font.UnihexFont) Found unifont_jp_patch-16.0.01.hex, loading
[20:12:40] [Render thread/INFO] (net.minecraft.client.sound.SoundEngine) OpenAL initialized on device OpenAL Soft on Headset Earphone (G435 SE Wireless Gaming Headset)
[20:12:40] [Render thread/INFO] (net.minecraft.client.sound.SoundSystem) Sound engine started
[20:12:40] [Render thread/INFO] (net.minecraft.client.texture.SpriteAtlasTexture) Created: 1024x512x4 minecraft:textures/atlas/blocks.png-atlas
[20:12:40] [Render thread/INFO] (net.minecraft.client.texture.SpriteAtlasTexture) Created: 256x256x4 minecraft:textures/atlas/signs.png-atlas
[20:12:40] [Render thread/INFO] (net.minecraft.client.texture.SpriteAtlasTexture) Created: 512x512x4 minecraft:textures/atlas/shield_patterns.png-atlas
[20:12:40] [Render thread/INFO] (net.minecraft.client.texture.SpriteAtlasTexture) Created: 512x512x4 minecraft:textures/atlas/banner_patterns.png-atlas
[20:12:40] [Render thread/INFO] (net.minecraft.client.texture.SpriteAtlasTexture) Created: 2048x1024x4 minecraft:textures/atlas/armor_trims.png-atlas
[20:12:40] [Render thread/INFO] (net.minecraft.client.texture.SpriteAtlasTexture) Created: 128x64x4 minecraft:textures/atlas/decorated_pot.png-atlas
[20:12:40] [Render thread/INFO] (net.minecraft.client.texture.SpriteAtlasTexture) Created: 256x256x4 minecraft:textures/atlas/chest.png-atlas
[20:12:40] [Render thread/INFO] (net.minecraft.client.texture.SpriteAtlasTexture) Created: 512x256x4 minecraft:textures/atlas/shulker_boxes.png-atlas
[20:12:40] [Render thread/INFO] (net.minecraft.client.texture.SpriteAtlasTexture) Created: 512x256x4 minecraft:textures/atlas/beds.png-atlas
[20:12:40] [Render thread/INFO] (net.minecraft.client.texture.SpriteAtlasTexture) Created: 64x64x0 minecraft:textures/atlas/map_decorations.png-atlas
[20:12:40] [Render thread/INFO] (net.minecraft.client.texture.SpriteAtlasTexture) Created: 512x256x0 minecraft:textures/atlas/particles.png-atlas
[20:12:40] [Render thread/INFO] (net.minecraft.client.texture.SpriteAtlasTexture) Created: 512x256x0 minecraft:textures/atlas/paintings.png-atlas
[20:12:40] [Render thread/INFO] (net.minecraft.client.texture.SpriteAtlasTexture) Created: 256x128x0 minecraft:textures/atlas/mob_effects.png-atlas
[20:12:40] [Render thread/INFO] (net.minecraft.client.texture.SpriteAtlasTexture) Created: 1024x512x0 minecraft:textures/atlas/gui.png-atlas
[20:12:44] [Server Pinger #0/DEBUG] (FabricLoader/Mixin) Mixing ingredient.EncoderHandlerMixin from fabric-recipe-api-v1.mixins.json into net.minecraft.network.handler.EncoderHandler
[20:12:44] [Server Pinger #0/DEBUG] (FabricLoader/Mixin) fabric-recipe-api-v1.mixins.json:ingredient.EncoderHandlerMixin from mod fabric-recipe-api-v1->@Inject::capturePacketEncoder(Lio/netty/channel/ChannelHandlerContext;Lnet/minecraft/network/packet/Packet;Lio/netty/buffer/ByteBuf;Lorg/spongepowered/asm/mixin/injection/callback/CallbackInfo;)V doesn't use it's CallbackInfo
[20:12:44] [Server Pinger #0/DEBUG] (FabricLoader/Mixin) fabric-recipe-api-v1.mixins.json:ingredient.EncoderHandlerMixin from mod fabric-recipe-api-v1->@Inject::capturePacketEncoder(Lio/netty/channel/ChannelHandlerContext;Lnet/minecraft/network/packet/Packet;Lio/netty/buffer/ByteBuf;Lorg/spongepowered/asm/mixin/injection/callback/CallbackInfo;)V has 0 override(s) in child classes
[20:12:44] [Server Pinger #0/DEBUG] (FabricLoader/Mixin) fabric-recipe-api-v1.mixins.json:ingredient.EncoderHandlerMixin from mod fabric-recipe-api-v1->@Inject::capturePacketEncoder(Lio/netty/channel/ChannelHandlerContext;Lnet/minecraft/network/packet/Packet;Lio/netty/buffer/ByteBuf;Lorg/spongepowered/asm/mixin/injection/callback/CallbackInfo;)V won't be passed a CallbackInfo as a result
[20:12:44] [Server Pinger #0/DEBUG] (FabricLoader/Mixin) fabric-recipe-api-v1.mixins.json:ingredient.EncoderHandlerMixin from mod fabric-recipe-api-v1->@Inject::releasePacketEncoder(Lio/netty/channel/ChannelHandlerContext;Lnet/minecraft/network/packet/Packet;Lio/netty/buffer/ByteBuf;Lorg/spongepowered/asm/mixin/injection/callback/CallbackInfo;)V doesn't use it's CallbackInfo
[20:12:44] [Server Pinger #0/DEBUG] (FabricLoader/Mixin) fabric-recipe-api-v1.mixins.json:ingredient.EncoderHandlerMixin from mod fabric-recipe-api-v1->@Inject::releasePacketEncoder(Lio/netty/channel/ChannelHandlerContext;Lnet/minecraft/network/packet/Packet;Lio/netty/buffer/ByteBuf;Lorg/spongepowered/asm/mixin/injection/callback/CallbackInfo;)V has 0 override(s) in child classes
[20:12:44] [Server Pinger #0/DEBUG] (FabricLoader/Mixin) fabric-recipe-api-v1.mixins.json:ingredient.EncoderHandlerMixin from mod fabric-recipe-api-v1->@Inject::releasePacketEncoder(Lio/netty/channel/ChannelHandlerContext;Lnet/minecraft/network/packet/Packet;Lio/netty/buffer/ByteBuf;Lorg/spongepowered/asm/mixin/injection/callback/CallbackInfo;)V won't be passed a CallbackInfo as a result
[20:12:44] [Server Pinger #0/DEBUG] (FabricLoader/Mixin) fabric-recipe-api-v1.mixins.json:ingredient.EncoderHandlerMixin from mod fabric-recipe-api-v1->@Inject::releasePacketEncoder(Lio/netty/channel/ChannelHandlerContext;Lnet/minecraft/network/packet/Packet;Lio/netty/buffer/ByteBuf;Lorg/spongepowered/asm/mixin/injection/callback/CallbackInfo;)V doesn't use it's CallbackInfo
[20:12:44] [Server Pinger #0/DEBUG] (FabricLoader/Mixin) fabric-recipe-api-v1.mixins.json:ingredient.EncoderHandlerMixin from mod fabric-recipe-api-v1->@Inject::releasePacketEncoder(Lio/netty/channel/ChannelHandlerContext;Lnet/minecraft/network/packet/Packet;Lio/netty/buffer/ByteBuf;Lorg/spongepowered/asm/mixin/injection/callback/CallbackInfo;)V has 0 override(s) in child classes
[20:12:44] [Server Pinger #0/DEBUG] (FabricLoader/Mixin) fabric-recipe-api-v1.mixins.json:ingredient.EncoderHandlerMixin from mod fabric-recipe-api-v1->@Inject::releasePacketEncoder(Lio/netty/channel/ChannelHandlerContext;Lnet/minecraft/network/packet/Packet;Lio/netty/buffer/ByteBuf;Lorg/spongepowered/asm/mixin/injection/callback/CallbackInfo;)V won't be passed a CallbackInfo as a result
[20:12:44] [Server Pinger #0/DEBUG] (FabricLoader/Mixin) Mixing PacketCodecDispatcherMixin from fabric-networking-api-v1.mixins.json into net.minecraft.network.handler.PacketCodecDispatcher
[20:12:44] [Server Pinger #0/DEBUG] (FabricLoader/Mixin) fabric-networking-api-v1.mixins.json:PacketCodecDispatcherMixin from mod fabric-networking-api-v1->@Inject::encode(Lio/netty/buffer/ByteBuf;Ljava/lang/Object;Lorg/spongepowered/asm/mixin/injection/callback/CallbackInfo;)V doesn't use it's CallbackInfo
[20:12:44] [Server Pinger #0/DEBUG] (FabricLoader/Mixin) fabric-networking-api-v1.mixins.json:PacketCodecDispatcherMixin from mod fabric-networking-api-v1->@Inject::encode(Lio/netty/buffer/ByteBuf;Ljava/lang/Object;Lorg/spongepowered/asm/mixin/injection/callback/CallbackInfo;)V has 0 override(s) in child classes
[20:12:44] [Server Pinger #0/DEBUG] (FabricLoader/Mixin) fabric-networking-api-v1.mixins.json:PacketCodecDispatcherMixin from mod fabric-networking-api-v1->@Inject::encode(Lio/netty/buffer/ByteBuf;Ljava/lang/Object;Lorg/spongepowered/asm/mixin/injection/callback/CallbackInfo;)V won't be passed a CallbackInfo as a result
[20:12:44] [Server Pinger #0/DEBUG] (io.netty.util.internal.InternalThreadLocalMap) -Dio.netty.threadLocalMap.stringBuilder.initialSize: 1024
[20:12:44] [Server Pinger #0/DEBUG] (io.netty.util.internal.InternalThreadLocalMap) -Dio.netty.threadLocalMap.stringBuilder.maxSize: 4096
[20:12:44] [Server Pinger #0/DEBUG] (io.netty.util.internal.PlatformDependent0) -Dio.netty.noUnsafe: false
[20:12:44] [Server Pinger #0/DEBUG] (io.netty.util.internal.PlatformDependent0) Java version: 21
[20:12:44] [Server Pinger #0/DEBUG] (io.netty.util.internal.PlatformDependent0) sun.misc.Unsafe.theUnsafe: available
[20:12:44] [Server Pinger #0/DEBUG] (io.netty.util.internal.PlatformDependent0) sun.misc.Unsafe base methods: all available
[20:12:44] [Server Pinger #0/DEBUG] (io.netty.util.internal.PlatformDependent0) sun.misc.Unsafe.storeFence: available
[20:12:44] [Server Pinger #0/DEBUG] (io.netty.util.internal.PlatformDependent0) java.nio.Buffer.address: available
[20:12:44] [Server Pinger #0/DEBUG] (io.netty.util.internal.PlatformDependent0) direct buffer constructor: unavailable
java.lang.UnsupportedOperationException: Reflective setAccessible(true) disabled
	at knot/io.netty.util.internal.ReflectionUtil.trySetAccessible(ReflectionUtil.java:31) ~[netty-common-4.1.115.Final.jar:?]
	at knot/io.netty.util.internal.PlatformDependent0$5.run(PlatformDependent0.java:332) ~[netty-common-4.1.115.Final.jar:?]
	at java.base/java.security.AccessController.doPrivileged(AccessController.java:319) ~[?:?]
	at knot/io.netty.util.internal.PlatformDependent0.<clinit>(PlatformDependent0.java:325) ~[netty-common-4.1.115.Final.jar:?]
	at knot/io.netty.util.internal.PlatformDependent.isAndroid(PlatformDependent.java:334) ~[netty-common-4.1.115.Final.jar:?]
	at knot/io.netty.util.internal.PlatformDependent.<clinit>(PlatformDependent.java:90) ~[netty-common-4.1.115.Final.jar:?]
	at knot/io.netty.util.internal.ClassInitializerUtil.tryLoadClasses(ClassInitializerUtil.java:32) ~[netty-common-4.1.115.Final.jar:?]
	at knot/io.netty.channel.epoll.Native.<clinit>(Native.java:83) ~[netty-transport-classes-epoll-4.1.115.Final.jar:?]
	at knot/io.netty.channel.epoll.Epoll.<clinit>(Epoll.java:40) ~[netty-transport-classes-epoll-4.1.115.Final.jar:?]
	at knot/net.minecraft.network.ClientConnection.connect(ClientConnection.java:483) ~[minecraft-merged-5949857ec5-1.21.4-null.unspecified.1_21_4.1.0-v2.jar:?]
	at knot/net.minecraft.network.ClientConnection.connect(ClientConnection.java:474) ~[minecraft-merged-5949857ec5-1.21.4-null.unspecified.1_21_4.1.0-v2.jar:?]
	at knot/net.minecraft.client.network.MultiplayerServerListPinger.add(MultiplayerServerListPinger.java:57) ~[minecraft-merged-5949857ec5-1.21.4-null.unspecified.1_21_4.1.0-v2.jar:?]
	at knot/net.minecraft.client.gui.screen.multiplayer.MultiplayerServerListWidget$ServerEntry.method_20138(MultiplayerServerListWidget.java:255) ~[minecraft-merged-5949857ec5-1.21.4-null.unspecified.1_21_4.1.0-v2.jar:?]
	at java.base/java.util.concurrent.Executors$RunnableAdapter.call(Executors.java:572) ~[?:?]
	at java.base/java.util.concurrent.FutureTask.run(FutureTask.java:317) ~[?:?]
	at java.base/java.util.concurrent.ScheduledThreadPoolExecutor$ScheduledFutureTask.run(ScheduledThreadPoolExecutor.java:304) ~[?:?]
	at java.base/java.util.concurrent.ThreadPoolExecutor.runWorker(ThreadPoolExecutor.java:1144) ~[?:?]
	at java.base/java.util.concurrent.ThreadPoolExecutor$Worker.run(ThreadPoolExecutor.java:642) ~[?:?]
	at java.base/java.lang.Thread.run(Thread.java:1583) [?:?]
[20:12:44] [Server Pinger #0/DEBUG] (io.netty.util.internal.PlatformDependent0) java.nio.Bits.unaligned: available, true
[20:12:44] [Server Pinger #0/DEBUG] (io.netty.util.internal.PlatformDependent0) jdk.internal.misc.Unsafe.allocateUninitializedArray(int): unavailable
java.lang.IllegalAccessException: class io.netty.util.internal.PlatformDependent0$7 cannot access class jdk.internal.misc.Unsafe (in module java.base) because module java.base does not export jdk.internal.misc to unnamed module @4470f8a6
	at java.base/jdk.internal.reflect.Reflection.newIllegalAccessException(Reflection.java:394) ~[?:?]
	at java.base/java.lang.reflect.AccessibleObject.checkAccess(AccessibleObject.java:714) ~[?:?]
	at java.base/java.lang.reflect.Method.invoke(Method.java:571) ~[?:?]
	at knot/io.netty.util.internal.PlatformDependent0$7.run(PlatformDependent0.java:468) ~[netty-common-4.1.115.Final.jar:?]
	at java.base/java.security.AccessController.doPrivileged(AccessController.java:319) ~[?:?]
	at knot/io.netty.util.internal.PlatformDependent0.<clinit>(PlatformDependent0.java:459) ~[netty-common-4.1.115.Final.jar:?]
	at knot/io.netty.util.internal.PlatformDependent.isAndroid(PlatformDependent.java:334) ~[netty-common-4.1.115.Final.jar:?]
	at knot/io.netty.util.internal.PlatformDependent.<clinit>(PlatformDependent.java:90) ~[netty-common-4.1.115.Final.jar:?]
	at knot/io.netty.util.internal.ClassInitializerUtil.tryLoadClasses(ClassInitializerUtil.java:32) ~[netty-common-4.1.115.Final.jar:?]
	at knot/io.netty.channel.epoll.Native.<clinit>(Native.java:83) ~[netty-transport-classes-epoll-4.1.115.Final.jar:?]
	at knot/io.netty.channel.epoll.Epoll.<clinit>(Epoll.java:40) ~[netty-transport-classes-epoll-4.1.115.Final.jar:?]
	at knot/net.minecraft.network.ClientConnection.connect(ClientConnection.java:483) ~[minecraft-merged-5949857ec5-1.21.4-null.unspecified.1_21_4.1.0-v2.jar:?]
	at knot/net.minecraft.network.ClientConnection.connect(ClientConnection.java:474) ~[minecraft-merged-5949857ec5-1.21.4-null.unspecified.1_21_4.1.0-v2.jar:?]
	at knot/net.minecraft.client.network.MultiplayerServerListPinger.add(MultiplayerServerListPinger.java:57) ~[minecraft-merged-5949857ec5-1.21.4-null.unspecified.1_21_4.1.0-v2.jar:?]
	at knot/net.minecraft.client.gui.screen.multiplayer.MultiplayerServerListWidget$ServerEntry.method_20138(MultiplayerServerListWidget.java:255) ~[minecraft-merged-5949857ec5-1.21.4-null.unspecified.1_21_4.1.0-v2.jar:?]
	at java.base/java.util.concurrent.Executors$RunnableAdapter.call(Executors.java:572) ~[?:?]
	at java.base/java.util.concurrent.FutureTask.run(FutureTask.java:317) ~[?:?]
	at java.base/java.util.concurrent.ScheduledThreadPoolExecutor$ScheduledFutureTask.run(ScheduledThreadPoolExecutor.java:304) ~[?:?]
	at java.base/java.util.concurrent.ThreadPoolExecutor.runWorker(ThreadPoolExecutor.java:1144) ~[?:?]
	at java.base/java.util.concurrent.ThreadPoolExecutor$Worker.run(ThreadPoolExecutor.java:642) ~[?:?]
	at java.base/java.lang.Thread.run(Thread.java:1583) [?:?]
[20:12:44] [Server Pinger #0/DEBUG] (io.netty.util.internal.PlatformDependent0) java.nio.DirectByteBuffer.<init>(long, {int,long}): unavailable
[20:12:44] [Server Pinger #0/DEBUG] (io.netty.util.internal.PlatformDependent) sun.misc.Unsafe: available
[20:12:44] [Server Pinger #0/DEBUG] (io.netty.util.internal.PlatformDependent) -Dio.netty.tmpdir: C:\Users\0pcho\AppData\Local\Temp (java.io.tmpdir)
[20:12:44] [Server Pinger #0/DEBUG] (io.netty.util.internal.PlatformDependent) -Dio.netty.bitMode: 64 (sun.arch.data.model)
[20:12:44] [Server Pinger #0/DEBUG] (io.netty.util.internal.PlatformDependent) Platform: Windows
[20:12:44] [Server Pinger #0/DEBUG] (io.netty.util.internal.PlatformDependent) -Dio.netty.maxDirectMemory: -1 bytes
[20:12:44] [Server Pinger #0/DEBUG] (io.netty.util.internal.PlatformDependent) -Dio.netty.uninitializedArrayAllocationThreshold: -1
[20:12:44] [Server Pinger #0/DEBUG] (io.netty.util.internal.CleanerJava9) java.nio.ByteBuffer.cleaner(): available
[20:12:44] [Server Pinger #0/DEBUG] (io.netty.util.internal.PlatformDependent) -Dio.netty.noPreferDirect: false
[20:12:44] [Server Pinger #0/DEBUG] (io.netty.channel.MultithreadEventLoopGroup) -Dio.netty.eventLoopThreads: 24
[20:12:44] [Server Pinger #0/DEBUG] (io.netty.util.concurrent.GlobalEventExecutor) -Dio.netty.globalEventExecutor.quietPeriodSeconds: 1
[20:12:44] [Server Pinger #0/DEBUG] (io.netty.channel.nio.NioEventLoop) -Dio.netty.noKeySetOptimization: false
[20:12:44] [Server Pinger #0/DEBUG] (io.netty.channel.nio.NioEventLoop) -Dio.netty.selectorAutoRebuildThreshold: 512
[20:12:44] [Server Pinger #0/DEBUG] (io.netty.util.internal.PlatformDependent) org.jctools-core.MpscChunkedArrayQueue: available
[20:12:44] [Server Pinger #0/DEBUG] (io.netty.channel.DefaultChannelId) -Dio.netty.processId: 4412 (auto-detected)
[20:12:44] [Server Pinger #0/DEBUG] (io.netty.util.NetUtil) -Djava.net.preferIPv4Stack: false
[20:12:44] [Server Pinger #0/DEBUG] (io.netty.util.NetUtil) -Djava.net.preferIPv6Addresses: false
[20:12:44] [Server Pinger #0/DEBUG] (io.netty.util.NetUtilInitializations) Loopback interface: loopback_0 (Software Loopback Interface 1, 0:0:0:0:0:0:0:1)
[20:12:44] [Server Pinger #0/DEBUG] (io.netty.util.NetUtil) Failed to get SOMAXCONN from sysctl and file \proc\sys\net\core\somaxconn. Default: 200
[20:12:44] [Server Pinger #0/DEBUG] (io.netty.channel.DefaultChannelId) -Dio.netty.machineId: d8:43:ae:ff:fe:8e:fb:f1 (auto-detected)
[20:12:45] [Server Pinger #0/DEBUG] (io.netty.buffer.PooledByteBufAllocator) -Dio.netty.allocator.numHeapArenas: 24
[20:12:45] [Server Pinger #0/DEBUG] (io.netty.buffer.PooledByteBufAllocator) -Dio.netty.allocator.numDirectArenas: 24
[20:12:45] [Server Pinger #0/DEBUG] (io.netty.buffer.PooledByteBufAllocator) -Dio.netty.allocator.pageSize: 8192
[20:12:45] [Server Pinger #0/DEBUG] (io.netty.buffer.PooledByteBufAllocator) -Dio.netty.allocator.maxOrder: 9
[20:12:45] [Server Pinger #0/DEBUG] (io.netty.buffer.PooledByteBufAllocator) -Dio.netty.allocator.chunkSize: 4194304
[20:12:45] [Server Pinger #0/DEBUG] (io.netty.buffer.PooledByteBufAllocator) -Dio.netty.allocator.smallCacheSize: 256
[20:12:45] [Server Pinger #0/DEBUG] (io.netty.buffer.PooledByteBufAllocator) -Dio.netty.allocator.normalCacheSize: 64
[20:12:45] [Server Pinger #0/DEBUG] (io.netty.buffer.PooledByteBufAllocator) -Dio.netty.allocator.maxCachedBufferCapacity: 32768
[20:12:45] [Server Pinger #0/DEBUG] (io.netty.buffer.PooledByteBufAllocator) -Dio.netty.allocator.cacheTrimInterval: 8192
[20:12:45] [Server Pinger #0/DEBUG] (io.netty.buffer.PooledByteBufAllocator) -Dio.netty.allocator.cacheTrimIntervalMillis: 0
[20:12:45] [Server Pinger #0/DEBUG] (io.netty.buffer.PooledByteBufAllocator) -Dio.netty.allocator.useCacheForAllThreads: false
[20:12:45] [Server Pinger #0/DEBUG] (io.netty.buffer.PooledByteBufAllocator) -Dio.netty.allocator.maxCachedByteBuffersPerChunk: 1023
[20:12:45] [Server Pinger #0/DEBUG] (io.netty.buffer.PooledByteBufAllocator) -Dio.netty.allocator.disableCacheFinalizersForFastThreadLocalThreads: false
[20:12:45] [Server Pinger #0/DEBUG] (io.netty.buffer.ByteBufUtil) -Dio.netty.allocator.type: pooled
[20:12:45] [Server Pinger #0/DEBUG] (io.netty.buffer.ByteBufUtil) -Dio.netty.threadLocalDirectBufferSize: 0
[20:12:45] [Server Pinger #0/DEBUG] (io.netty.buffer.ByteBufUtil) -Dio.netty.maxThreadLocalCharBufferSize: 16384
[20:12:45] [Server Pinger #0/DEBUG] (io.netty.bootstrap.ChannelInitializerExtensions) -Dio.netty.bootstrap.extensions: null
[20:12:45] [Netty Client IO #0/DEBUG] (io.netty.buffer.AbstractByteBuf) -Dio.netty.buffer.checkAccessible: true
[20:12:45] [Netty Client IO #0/DEBUG] (io.netty.buffer.AbstractByteBuf) -Dio.netty.buffer.checkBounds: true
[20:12:45] [Netty Client IO #0/DEBUG] (io.netty.util.ResourceLeakDetectorFactory) Loaded default ResourceLeakDetector: io.netty.util.ResourceLeakDetector@39f6d8a
[20:12:45] [Server Pinger #0/DEBUG] (io.netty.util.Recycler) -Dio.netty.recycler.maxCapacityPerThread: 4096
[20:12:45] [Server Pinger #0/DEBUG] (io.netty.util.Recycler) -Dio.netty.recycler.ratio: 8
[20:12:45] [Server Pinger #0/DEBUG] (io.netty.util.Recycler) -Dio.netty.recycler.chunkSize: 32
[20:12:45] [Server Pinger #0/DEBUG] (io.netty.util.Recycler) -Dio.netty.recycler.blocking: false
[20:12:45] [Server Pinger #0/DEBUG] (io.netty.util.Recycler) -Dio.netty.recycler.batchFastThreadLocalOnly: true
[20:12:45] [Netty Client IO #0/DEBUG] (FabricLoader/Mixin) Mixing VarIntsAccessor from fabric-data-attachment-api-v1.mixins.json into net.minecraft.network.encoding.VarInts
[20:12:45] [Netty Client IO #0/DEBUG] (FabricLoader/Mixin) Renaming @Accessor method getMaxByteSize()I to getMaxByteSize$fabric-data-attachment-api-v1_$md$24ae71$0 in fabric-data-attachment-api-v1.mixins.json:VarIntsAccessor from mod fabric-data-attachment-api-v1
[20:14:23] [Render thread/DEBUG] (FabricLoader/Mixin) Mixing accessor.ConnectScreenAccessor from fabric-networking-api-v1.client.mixins.json into net.minecraft.client.gui.screen.multiplayer.ConnectScreen
[20:14:23] [Render thread/INFO] (net.minecraft.client.gui.screen.multiplayer.ConnectScreen) Connecting to pvp.mioclient.me, 25565
[20:14:23] [Server Connector #1/DEBUG] (FabricLoader/Mixin) Mixing LoginQueryResponseC2SPacketMixin from fabric-networking-api-v1.mixins.json into net.minecraft.network.packet.c2s.login.LoginQueryResponseC2SPacket
[20:14:23] [Server Connector #1/DEBUG] (FabricLoader/Mixin) fabric-networking-api-v1.mixins.json:LoginQueryResponseC2SPacketMixin from mod fabric-networking-api-v1->@Inject::readResponse(ILnet/minecraft/network/PacketByteBuf;Lorg/spongepowered/asm/mixin/injection/callback/CallbackInfoReturnable;)V does use it's CallbackInfoReturnable
[20:14:23] [Server Connector #1/DEBUG] (FabricLoader/Mixin) Mixing LoginQueryRequestS2CPacketMixin from fabric-networking-api-v1.mixins.json into net.minecraft.network.packet.s2c.login.LoginQueryRequestS2CPacket
[20:14:23] [Server Connector #1/DEBUG] (FabricLoader/Mixin) fabric-networking-api-v1.mixins.json:LoginQueryRequestS2CPacketMixin from mod fabric-networking-api-v1->@Inject::readPayload(Lnet/minecraft/util/Identifier;Lnet/minecraft/network/PacketByteBuf;Lorg/spongepowered/asm/mixin/injection/callback/CallbackInfoReturnable;)V does use it's CallbackInfoReturnable
[20:14:23] [Netty Client IO #1/DEBUG] (FabricLoader/Mixin) Mixing SelectKnownPacksC2SPacketMixin from fabric-resource-loader-v0.mixins.json into net.minecraft.network.packet.c2s.config.SelectKnownPacksC2SPacket
[20:14:23] [Netty Client IO #1/DEBUG] (FabricLoader/Mixin) Mixing CustomPayloadS2CPacketMixin from fabric-networking-api-v1.mixins.json into net.minecraft.network.packet.s2c.common.CustomPayloadS2CPacket
[20:14:23] [Netty Client IO #1/DEBUG] (FabricLoader/Mixin) Renaming synthetic method lambda$wrapConfigCodec$1(Lnet/minecraft/network/PacketByteBuf;Lnet/minecraft/util/Identifier;)Lnet/minecraft/network/packet/CustomPayload$Type; to md24ae71$fabric-networking-api-v1$lambda$wrapConfigCodec$1$0 in fabric-networking-api-v1.mixins.json:CustomPayloadS2CPacketMixin from mod fabric-networking-api-v1
[20:14:23] [Netty Client IO #1/DEBUG] (FabricLoader/Mixin) Renaming synthetic method lambda$wrapPlayCodec$0(Lnet/minecraft/network/RegistryByteBuf;Lnet/minecraft/util/Identifier;)Lnet/minecraft/network/packet/CustomPayload$Type; to md24ae71$fabric-networking-api-v1$lambda$wrapPlayCodec$0$1 in fabric-networking-api-v1.mixins.json:CustomPayloadS2CPacketMixin from mod fabric-networking-api-v1
[20:14:23] [Netty Client IO #1/DEBUG] (FabricLoader/Mixin) Mixing SerializableRegistriesMixin from fabric-registry-sync-v0.mixins.json into net.minecraft.registry.SerializableRegistries
[20:14:23] [Netty Client IO #1/DEBUG] (FabricLoader/Mixin) fabric-registry-sync-v0.mixins.json:SerializableRegistriesMixin from mod fabric-registry-sync-v0->@Inject::filterNonSyncedEntries(Lnet/minecraft/registry/DynamicRegistryManager$Entry;Lorg/spongepowered/asm/mixin/injection/callback/CallbackInfoReturnable;)V does use it's CallbackInfoReturnable
[20:14:23] [Netty Client IO #1/DEBUG] (FabricLoader/Mixin) fabric-registry-sync-v0.mixins.json:SerializableRegistriesMixin from mod fabric-registry-sync-v0->@Inject::filterNonSyncedEntriesAgain(Ljava/util/Set;Lnet/minecraft/registry/RegistryLoader$Entry;Lcom/mojang/serialization/DynamicOps;Ljava/util/function/BiConsumer;Lnet/minecraft/registry/Registry;Lorg/spongepowered/asm/mixin/injection/callback/CallbackInfo;)V does use it's CallbackInfo
[20:14:23] [Netty Client IO #1/DEBUG] (FabricLoader/Mixin) Mixing ClientRegistriesMixin from fabric-registry-sync-v0.client.mixins.json into net.minecraft.client.network.ClientRegistries
[20:14:23] [Netty Client IO #1/DEBUG] (FabricLoader/Mixin) Renaming synthetic method lambda$skipEmptyRegistries$0(Ljava/util/Map;Lnet/minecraft/registry/RegistryLoader$Entry;)Z to md24ae71$fabric-registry-sync-v0$lambda$skipEmptyRegistries$0$0 in fabric-registry-sync-v0.client.mixins.json:ClientRegistriesMixin from mod fabric-registry-sync-v0
[20:14:24] [Netty Client IO #1/DEBUG] (ClientPlayNetworkAddon for Player841) Handling inbound packet from channel with name "minecraft:brand"
[20:14:24] [Render thread/DEBUG] (ClientPlayNetworkAddon for Player841) Handling inbound packet from channel with name "minecraft:brand"
[20:14:24] [Render thread/DEBUG] (FabricLoader/Mixin) Mixing ClientDataPackManagerMixin from fabric-resource-loader-v0.client.mixins.json into net.minecraft.client.resource.ClientDataPackManager
[20:14:24] [Render thread/DEBUG] (net.fabricmc.fabric.impl.resource.loader.ModResourcePackUtil) [Fabric] Starting internal pack sorting with: []
[20:14:24] [Render thread/DEBUG] (net.fabricmc.fabric.impl.resource.loader.ModResourcePackUtil) [Fabric] Removed all internal packs, result: []
[20:14:24] [Render thread/DEBUG] (net.fabricmc.fabric.impl.resource.loader.ModResourcePackUtil) [Fabric] Final sorting result: []
[20:14:24] [Render thread/DEBUG] (net.fabricmc.fabric.impl.resource.loader.ModResourcePackUtil) [Fabric] Starting internal pack sorting with: []
[20:14:24] [Render thread/DEBUG] (net.fabricmc.fabric.impl.resource.loader.ModResourcePackUtil) [Fabric] Removed all internal packs, result: []
[20:14:24] [Render thread/DEBUG] (net.fabricmc.fabric.impl.resource.loader.ModResourcePackUtil) [Fabric] Final sorting result: []
[20:14:24] [Render thread/DEBUG] (FabricLoader/Mixin) Mixing ClientRegistriesDynamicRegistriesAccessor from fabric-registry-sync-v0.client.mixins.json into net.minecraft.client.network.ClientRegistries$DynamicRegistries
[20:14:24] [Render thread/DEBUG] (FabricLoader/Mixin) Mixing RegistryLoaderMixin from fabric-registry-sync-v0.mixins.json into net.minecraft.registry.RegistryLoader
[20:14:24] [Render thread/DEBUG] (FabricLoader/Mixin) Renaming synthetic method lambda$static$0()Ljava/lang/Boolean; to md24ae71$fabric-registry-sync-v0$lambda$static$0$0 in fabric-registry-sync-v0.mixins.json:RegistryLoaderMixin from mod fabric-registry-sync-v0
[20:14:24] [Render thread/DEBUG] (FabricLoader/Mixin) Mixing RegistryLoaderMixin from fabric-resource-conditions-api-v1.mixins.json into net.minecraft.registry.RegistryLoader
[20:14:24] [Render thread/DEBUG] (FabricLoader/Mixin) Mixing RegistryLoaderMixin from fabric-item-api-v1.mixins.json into net.minecraft.registry.RegistryLoader
[20:14:24] [Render thread/DEBUG] (FabricLoader/Mixin) fabric-registry-sync-v0.mixins.json:RegistryLoaderMixin from mod fabric-registry-sync-v0->@Inject::beforeLoad(Ljava/lang/Object;Ljava/util/List;Ljava/util/List;Lorg/spongepowered/asm/mixin/injection/callback/CallbackInfoReturnable;)V doesn't use it's CallbackInfoReturnable
[20:14:24] [Render thread/DEBUG] (FabricLoader/Mixin) fabric-resource-conditions-api-v1.mixins.json:RegistryLoaderMixin from mod fabric-resource-conditions-api-v1->@Inject::captureRegistries(Lnet/minecraft/resource/ResourceManager;Lnet/minecraft/registry/RegistryOps$RegistryInfoGetter;Lnet/minecraft/registry/MutableRegistry;Lcom/mojang/serialization/Decoder;Ljava/util/Map;Lorg/spongepowered/asm/mixin/injection/callback/CallbackInfo;)V doesn't use it's CallbackInfo
[20:14:24] [Render thread/DEBUG] (FabricLoader/Mixin) fabric-resource-conditions-api-v1.mixins.json:RegistryLoaderMixin from mod fabric-resource-conditions-api-v1->@Inject::releaseRegistries(Lnet/minecraft/resource/ResourceManager;Lnet/minecraft/registry/RegistryOps$RegistryInfoGetter;Lnet/minecraft/registry/MutableRegistry;Lcom/mojang/serialization/Decoder;Ljava/util/Map;Lorg/spongepowered/asm/mixin/injection/callback/CallbackInfo;)V doesn't use it's CallbackInfo
[20:14:24] [Render thread/DEBUG] (FabricLoader/Mixin) fabric-resource-conditions-api-v1.mixins.json:RegistryLoaderMixin from mod fabric-resource-conditions-api-v1->@Inject::checkResourceCondition(Lnet/minecraft/registry/MutableRegistry;Lcom/mojang/serialization/Decoder;Lnet/minecraft/registry/RegistryOps;Lnet/minecraft/registry/RegistryKey;Lnet/minecraft/resource/Resource;Lnet/minecraft/registry/entry/RegistryEntryInfo;Lorg/spongepowered/asm/mixin/injection/callback/CallbackInfo;)V does use it's CallbackInfo
[20:14:24] [Render thread/DEBUG] (FabricLoader/Mixin) Mixing SimpleRegistry2Mixin from fabric-tag-api-v1.mixins.json into net.minecraft.registry.SimpleRegistry$2
[20:14:24] [Render thread/DEBUG] (FabricLoader/Mixin) Mixing SimpleRegistry3Mixin from fabric-tag-api-v1.mixins.json into net.minecraft.registry.SimpleRegistry$3
[20:14:24] [Render thread/DEBUG] (FabricLoader/Mixin) fabric-tag-api-v1.mixins.json:SimpleRegistry3Mixin from mod fabric-tag-api-v1->@Inject::applyTagAliases(Lorg/spongepowered/asm/mixin/injection/callback/CallbackInfo;)V doesn't use it's CallbackInfo
[20:14:24] [Render thread/DEBUG] (FabricLoader/Mixin) fabric-tag-api-v1.mixins.json:SimpleRegistry3Mixin from mod fabric-tag-api-v1->@Inject::applyTagAliases(Lorg/spongepowered/asm/mixin/injection/callback/CallbackInfo;)V has 0 override(s) in child classes
[20:14:24] [Render thread/DEBUG] (FabricLoader/Mixin) fabric-tag-api-v1.mixins.json:SimpleRegistry3Mixin from mod fabric-tag-api-v1->@Inject::applyTagAliases(Lorg/spongepowered/asm/mixin/injection/callback/CallbackInfo;)V won't be passed a CallbackInfo as a result
[20:14:24] [Render thread/DEBUG] (FabricLoader/Mixin) Mixing client.KeyboardInputMixin from vurstvisual.mixins.json into net.minecraft.client.input.KeyboardInput
[20:14:24] [Render thread/DEBUG] (FabricLoader/Mixin) vurstvisual.mixins.json:client.KeyboardInputMixin from mod vurstvisual->@Inject::injectInputEvent(Lorg/spongepowered/asm/mixin/injection/callback/CallbackInfo;)V does use it's CallbackInfo
[20:14:24] [Render thread/DEBUG] (FabricLoader/Mixin) Mixing BrewingRecipeRegistryBuilderMixin from fabric-content-registries-v0.mixins.json into net.minecraft.recipe.BrewingRecipeRegistry$Builder
[20:14:24] [Render thread/DEBUG] (FabricLoader/Mixin) fabric-content-registries-v0.mixins.json:BrewingRecipeRegistryBuilderMixin from mod fabric-content-registries-v0->@Inject::build(Lorg/spongepowered/asm/mixin/injection/callback/CallbackInfoReturnable;)V doesn't use it's CallbackInfoReturnable
[20:14:24] [Render thread/DEBUG] (FabricLoader/Mixin) fabric-content-registries-v0.mixins.json:BrewingRecipeRegistryBuilderMixin from mod fabric-content-registries-v0->@Inject::build(Lorg/spongepowered/asm/mixin/injection/callback/CallbackInfoReturnable;)V has 0 override(s) in child classes
[20:14:24] [Render thread/DEBUG] (FabricLoader/Mixin) fabric-content-registries-v0.mixins.json:BrewingRecipeRegistryBuilderMixin from mod fabric-content-registries-v0->@Inject::build(Lorg/spongepowered/asm/mixin/injection/callback/CallbackInfoReturnable;)V won't be passed a CallbackInfoReturnable as a result
[20:14:24] [Render thread/DEBUG] (FabricLoader/Mixin) Mixing FuelRegistryMixin from fabric-content-registries-v0.mixins.json into net.minecraft.item.FuelRegistry
[20:14:24] [Netty Client IO #1/DEBUG] (ClientPlayNetworkAddon for Player841) Handling inbound packet from channel with name "minecraft:register"
[20:14:24] [Netty Client IO #1/DEBUG] (ClientPlayNetworkAddon for Player841) Handling inbound packet from channel with name "minecraft:register"
[20:14:24] [Netty Client IO #1/DEBUG] (ClientPlayNetworkAddon for Player841) Handling inbound packet from channel with name "vv:server_details"
[20:14:24] [Render thread/DEBUG] (FabricLoader/Mixin) Mixing ClientPlayerInteractionManagerMixin from fabric-events-interaction-v0.client.mixins.json into net.minecraft.client.network.ClientPlayerInteractionManager
[20:14:24] [Render thread/DEBUG] (FabricLoader/Mixin) Renaming synthetic method lambda$interactItem$2(Lnet/minecraft/util/Hand;Lnet/minecraft/entity/player/PlayerEntity;I)Lnet/minecraft/network/packet/Packet; to md24ae71$fabric-events-interaction-v0$lambda$interactItem$2$0 in fabric-events-interaction-v0.client.mixins.json:ClientPlayerInteractionManagerMixin from mod fabric-events-interaction-v0
[20:14:24] [Render thread/DEBUG] (FabricLoader/Mixin) Renaming synthetic method lambda$interactBlock$1(Lnet/minecraft/util/Hand;Lnet/minecraft/util/hit/BlockHitResult;I)Lnet/minecraft/network/packet/Packet; to md24ae71$fabric-events-interaction-v0$lambda$interactBlock$1$1 in fabric-events-interaction-v0.client.mixins.json:ClientPlayerInteractionManagerMixin from mod fabric-events-interaction-v0
[20:14:24] [Render thread/DEBUG] (FabricLoader/Mixin) Renaming synthetic method lambda$fabric_fireAttackBlockCallback$0(Lnet/minecraft/util/math/BlockPos;Lnet/minecraft/util/math/Direction;I)Lnet/minecraft/network/packet/Packet; to md24ae71$fabric-events-interaction-v0$lambda$fabric_fireAttackBlockCallback$0$2 in fabric-events-interaction-v0.client.mixins.json:ClientPlayerInteractionManagerMixin from mod fabric-events-interaction-v0
[20:14:24] [Render thread/DEBUG] (FabricLoader/Mixin) Mixing ClientPlayerInteractionManagerMixin from fabric-item-api-v1.client.mixins.json into net.minecraft.client.network.ClientPlayerInteractionManager
[20:14:24] [Render thread/DEBUG] (FabricLoader/Mixin) Mixing client.ClientPlayerInteractionManagerMixin from vurstvisual.mixins.json into net.minecraft.client.network.ClientPlayerInteractionManager
[20:14:24] [Render thread/DEBUG] (FabricLoader/Mixin) fabric-events-interaction-v0.client.mixins.json:ClientPlayerInteractionManagerMixin from mod fabric-events-interaction-v0->@Inject::attackBlock(Lnet/minecraft/util/math/BlockPos;Lnet/minecraft/util/math/Direction;Lorg/spongepowered/asm/mixin/injection/callback/CallbackInfoReturnable;)V does use it's CallbackInfoReturnable
[20:14:24] [Render thread/DEBUG] (FabricLoader/Mixin) fabric-events-interaction-v0.client.mixins.json:ClientPlayerInteractionManagerMixin from mod fabric-events-interaction-v0->@Inject::method_2902(Lnet/minecraft/util/math/BlockPos;Lnet/minecraft/util/math/Direction;Lorg/spongepowered/asm/mixin/injection/callback/CallbackInfoReturnable;)V does use it's CallbackInfoReturnable
[20:14:24] [Render thread/DEBUG] (FabricLoader/Mixin) fabric-events-interaction-v0.client.mixins.json:ClientPlayerInteractionManagerMixin from mod fabric-events-interaction-v0->@Inject::fabric$onBlockBroken(Lnet/minecraft/util/math/BlockPos;Lorg/spongepowered/asm/mixin/injection/callback/CallbackInfoReturnable;Lnet/minecraft/world/World;Lnet/minecraft/block/BlockState;)V doesn't use it's CallbackInfoReturnable
[20:14:24] [Render thread/DEBUG] (FabricLoader/Mixin) fabric-events-interaction-v0.client.mixins.json:ClientPlayerInteractionManagerMixin from mod fabric-events-interaction-v0->@Inject::fabric$onBlockBroken(Lnet/minecraft/util/math/BlockPos;Lorg/spongepowered/asm/mixin/injection/callback/CallbackInfoReturnable;Lnet/minecraft/world/World;Lnet/minecraft/block/BlockState;)V has 0 override(s) in child classes
[20:14:24] [Render thread/DEBUG] (FabricLoader/Mixin) fabric-events-interaction-v0.client.mixins.json:ClientPlayerInteractionManagerMixin from mod fabric-events-interaction-v0->@Inject::fabric$onBlockBroken(Lnet/minecraft/util/math/BlockPos;Lorg/spongepowered/asm/mixin/injection/callback/CallbackInfoReturnable;Lnet/minecraft/world/World;Lnet/minecraft/block/BlockState;)V won't be passed a CallbackInfoReturnable as a result
[20:14:24] [Render thread/DEBUG] (FabricLoader/Mixin) fabric-events-interaction-v0.client.mixins.json:ClientPlayerInteractionManagerMixin from mod fabric-events-interaction-v0->@Inject::interactBlock(Lnet/minecraft/client/network/ClientPlayerEntity;Lnet/minecraft/util/Hand;Lnet/minecraft/util/hit/BlockHitResult;Lorg/spongepowered/asm/mixin/injection/callback/CallbackInfoReturnable;)V does use it's CallbackInfoReturnable
[20:14:24] [Render thread/DEBUG] (FabricLoader/Mixin) fabric-events-interaction-v0.client.mixins.json:ClientPlayerInteractionManagerMixin from mod fabric-events-interaction-v0->@Inject::interactItem(Lnet/minecraft/entity/player/PlayerEntity;Lnet/minecraft/util/Hand;Lorg/spongepowered/asm/mixin/injection/callback/CallbackInfoReturnable;)V does use it's CallbackInfoReturnable
[20:14:24] [Render thread/DEBUG] (FabricLoader/Mixin) fabric-events-interaction-v0.client.mixins.json:ClientPlayerInteractionManagerMixin from mod fabric-events-interaction-v0->@Inject::attackEntity(Lnet/minecraft/entity/player/PlayerEntity;Lnet/minecraft/entity/Entity;Lorg/spongepowered/asm/mixin/injection/callback/CallbackInfo;)V does use it's CallbackInfo
[20:14:24] [Render thread/DEBUG] (FabricLoader/Mixin) vurstvisual.mixins.json:client.ClientPlayerInteractionManagerMixin from mod vurstvisual->@Inject::onAttackEntity(Lnet/minecraft/entity/player/PlayerEntity;Lnet/minecraft/entity/Entity;Lorg/spongepowered/asm/mixin/injection/callback/CallbackInfo;)V does use it's CallbackInfo
[20:14:24] [Render thread/DEBUG] (FabricLoader/Mixin) vurstvisual.mixins.json:client.ClientPlayerInteractionManagerMixin from mod vurstvisual->@Inject::onAttackEntityPost(Lnet/minecraft/entity/player/PlayerEntity;Lnet/minecraft/entity/Entity;Lorg/spongepowered/asm/mixin/injection/callback/CallbackInfo;)V doesn't use it's CallbackInfo
[20:14:24] [Render thread/DEBUG] (FabricLoader/Mixin) vurstvisual.mixins.json:client.ClientPlayerInteractionManagerMixin from mod vurstvisual->@Inject::onAttackEntityPost(Lnet/minecraft/entity/player/PlayerEntity;Lnet/minecraft/entity/Entity;Lorg/spongepowered/asm/mixin/injection/callback/CallbackInfo;)V has 0 override(s) in child classes
[20:14:24] [Render thread/DEBUG] (FabricLoader/Mixin) vurstvisual.mixins.json:client.ClientPlayerInteractionManagerMixin from mod vurstvisual->@Inject::onAttackEntityPost(Lnet/minecraft/entity/player/PlayerEntity;Lnet/minecraft/entity/Entity;Lorg/spongepowered/asm/mixin/injection/callback/CallbackInfo;)V won't be passed a CallbackInfo as a result
[20:14:24] [Render thread/DEBUG] (FabricLoader/Mixin) Mixing minecraft.render.ClientWorldPropertiesMixin from vurstvisual.mixins.json into net.minecraft.client.world.ClientWorld$Properties
[20:14:24] [Render thread/DEBUG] (FabricLoader/Mixin) vurstvisual.mixins.json:minecraft.render.ClientWorldPropertiesMixin from mod vurstvisual->@Inject::setTimeOfDayHook(JLorg/spongepowered/asm/mixin/injection/callback/CallbackInfo;)V does use it's CallbackInfo
[20:14:24] [Render thread/DEBUG] (FabricLoader/Mixin) Mixing ClientChunkManagerMixin from fabric-lifecycle-events-v1.client.mixins.json into net.minecraft.client.world.ClientChunkManager
[20:14:24] [Render thread/DEBUG] (FabricLoader/Mixin) fabric-lifecycle-events-v1.client.mixins.json:ClientChunkManagerMixin from mod fabric-lifecycle-events-v1->@Inject::onChunkLoad(IILnet/minecraft/network/PacketByteBuf;Lnet/minecraft/nbt/NbtCompound;Ljava/util/function/Consumer;Lorg/spongepowered/asm/mixin/injection/callback/CallbackInfoReturnable;)V does use it's CallbackInfoReturnable
[20:14:24] [Render thread/DEBUG] (FabricLoader/Mixin) fabric-lifecycle-events-v1.client.mixins.json:ClientChunkManagerMixin from mod fabric-lifecycle-events-v1->@Inject::onChunkUnload(IILnet/minecraft/network/PacketByteBuf;Lnet/minecraft/nbt/NbtCompound;Ljava/util/function/Consumer;Lorg/spongepowered/asm/mixin/injection/callback/CallbackInfoReturnable;ILnet/minecraft/world/chunk/WorldChunk;Lnet/minecraft/util/math/ChunkPos;)V doesn't use it's CallbackInfoReturnable
[20:14:24] [Render thread/DEBUG] (FabricLoader/Mixin) fabric-lifecycle-events-v1.client.mixins.json:ClientChunkManagerMixin from mod fabric-lifecycle-events-v1->@Inject::onChunkUnload(IILnet/minecraft/network/PacketByteBuf;Lnet/minecraft/nbt/NbtCompound;Ljava/util/function/Consumer;Lorg/spongepowered/asm/mixin/injection/callback/CallbackInfoReturnable;ILnet/minecraft/world/chunk/WorldChunk;Lnet/minecraft/util/math/ChunkPos;)V has 0 override(s) in child classes
[20:14:24] [Render thread/DEBUG] (FabricLoader/Mixin) fabric-lifecycle-events-v1.client.mixins.json:ClientChunkManagerMixin from mod fabric-lifecycle-events-v1->@Inject::onChunkUnload(IILnet/minecraft/network/PacketByteBuf;Lnet/minecraft/nbt/NbtCompound;Ljava/util/function/Consumer;Lorg/spongepowered/asm/mixin/injection/callback/CallbackInfoReturnable;ILnet/minecraft/world/chunk/WorldChunk;Lnet/minecraft/util/math/ChunkPos;)V won't be passed a CallbackInfoReturnable as a result
[20:14:24] [Render thread/DEBUG] (FabricLoader/Mixin) fabric-lifecycle-events-v1.client.mixins.json:ClientChunkManagerMixin from mod fabric-lifecycle-events-v1->@Inject::onChunkUnload(Lnet/minecraft/util/math/ChunkPos;Lorg/spongepowered/asm/mixin/injection/callback/CallbackInfo;ILnet/minecraft/world/chunk/WorldChunk;)V doesn't use it's CallbackInfo
[20:14:24] [Render thread/DEBUG] (FabricLoader/Mixin) fabric-lifecycle-events-v1.client.mixins.json:ClientChunkManagerMixin from mod fabric-lifecycle-events-v1->@Inject::onChunkUnload(Lnet/minecraft/util/math/ChunkPos;Lorg/spongepowered/asm/mixin/injection/callback/CallbackInfo;ILnet/minecraft/world/chunk/WorldChunk;)V has 0 override(s) in child classes
[20:14:24] [Render thread/DEBUG] (FabricLoader/Mixin) fabric-lifecycle-events-v1.client.mixins.json:ClientChunkManagerMixin from mod fabric-lifecycle-events-v1->@Inject::onChunkUnload(Lnet/minecraft/util/math/ChunkPos;Lorg/spongepowered/asm/mixin/injection/callback/CallbackInfo;ILnet/minecraft/world/chunk/WorldChunk;)V won't be passed a CallbackInfo as a result
[20:14:24] [Render thread/DEBUG] (FabricLoader/Mixin) fabric-lifecycle-events-v1.client.mixins.json:ClientChunkManagerMixin from mod fabric-lifecycle-events-v1->@Inject::onUpdateLoadDistance(ILorg/spongepowered/asm/mixin/injection/callback/CallbackInfo;IILnet/minecraft/client/world/ClientChunkManager$ClientChunkMap;ILnet/minecraft/world/chunk/WorldChunk;Lnet/minecraft/util/math/ChunkPos;)V doesn't use it's CallbackInfo
[20:14:24] [Render thread/DEBUG] (FabricLoader/Mixin) fabric-lifecycle-events-v1.client.mixins.json:ClientChunkManagerMixin from mod fabric-lifecycle-events-v1->@Inject::onUpdateLoadDistance(ILorg/spongepowered/asm/mixin/injection/callback/CallbackInfo;IILnet/minecraft/client/world/ClientChunkManager$ClientChunkMap;ILnet/minecraft/world/chunk/WorldChunk;Lnet/minecraft/util/math/ChunkPos;)V has 0 override(s) in child classes
[20:14:24] [Render thread/DEBUG] (FabricLoader/Mixin) fabric-lifecycle-events-v1.client.mixins.json:ClientChunkManagerMixin from mod fabric-lifecycle-events-v1->@Inject::onUpdateLoadDistance(ILorg/spongepowered/asm/mixin/injection/callback/CallbackInfo;IILnet/minecraft/client/world/ClientChunkManager$ClientChunkMap;ILnet/minecraft/world/chunk/WorldChunk;Lnet/minecraft/util/math/ChunkPos;)V won't be passed a CallbackInfo as a result
[20:14:24] [Render thread/DEBUG] (FabricLoader/Mixin) Mixing ClientWorldClientEntityHandlerMixin from fabric-lifecycle-events-v1.client.mixins.json into net.minecraft.client.world.ClientWorld$ClientEntityHandler
[20:14:24] [Render thread/DEBUG] (FabricLoader/Mixin) fabric-lifecycle-events-v1.client.mixins.json:ClientWorldClientEntityHandlerMixin from mod fabric-lifecycle-events-v1->@Inject::invokeLoadEntity(Lnet/minecraft/entity/Entity;Lorg/spongepowered/asm/mixin/injection/callback/CallbackInfo;)V doesn't use it's CallbackInfo
[20:14:24] [Render thread/DEBUG] (FabricLoader/Mixin) fabric-lifecycle-events-v1.client.mixins.json:ClientWorldClientEntityHandlerMixin from mod fabric-lifecycle-events-v1->@Inject::invokeUnloadEntity(Lnet/minecraft/entity/Entity;Lorg/spongepowered/asm/mixin/injection/callback/CallbackInfo;)V doesn't use it's CallbackInfo
[20:14:24] [Render thread/DEBUG] (FabricLoader/Mixin) Mixing ChunkSectionMixin from fabric-block-api-v1.mixins.json into net.minecraft.world.chunk.ChunkSection
[20:14:24] [Render thread/DEBUG] (FabricLoader/Mixin) Mixing DimensionEffectsAccessor from fabric-rendering-v1.mixins.json into net.minecraft.client.render.DimensionEffects
[20:14:24] [Render thread/DEBUG] (FabricLoader/Mixin) Renaming @Accessor method getIdentifierMap()Lit/unimi/dsi/fastutil/objects/Object2ObjectMap; to getIdentifierMap$fabric-rendering-v1_$md$24ae71$0 in fabric-rendering-v1.mixins.json:DimensionEffectsAccessor from mod fabric-rendering-v1
[20:14:24] [Render thread/DEBUG] (FabricLoader/Mixin) Mixing SectionBuilderMixin from fabric-renderer-indigo.mixins.json into net.minecraft.client.render.chunk.SectionBuilder
[20:14:24] [Render thread/DEBUG] (FabricLoader/Mixin) Renaming synthetic method lambda$hookBuild$0(Ljava/util/Map;Lnet/minecraft/client/render/chunk/BlockBufferAllocatorStorage;Lnet/minecraft/client/render/RenderLayer;)Lnet/minecraft/client/render/BufferBuilder; to md24ae71$fabric-renderer-indigo$lambda$hookBuild$0$0 in fabric-renderer-indigo.mixins.json:SectionBuilderMixin from mod fabric-renderer-indigo
[20:14:24] [Render thread/DEBUG] (FabricLoader/Mixin) fabric-renderer-indigo.mixins.json:SectionBuilderMixin from mod fabric-renderer-indigo->@Inject::hookBuild(Lnet/minecraft/util/math/ChunkSectionPos;Lnet/minecraft/client/render/chunk/ChunkRendererRegion;Lcom/mojang/blaze3d/systems/VertexSorter;Lnet/minecraft/client/render/chunk/BlockBufferAllocatorStorage;Lorg/spongepowered/asm/mixin/injection/callback/CallbackInfoReturnable;)V doesn't use it's CallbackInfoReturnable
[20:14:24] [Render thread/DEBUG] (FabricLoader/Mixin) fabric-renderer-indigo.mixins.json:SectionBuilderMixin from mod fabric-renderer-indigo->@Inject::hookBuild(Lnet/minecraft/util/math/ChunkSectionPos;Lnet/minecraft/client/render/chunk/ChunkRendererRegion;Lcom/mojang/blaze3d/systems/VertexSorter;Lnet/minecraft/client/render/chunk/BlockBufferAllocatorStorage;Lorg/spongepowered/asm/mixin/injection/callback/CallbackInfoReturnable;)V has 0 override(s) in child classes
[20:14:24] [Render thread/DEBUG] (FabricLoader/Mixin) fabric-renderer-indigo.mixins.json:SectionBuilderMixin from mod fabric-renderer-indigo->@Inject::hookBuild(Lnet/minecraft/util/math/ChunkSectionPos;Lnet/minecraft/client/render/chunk/ChunkRendererRegion;Lcom/mojang/blaze3d/systems/VertexSorter;Lnet/minecraft/client/render/chunk/BlockBufferAllocatorStorage;Lorg/spongepowered/asm/mixin/injection/callback/CallbackInfoReturnable;)V won't be passed a CallbackInfoReturnable as a result
[20:14:24] [Render thread/DEBUG] (FabricLoader/Mixin) fabric-renderer-indigo.mixins.json:SectionBuilderMixin from mod fabric-renderer-indigo->@Inject::hookBuildReturn(Lnet/minecraft/util/math/ChunkSectionPos;Lnet/minecraft/client/render/chunk/ChunkRendererRegion;Lcom/mojang/blaze3d/systems/VertexSorter;Lnet/minecraft/client/render/chunk/BlockBufferAllocatorStorage;Lorg/spongepowered/asm/mixin/injection/callback/CallbackInfoReturnable;)V doesn't use it's CallbackInfoReturnable
[20:14:24] [Render thread/DEBUG] (FabricLoader/Mixin) fabric-renderer-indigo.mixins.json:SectionBuilderMixin from mod fabric-renderer-indigo->@Inject::hookBuildReturn(Lnet/minecraft/util/math/ChunkSectionPos;Lnet/minecraft/client/render/chunk/ChunkRendererRegion;Lcom/mojang/blaze3d/systems/VertexSorter;Lnet/minecraft/client/render/chunk/BlockBufferAllocatorStorage;Lorg/spongepowered/asm/mixin/injection/callback/CallbackInfoReturnable;)V has 0 override(s) in child classes
[20:14:24] [Render thread/DEBUG] (FabricLoader/Mixin) fabric-renderer-indigo.mixins.json:SectionBuilderMixin from mod fabric-renderer-indigo->@Inject::hookBuildReturn(Lnet/minecraft/util/math/ChunkSectionPos;Lnet/minecraft/client/render/chunk/ChunkRendererRegion;Lcom/mojang/blaze3d/systems/VertexSorter;Lnet/minecraft/client/render/chunk/BlockBufferAllocatorStorage;Lorg/spongepowered/asm/mixin/injection/callback/CallbackInfoReturnable;)V won't be passed a CallbackInfoReturnable as a result
[20:14:24] [Render thread/DEBUG] (FabricLoader/Mixin) Mixing RenderLayersMixin from fabric-blockrenderlayer-v1.mixins.json into net.minecraft.client.render.RenderLayers
[20:14:24] [Render thread/DEBUG] (FabricLoader/Mixin) fabric-blockrenderlayer-v1.mixins.json:RenderLayersMixin from mod fabric-blockrenderlayer-v1->@Inject::onInitialize(Lorg/spongepowered/asm/mixin/injection/callback/CallbackInfo;)V doesn't use it's CallbackInfo
[20:14:24] [Render thread/DEBUG] (FabricLoader/Mixin) Mixing HangingSignEditScreenMixin from fabric-object-builder-v1.client.mixins.json into net.minecraft.client.gui.screen.ingame.HangingSignEditScreen
[20:14:24] [Render thread/DEBUG] (FabricLoader/Mixin) Renaming synthetic method lambda$init$0(Ljava/lang/String;)Ljava/lang/String; to md24ae71$fabric-object-builder-api-v1$lambda$init$0$0 in fabric-object-builder-v1.client.mixins.json:HangingSignEditScreenMixin from mod fabric-object-builder-api-v1
[20:14:24] [Worker-Main-10/DEBUG] (FabricLoader/Mixin) Mixing EnchantmentHelperMixin from fabric-item-api-v1.mixins.json into net.minecraft.enchantment.EnchantmentHelper
[20:14:24] [Render thread/INFO] (net.minecraft.client.gui.hud.ChatHud) [System] [CHAT] Player841 joined the game
[20:14:24] [Render thread/DEBUG] (FabricLoader/Mixin) Mixing CreativeInventoryScreenMixin from fabric-item-group-api-v1.client.mixins.json into net.minecraft.client.gui.screen.ingame.CreativeInventoryScreen
[20:14:24] [Render thread/DEBUG] (FabricLoader/Mixin) Renaming synthetic method lambda$getItemGroupsOnPage$3(Lnet/minecraft/item/ItemGroup;Lnet/minecraft/item/ItemGroup;)I to md24ae71$fabric-item-group-api-v1$lambda$getItemGroupsOnPage$3$0 in fabric-item-group-api-v1.client.mixins.json:CreativeInventoryScreenMixin from mod fabric-item-group-api-v1
[20:14:24] [Render thread/DEBUG] (FabricLoader/Mixin) Renaming synthetic method lambda$getItemGroupsOnPage$2(ILnet/minecraft/item/ItemGroup;)Z to md24ae71$fabric-item-group-api-v1$lambda$getItemGroupsOnPage$2$1 in fabric-item-group-api-v1.client.mixins.json:CreativeInventoryScreenMixin from mod fabric-item-group-api-v1
[20:14:24] [Render thread/DEBUG] (FabricLoader/Mixin) Renaming synthetic method lambda$hasGroupForPage$1(ILnet/minecraft/item/ItemGroup;)Z to md24ae71$fabric-item-group-api-v1$lambda$hasGroupForPage$1$2 in fabric-item-group-api-v1.client.mixins.json:CreativeInventoryScreenMixin from mod fabric-item-group-api-v1
[20:14:24] [Render thread/DEBUG] (FabricLoader/Mixin) Renaming synthetic method lambda$updateSelection$0(Lnet/minecraft/item/ItemGroup;Lnet/minecraft/item/ItemGroup;)I to md24ae71$fabric-item-group-api-v1$lambda$updateSelection$0$3 in fabric-item-group-api-v1.client.mixins.json:CreativeInventoryScreenMixin from mod fabric-item-group-api-v1
[20:14:24] [Render thread/DEBUG] (FabricLoader/Mixin) fabric-item-group-api-v1.client.mixins.json:CreativeInventoryScreenMixin from mod fabric-item-group-api-v1->@Inject::init(Lorg/spongepowered/asm/mixin/injection/callback/CallbackInfo;)V doesn't use it's CallbackInfo
[20:14:24] [Render thread/DEBUG] (FabricLoader/Mixin) fabric-item-group-api-v1.client.mixins.json:CreativeInventoryScreenMixin from mod fabric-item-group-api-v1->@Inject::init(Lorg/spongepowered/asm/mixin/injection/callback/CallbackInfo;)V has 0 override(s) in child classes
[20:14:24] [Render thread/DEBUG] (FabricLoader/Mixin) fabric-item-group-api-v1.client.mixins.json:CreativeInventoryScreenMixin from mod fabric-item-group-api-v1->@Inject::init(Lorg/spongepowered/asm/mixin/injection/callback/CallbackInfo;)V won't be passed a CallbackInfo as a result
[20:14:24] [Render thread/DEBUG] (FabricLoader/Mixin) fabric-item-group-api-v1.client.mixins.json:CreativeInventoryScreenMixin from mod fabric-item-group-api-v1->@Inject::setSelectedTab(Lnet/minecraft/item/ItemGroup;Lorg/spongepowered/asm/mixin/injection/callback/CallbackInfo;)V does use it's CallbackInfo
[20:14:24] [Render thread/DEBUG] (FabricLoader/Mixin) fabric-item-group-api-v1.client.mixins.json:CreativeInventoryScreenMixin from mod fabric-item-group-api-v1->@Inject::renderTabTooltipIfHovered(Lnet/minecraft/client/gui/DrawContext;Lnet/minecraft/item/ItemGroup;IILorg/spongepowered/asm/mixin/injection/callback/CallbackInfoReturnable;)V does use it's CallbackInfoReturnable
[20:14:24] [Render thread/DEBUG] (FabricLoader/Mixin) fabric-item-group-api-v1.client.mixins.json:CreativeInventoryScreenMixin from mod fabric-item-group-api-v1->@Inject::isClickInTab(Lnet/minecraft/item/ItemGroup;DDLorg/spongepowered/asm/mixin/injection/callback/CallbackInfoReturnable;)V does use it's CallbackInfoReturnable
[20:14:24] [Render thread/DEBUG] (FabricLoader/Mixin) fabric-item-group-api-v1.client.mixins.json:CreativeInventoryScreenMixin from mod fabric-item-group-api-v1->@Inject::renderTabIcon(Lnet/minecraft/client/gui/DrawContext;Lnet/minecraft/item/ItemGroup;Lorg/spongepowered/asm/mixin/injection/callback/CallbackInfo;)V does use it's CallbackInfo
[20:14:24] [Render thread/DEBUG] (FabricLoader/Mixin) fabric-item-group-api-v1.client.mixins.json:CreativeInventoryScreenMixin from mod fabric-item-group-api-v1->@Inject::keyPressed(IIILorg/spongepowered/asm/mixin/injection/callback/CallbackInfoReturnable;)V does use it's CallbackInfoReturnable
[20:14:24] [Render thread/INFO] (net.minecraft.advancement.AdvancementManager) Loaded 7 advancements
[20:14:24] [Render thread/DEBUG] (FabricLoader/Mixin) Mixing client.BackGroundRendererMixin from vurstvisual.mixins.json into net.minecraft.client.render.BackgroundRenderer
[20:14:24] [Render thread/DEBUG] (FabricLoader/Mixin) vurstvisual.mixins.json:client.BackGroundRendererMixin from mod vurstvisual->@Inject::getFogColorHook(Lnet/minecraft/client/render/Camera;FLnet/minecraft/client/world/ClientWorld;IFLorg/spongepowered/asm/mixin/injection/callback/CallbackInfoReturnable;)V does use it's CallbackInfoReturnable
[20:14:24] [Render thread/DEBUG] (FabricLoader/Mixin) vurstvisual.mixins.json:client.BackGroundRendererMixin from mod vurstvisual->@Inject::vurstvisual$applyCustomWorldFogColor(Lnet/minecraft/client/render/Camera;FLnet/minecraft/client/world/ClientWorld;IFLorg/spongepowered/asm/mixin/injection/callback/CallbackInfoReturnable;)V does use it's CallbackInfoReturnable
[20:14:24] [Render thread/DEBUG] (FabricLoader/Mixin) vurstvisual.mixins.json:client.BackGroundRendererMixin from mod vurstvisual->@Inject::modifyFog(Lnet/minecraft/client/render/Camera;Lnet/minecraft/client/render/BackgroundRenderer$FogType;Lorg/joml/Vector4f;FZFLorg/spongepowered/asm/mixin/injection/callback/CallbackInfoReturnable;)V does use it's CallbackInfoReturnable
[20:14:25] [Render thread/DEBUG] (FabricLoader/Mixin) Mixing ChunkRendererRegionBuilderMixin from fabric-block-view-api-v2.client.mixins.json into net.minecraft.client.render.chunk.ChunkRendererRegionBuilder
[20:14:25] [Render thread/DEBUG] (FabricLoader/Mixin) fabric-block-view-api-v2.client.mixins.json:ChunkRendererRegionBuilderMixin from mod fabric-block-view-api-v2->@Inject::copyDataForChunk(Lnet/minecraft/world/World;Lnet/minecraft/util/math/ChunkSectionPos;Lorg/spongepowered/asm/mixin/injection/callback/CallbackInfoReturnable;)V doesn't use it's CallbackInfoReturnable
[20:14:25] [Render thread/DEBUG] (FabricLoader/Mixin) fabric-block-view-api-v2.client.mixins.json:ChunkRendererRegionBuilderMixin from mod fabric-block-view-api-v2->@Inject::copyDataForChunk(Lnet/minecraft/world/World;Lnet/minecraft/util/math/ChunkSectionPos;Lorg/spongepowered/asm/mixin/injection/callback/CallbackInfoReturnable;)V has 0 override(s) in child classes
[20:14:25] [Render thread/DEBUG] (FabricLoader/Mixin) fabric-block-view-api-v2.client.mixins.json:ChunkRendererRegionBuilderMixin from mod fabric-block-view-api-v2->@Inject::copyDataForChunk(Lnet/minecraft/world/World;Lnet/minecraft/util/math/ChunkSectionPos;Lorg/spongepowered/asm/mixin/injection/callback/CallbackInfoReturnable;)V won't be passed a CallbackInfoReturnable as a result
[20:14:25] [Render thread/DEBUG] (FabricLoader/Mixin) fabric-block-view-api-v2.client.mixins.json:ChunkRendererRegionBuilderMixin from mod fabric-block-view-api-v2->@Inject::createDataMap(Lnet/minecraft/world/World;Lnet/minecraft/util/math/ChunkSectionPos;Lorg/spongepowered/asm/mixin/injection/callback/CallbackInfoReturnable;)V does use it's CallbackInfoReturnable
[20:14:25] [Render thread/DEBUG] (com.mojang.blaze3d.systems.RenderSystem) Growing IndexBuffer: Old limit 9360, new limit 19440.
[20:14:25] [Render thread/DEBUG] (FabricLoader/Mixin) Mixing client.render.gui.hud.GameOverlayRendererMixin from vurstvisual.mixins.json into net.minecraft.client.gui.hud.InGameOverlayRenderer
[20:14:25] [Render thread/DEBUG] (FabricLoader/Mixin) vurstvisual.mixins.json:client.render.gui.hud.GameOverlayRendererMixin from mod vurstvisual->@Inject::prepareInWallOverlay(Lnet/minecraft/client/texture/Sprite;Lnet/minecraft/client/util/math/MatrixStack;Lnet/minecraft/client/render/VertexConsumerProvider;Lorg/spongepowered/asm/mixin/injection/callback/CallbackInfo;)V doesn't use it's CallbackInfo
[20:14:25] [Render thread/DEBUG] (FabricLoader/Mixin) vurstvisual.mixins.json:client.render.gui.hud.GameOverlayRendererMixin from mod vurstvisual->@Inject::removeFireOverlay(Lnet/minecraft/client/util/math/MatrixStack;Lnet/minecraft/client/render/VertexConsumerProvider;Lorg/spongepowered/asm/mixin/injection/callback/CallbackInfo;)V does use it's CallbackInfo
[20:14:25] [Render thread/DEBUG] (FabricLoader/Mixin) vurstvisual.mixins.json:client.render.gui.hud.GameOverlayRendererMixin from mod vurstvisual->@Inject::removeUnderwaterOverlay(Lnet/minecraft/client/MinecraftClient;Lnet/minecraft/client/util/math/MatrixStack;Lnet/minecraft/client/render/VertexConsumerProvider;Lorg/spongepowered/asm/mixin/injection/callback/CallbackInfo;)V does use it's CallbackInfo
[20:14:25] [Render thread/DEBUG] (FabricLoader/Mixin) Mixing client.render.gui.hud.InGameHudHeartTypeMixin from vurstvisual.mixins.json into net.minecraft.client.gui.hud.InGameHud$HeartType
[20:14:25] [Render thread/DEBUG] (com.mojang.blaze3d.systems.RenderSystem) Growing IndexBuffer: Old limit 20, new limit 6400.
[20:14:25] [Render thread/INFO] (net.minecraft.client.gui.hud.ChatHud) [System] [CHAT] Grim » Alerts enabled
[20:14:25] [Render thread/INFO] (net.minecraft.client.gui.hud.ChatHud) [System] [CHAT] Grim » Verbose enabled
[20:14:25] [Render thread/INFO] (net.minecraft.client.gui.hud.ChatHud) [System] [CHAT] Открылся новый пиратский тест сервер! Переходи туда: pvp.thunderhack.pw
[20:14:25] [Render thread/INFO] (net.minecraft.client.gui.hud.ChatHud) [System] [CHAT] Grim » ReymyPidor failed PacketOrderO* (x60) type=PONG
[20:14:25] [Render thread/INFO] (net.minecraft.client.gui.hud.ChatHud) [System] [CHAT] Grim » ReymyPidor failed PacketOrderO* (x61) type=PONG
[20:14:25] [Render thread/INFO] (net.minecraft.client.gui.hud.ChatHud) [System] [CHAT] Grim » ReymyPidor failed PacketOrderO* (x62) type=PONG
[20:14:25] [Render thread/INFO] (net.minecraft.client.gui.hud.ChatHud) [System] [CHAT] Grim » ReymyPidor failed PacketOrderO* (x63) type=PONG
[20:14:25] [Render thread/INFO] (net.minecraft.client.gui.hud.ChatHud) [System] [CHAT] Grim » ReymyPidor failed PacketOrderO* (x64) type=PONG
[20:14:25] [Render thread/INFO] (net.minecraft.client.gui.hud.ChatHud) [System] [CHAT] Grim » ReymyPidor failed TickTimer (x3) type=flying, packets=3
[20:14:25] [Render thread/INFO] (net.minecraft.client.gui.hud.ChatHud) [System] [CHAT] Grim » ReymyPidor failed PacketOrderO* (x65) type=PONG
[20:14:25] [Render thread/INFO] (net.minecraft.client.gui.hud.ChatHud) [System] [CHAT] Grim » ReymyPidor failed PacketOrderO* (x66) type=PONG
[20:14:26] [Render thread/INFO] (net.minecraft.client.gui.hud.ChatHud) [System] [CHAT] Grim » ReymyPidor failed PacketOrderO* (x67) type=PONG
[20:14:26] [Render thread/INFO] (net.minecraft.client.gui.hud.ChatHud) [System] [CHAT] Grim » ReymyPidor failed PacketOrderO* (x68) type=TELEPORT_CONFIRM
[20:14:26] [Render thread/INFO] (net.minecraft.client.gui.hud.ChatHud) [System] [CHAT] Grim » ReymyPidor failed PacketOrderO* (x69) type=PLAYER_POSITION_AND_ROTATION
[20:14:26] [Render thread/INFO] (net.minecraft.client.gui.hud.ChatHud) [System] [CHAT] Grim » ReymyPidor failed PacketOrderO* (x70) type=PONG
[20:14:26] [Render thread/INFO] (net.minecraft.client.gui.hud.ChatHud) [System] [CHAT] Grim » ReymyPidor failed PacketOrderO* (x71) type=PONG
[20:14:26] [Render thread/INFO] (net.minecraft.client.gui.hud.ChatHud) [System] [CHAT] Grim » ReymyPidor failed PacketOrderO* (x72) type=PONG
[20:14:26] [Render thread/INFO] (net.minecraft.client.gui.hud.ChatHud) [System] [CHAT] Grim » ReymyPidor failed PacketOrderO* (x73) type=PONG
[20:14:26] [Render thread/INFO] (net.minecraft.client.gui.hud.ChatHud) [System] [CHAT] The scaffold area has been cleared
[20:14:43] [Render thread/INFO] (net.minecraft.client.gui.hud.ChatHud) [System] [CHAT] d10_brand0 left the game
[20:14:50] [Render thread/INFO] (net.minecraft.client.gui.hud.ChatHud) [System] [CHAT] fungetx left the game
[20:14:56] [Render thread/INFO] (net.minecraft.client.gui.hud.ChatHud) [System] [CHAT] ReymyPidor left the game
[20:15:21] [Render thread/INFO] (net.minecraft.client.gui.hud.ChatHud) [System] [CHAT] ReymyPidor joined the game
[20:15:21] [Render thread/INFO] (net.minecraft.client.gui.hud.ChatHud) [System] [CHAT] dsfauweaf joined the game
[20:15:24] [Render thread/INFO] (net.minecraft.client.gui.hud.ChatHud) [System] [CHAT] Grim » Player398 failed NegativeTimer* (x1) -1550
[20:15:24] [Render thread/INFO] (net.minecraft.client.gui.hud.ChatHud) [System] [CHAT] Grim » Player398 failed NegativeTimer* (x2) -1500
[20:15:24] [Render thread/INFO] (net.minecraft.client.gui.hud.ChatHud) [System] [CHAT] Grim » Player398 failed NegativeTimer* (x3) -1450
[20:15:24] [Render thread/INFO] (net.minecraft.client.gui.hud.ChatHud) [System] [CHAT] Grim » Player398 failed NegativeTimer* (x4) -1399
[20:15:24] [Render thread/INFO] (net.minecraft.client.gui.hud.ChatHud) [System] [CHAT] Grim » Player398 failed NegativeTimer* (x5) -1349
[20:15:24] [Render thread/INFO] (net.minecraft.client.gui.hud.ChatHud) [System] [CHAT] Grim » ReymyPidor failed BadPacketsV* (x1) delta=0.0
[20:15:24] [Render thread/INFO] (net.minecraft.client.gui.hud.ChatHud) [System] [CHAT] Grim » ReymyPidor failed PacketOrderO* (x1) type=PONG
[20:15:24] [Render thread/INFO] (net.minecraft.client.gui.hud.ChatHud) [System] [CHAT] Grim » ReymyPidor failed PacketOrderO* (x1) type=PONG
[20:15:24] [Render thread/INFO] (net.minecraft.client.gui.hud.ChatHud) [System] [CHAT] Grim » ReymyPidor failed PacketOrderO* (x2) type=PONG
[20:15:24] [Render thread/INFO] (net.minecraft.client.gui.hud.ChatHud) [System] [CHAT] Grim » ReymyPidor failed PacketOrderO* (x3) type=PONG
[20:15:24] [Render thread/INFO] (net.minecraft.client.gui.hud.ChatHud) [System] [CHAT] Grim » ReymyPidor failed PacketOrderO* (x4) type=PONG
[20:15:24] [Render thread/INFO] (net.minecraft.client.gui.hud.ChatHud) [System] [CHAT] Grim » ReymyPidor failed PacketOrderO* (x5) type=PONG
[20:15:24] [Render thread/INFO] (net.minecraft.client.gui.hud.ChatHud) [System] [CHAT] Grim » ReymyPidor failed PacketOrderO* (x6) type=PONG
[20:15:24] [Render thread/INFO] (net.minecraft.client.gui.hud.ChatHud) [System] [CHAT] Grim » ReymyPidor failed PacketOrderO* (x7) type=PONG
[20:15:24] [Render thread/INFO] (net.minecraft.client.gui.hud.ChatHud) [System] [CHAT] Grim » ReymyPidor failed PacketOrderO* (x8) type=PONG
[20:15:24] [Render thread/INFO] (net.minecraft.client.gui.hud.ChatHud) [System] [CHAT] Grim » ReymyPidor failed PacketOrderO* (x9) type=PONG
[20:15:25] [Render thread/INFO] (net.minecraft.client.gui.hud.ChatHud) [System] [CHAT] Grim » ReymyPidor failed PacketOrderO* (x10) type=PONG
[20:15:25] [Render thread/INFO] (net.minecraft.client.gui.hud.ChatHud) [System] [CHAT] Grim » ReymyPidor failed PacketOrderO* (x11) type=PONG
[20:15:25] [Render thread/INFO] (net.minecraft.client.gui.hud.ChatHud) [System] [CHAT] Grim » ReymyPidor failed PacketOrderO* (x12) type=PONG
[20:15:25] [Render thread/INFO] (net.minecraft.client.gui.hud.ChatHud) [System] [CHAT] Grim » ReymyPidor failed PacketOrderO* (x13) type=PONG
[20:15:25] [Render thread/INFO] (net.minecraft.client.gui.hud.ChatHud) [System] [CHAT] Grim » ReymyPidor failed PacketOrderO* (x14) type=PONG
[20:15:25] [Render thread/INFO] (net.minecraft.client.gui.hud.ChatHud) [System] [CHAT] Grim » ReymyPidor failed PacketOrderO* (x15) type=PONG
[20:15:25] [Render thread/INFO] (net.minecraft.client.gui.hud.ChatHud) [System] [CHAT] Grim » ReymyPidor failed PacketOrderO* (x16) type=PONG
[20:15:25] [Render thread/INFO] (net.minecraft.client.gui.hud.ChatHud) [System] [CHAT] Grim » ReymyPidor failed PacketOrderO* (x17) type=PONG
[20:15:25] [Render thread/INFO] (net.minecraft.client.gui.hud.ChatHud) [System] [CHAT] Grim » ReymyPidor failed PacketOrderO* (x18) type=PONG
[20:15:25] [Render thread/INFO] (net.minecraft.client.gui.hud.ChatHud) [System] [CHAT] Grim » ReymyPidor failed PacketOrderO* (x19) type=PONG
[20:15:25] [Render thread/INFO] (net.minecraft.client.gui.hud.ChatHud) [System] [CHAT] Grim » ReymyPidor failed TickTimer (x1) type=flying, packets=1
[20:15:25] [Render thread/INFO] (net.minecraft.client.gui.hud.ChatHud) [System] [CHAT] Grim » ReymyPidor failed BadPacketsV* (x2) delta=0.0
[20:15:25] [Render thread/INFO] (net.minecraft.client.gui.hud.ChatHud) [System] [CHAT] Grim » ReymyPidor failed PacketOrderO* (x20) type=PONG
[20:15:25] [Render thread/INFO] (net.minecraft.client.gui.hud.ChatHud) [System] [CHAT] Grim » ReymyPidor failed PacketOrderO* (x21) type=PONG
[20:15:25] [Render thread/INFO] (net.minecraft.client.gui.hud.ChatHud) [System] [CHAT] Grim » ReymyPidor failed PacketOrderO* (x22) type=PONG
[20:15:25] [Render thread/INFO] (net.minecraft.client.gui.hud.ChatHud) [System] [CHAT] Grim » ReymyPidor failed PacketOrderO* (x23) type=PONG
[20:15:25] [Render thread/INFO] (net.minecraft.client.gui.hud.ChatHud) [System] [CHAT] Grim » ReymyPidor failed PacketOrderO* (x24) type=PONG
[20:15:25] [Render thread/INFO] (net.minecraft.client.gui.hud.ChatHud) [System] [CHAT] Grim » ReymyPidor failed PacketOrderO* (x25) type=PONG
[20:15:25] [Render thread/INFO] (net.minecraft.client.gui.hud.ChatHud) [System] [CHAT] Grim » ReymyPidor failed PacketOrderO* (x26) type=PONG
[20:15:25] [Render thread/INFO] (net.minecraft.client.gui.hud.ChatHud) [System] [CHAT] Grim » ReymyPidor failed PacketOrderO* (x27) type=PONG
[20:15:25] [Render thread/INFO] (net.minecraft.client.gui.hud.ChatHud) [System] [CHAT] Grim » ReymyPidor failed PacketOrderO* (x28) type=PONG
[20:15:26] [Render thread/INFO] (net.minecraft.client.gui.hud.ChatHud) [System] [CHAT] Grim » ReymyPidor failed PacketOrderO* (x29) type=PONG
[20:15:26] [Render thread/INFO] (net.minecraft.client.gui.hud.ChatHud) [System] [CHAT] Grim » ReymyPidor failed PacketOrderO* (x30) type=PONG
[20:15:26] [Render thread/INFO] (net.minecraft.client.gui.hud.ChatHud) [System] [CHAT] Grim » ReymyPidor failed PacketOrderO* (x31) type=PONG
[20:15:26] [Render thread/INFO] (net.minecraft.client.gui.hud.ChatHud) [System] [CHAT] Grim » ReymyPidor failed PacketOrderO* (x32) type=PONG
[20:15:26] [Render thread/INFO] (net.minecraft.client.gui.hud.ChatHud) [System] [CHAT] Grim » ReymyPidor failed PacketOrderO* (x33) type=PONG
[20:15:26] [Render thread/INFO] (net.minecraft.client.gui.hud.ChatHud) [System] [CHAT] Grim » ReymyPidor failed PacketOrderO* (x34) type=PONG
[20:15:26] [Render thread/INFO] (net.minecraft.client.gui.hud.ChatHud) [System] [CHAT] Grim » ReymyPidor failed PacketOrderO* (x35) type=PONG
[20:15:26] [Render thread/INFO] (net.minecraft.client.gui.hud.ChatHud) [System] [CHAT] Grim » ReymyPidor failed PacketOrderO* (x35) type=PONG
[20:15:26] [Render thread/INFO] (net.minecraft.client.gui.hud.ChatHud) [System] [CHAT] Grim » ReymyPidor failed TickTimer (x2) type=flying, packets=2
[20:15:26] [Render thread/INFO] (net.minecraft.client.gui.hud.ChatHud) [System] [CHAT] Grim » ReymyPidor failed BadPacketsV* (x3) delta=0.0
[20:15:26] [Render thread/INFO] (net.minecraft.client.gui.hud.ChatHud) [System] [CHAT] Grim » ReymyPidor failed PacketOrderO* (x36) type=PONG
[20:15:26] [Render thread/INFO] (net.minecraft.client.gui.hud.ChatHud) [System] [CHAT] Grim » ReymyPidor failed PacketOrderO* (x36) type=TELEPORT_CONFIRM
[20:15:26] [Render thread/INFO] (net.minecraft.client.gui.hud.ChatHud) [System] [CHAT] Grim » ReymyPidor failed PacketOrderO* (x37) type=PLAYER_POSITION_AND_ROTATION
[20:15:26] [Render thread/INFO] (net.minecraft.client.gui.hud.ChatHud) [System] [CHAT] Grim » ReymyPidor failed PacketOrderO* (x38) type=PONG
[20:15:26] [Render thread/INFO] (net.minecraft.client.gui.hud.ChatHud) [System] [CHAT] Grim » ReymyPidor failed PacketOrderO* (x38) type=PONG
[20:15:26] [Render thread/INFO] (net.minecraft.client.gui.hud.ChatHud) [System] [CHAT] Grim » ReymyPidor failed PacketOrderO* (x39) type=PONG
[20:15:26] [Render thread/INFO] (net.minecraft.client.gui.hud.ChatHud) [System] [CHAT] Grim » ReymyPidor failed PacketOrderO* (x40) type=PONG
[20:15:26] [Render thread/INFO] (net.minecraft.client.gui.hud.ChatHud) [System] [CHAT] Grim » ReymyPidor failed PacketOrderO* (x41) type=PONG
[20:15:26] [Render thread/INFO] (net.minecraft.client.gui.hud.ChatHud) [System] [CHAT] Grim » ReymyPidor failed PacketOrderO* (x42) type=PONG
[20:15:26] [Render thread/INFO] (net.minecraft.client.gui.hud.ChatHud) [System] [CHAT] Grim » ReymyPidor failed PacketOrderO* (x43) type=PONG
[20:15:26] [Render thread/INFO] (net.minecraft.client.gui.hud.ChatHud) [System] [CHAT] Grim » ReymyPidor failed PacketOrderO* (x44) type=PONG
[20:15:26] [Render thread/INFO] (net.minecraft.client.gui.hud.ChatHud) [System] [CHAT] Grim » ReymyPidor failed PacketOrderO* (x45) type=PONG
[20:15:27] [Render thread/INFO] (net.minecraft.client.gui.hud.ChatHud) [System] [CHAT] Grim » ReymyPidor failed PacketOrderO* (x46) type=PONG
[20:15:27] [Render thread/INFO] (net.minecraft.client.gui.hud.ChatHud) [System] [CHAT] Grim » ReymyPidor failed PacketOrderO* (x47) type=PONG
[20:15:27] [Render thread/INFO] (net.minecraft.client.gui.hud.ChatHud) [System] [CHAT] Grim » ReymyPidor failed PacketOrderO* (x48) type=PONG
[20:15:27] [Render thread/INFO] (net.minecraft.client.gui.hud.ChatHud) [System] [CHAT] Grim » ReymyPidor failed PacketOrderO* (x49) type=PONG
[20:15:27] [Render thread/INFO] (net.minecraft.client.gui.hud.ChatHud) [System] [CHAT] Grim » ReymyPidor failed PacketOrderO* (x50) type=PONG
[20:15:27] [Render thread/INFO] (net.minecraft.client.gui.hud.ChatHud) [System] [CHAT] Grim » ReymyPidor failed PacketOrderO* (x51) type=PONG
[20:15:27] [Render thread/INFO] (net.minecraft.client.gui.hud.ChatHud) [System] [CHAT] Grim » ReymyPidor failed PacketOrderO* (x52) type=PONG
[20:15:27] [Render thread/INFO] (net.minecraft.client.gui.hud.ChatHud) [System] [CHAT] Grim » ReymyPidor failed PacketOrderO* (x53) type=PONG
[20:15:27] [Render thread/INFO] (net.minecraft.client.gui.hud.ChatHud) [System] [CHAT] Grim » ReymyPidor failed TickTimer (x3) type=flying, packets=3
[20:15:27] [Render thread/INFO] (net.minecraft.client.gui.hud.ChatHud) [System] [CHAT] Grim » ReymyPidor failed PacketOrderO* (x54) type=PONG
[20:15:27] [Render thread/INFO] (net.minecraft.client.gui.hud.ChatHud) [System] [CHAT] Grim » ReymyPidor failed PacketOrderO* (x55) type=PONG
[20:15:27] [Render thread/INFO] (net.minecraft.client.gui.hud.ChatHud) [System] [CHAT] Grim » ReymyPidor failed PacketOrderO* (x56) type=PONG
[20:15:27] [Render thread/INFO] (net.minecraft.client.gui.hud.ChatHud) [System] [CHAT] Grim » ReymyPidor failed PacketOrderO* (x57) type=TELEPORT_CONFIRM
[20:15:27] [Render thread/INFO] (net.minecraft.client.gui.hud.ChatHud) [System] [CHAT] Grim » ReymyPidor failed PacketOrderO* (x58) type=PLAYER_POSITION_AND_ROTATION
[20:15:27] [Render thread/INFO] (net.minecraft.client.gui.hud.ChatHud) [System] [CHAT] Grim » ReymyPidor failed PacketOrderO* (x59) type=PONG
[20:15:27] [Render thread/INFO] (net.minecraft.client.gui.hud.ChatHud) [System] [CHAT] Grim » ReymyPidor failed PacketOrderO* (x60) type=PONG
[20:15:27] [Render thread/INFO] (net.minecraft.client.gui.hud.ChatHud) [System] [CHAT] Grim » ReymyPidor failed PacketOrderO* (x61) type=PONG
[20:15:27] [Render thread/INFO] (net.minecraft.client.gui.hud.ChatHud) [System] [CHAT] Grim » ReymyPidor failed PacketOrderO* (x62) type=PONG
[20:15:27] [Render thread/INFO] (net.minecraft.client.gui.hud.ChatHud) [System] [CHAT] Grim » ReymyPidor failed PacketOrderO* (x63) type=PONG
[20:15:27] [Render thread/INFO] (net.minecraft.client.gui.hud.ChatHud) [System] [CHAT] Grim » ReymyPidor failed PacketOrderO* (x64) type=PONG
[20:15:27] [Render thread/INFO] (net.minecraft.client.gui.hud.ChatHud) [System] [CHAT] Grim » ReymyPidor failed PacketOrderO* (x65) type=PONG
[20:15:27] [Render thread/INFO] (net.minecraft.client.gui.hud.ChatHud) [System] [CHAT] Grim » ReymyPidor failed PacketOrderO* (x66) type=PONG
[20:15:27] [Render thread/INFO] (net.minecraft.client.gui.hud.ChatHud) [System] [CHAT] Grim » ReymyPidor failed PacketOrderO* (x67) type=PONG
[20:15:27] [Render thread/INFO] (net.minecraft.client.gui.hud.ChatHud) [System] [CHAT] Grim » ReymyPidor failed PacketOrderO* (x68) type=PONG
[20:15:28] [Render thread/INFO] (net.minecraft.client.gui.hud.ChatHud) [System] [CHAT] Grim » ReymyPidor failed PacketOrderO* (x69) type=PONG
[20:15:28] [Render thread/INFO] (net.minecraft.client.gui.hud.ChatHud) [System] [CHAT] Grim » ReymyPidor failed PacketOrderO* (x70) type=PONG
[20:15:28] [Render thread/INFO] (net.minecraft.client.gui.hud.ChatHud) [System] [CHAT] Grim » ReymyPidor failed PacketOrderO* (x71) type=PONG
[20:15:28] [Render thread/INFO] (net.minecraft.client.gui.hud.ChatHud) [System] [CHAT] Grim » ReymyPidor failed PacketOrderO* (x72) type=PONG
[20:15:28] [Render thread/INFO] (net.minecraft.client.gui.hud.ChatHud) [System] [CHAT] Grim » ReymyPidor failed PacketOrderO* (x73) type=PONG
[20:15:28] [Render thread/INFO] (net.minecraft.client.gui.hud.ChatHud) [System] [CHAT] Grim » ReymyPidor failed PacketOrderO* (x74) type=PONG
[20:15:28] [Render thread/INFO] (net.minecraft.client.gui.hud.ChatHud) [System] [CHAT] Grim » ReymyPidor failed PacketOrderO* (x75) type=PONG
[20:15:28] [Render thread/INFO] (net.minecraft.client.gui.hud.ChatHud) [System] [CHAT] Grim » ReymyPidor failed PacketOrderO* (x76) type=PONG
[20:15:28] [Render thread/INFO] (net.minecraft.client.gui.hud.ChatHud) [System] [CHAT] Grim » ReymyPidor failed TickTimer (x4) type=flying, packets=4
[20:15:28] [Render thread/INFO] (net.minecraft.client.gui.hud.ChatHud) [System] [CHAT] Grim » ReymyPidor failed PacketOrderO* (x77) type=PONG
[20:15:28] [Render thread/INFO] (net.minecraft.client.gui.hud.ChatHud) [System] [CHAT] Grim » ReymyPidor failed PacketOrderO* (x78) type=PONG
[20:15:28] [Render thread/INFO] (net.minecraft.client.gui.hud.ChatHud) [System] [CHAT] Grim » ReymyPidor failed PacketOrderO* (x79) type=TELEPORT_CONFIRM
[20:15:28] [Render thread/INFO] (net.minecraft.client.gui.hud.ChatHud) [System] [CHAT] Grim » ReymyPidor failed PacketOrderO* (x79) type=PLAYER_POSITION_AND_ROTATION
[20:15:28] [Render thread/INFO] (net.minecraft.client.gui.hud.ChatHud) [System] [CHAT] Grim » ReymyPidor failed PacketOrderO* (x79) type=PONG
[20:15:28] [Render thread/INFO] (net.minecraft.client.gui.hud.ChatHud) [System] [CHAT] Grim » ReymyPidor failed PacketOrderO* (x80) type=PONG
[20:15:28] [Render thread/INFO] (net.minecraft.client.gui.hud.ChatHud) [System] [CHAT] Grim » ReymyPidor failed PacketOrderO* (x81) type=PONG
[20:15:28] [Render thread/INFO] (net.minecraft.client.gui.hud.ChatHud) [System] [CHAT] Grim » ReymyPidor failed PacketOrderO* (x82) type=PONG
[20:15:28] [Render thread/INFO] (net.minecraft.client.gui.hud.ChatHud) [System] [CHAT] Grim » ReymyPidor failed PacketOrderO* (x83) type=PONG
[20:15:28] [Render thread/INFO] (net.minecraft.client.gui.hud.ChatHud) [System] [CHAT] Grim » ReymyPidor failed PacketOrderO* (x84) type=PONG
[20:15:28] [Render thread/INFO] (net.minecraft.client.gui.hud.ChatHud) [System] [CHAT] Grim » ReymyPidor failed PacketOrderO* (x85) type=PONG
[20:15:29] [Render thread/INFO] (net.minecraft.client.gui.hud.ChatHud) [System] [CHAT] Grim » ReymyPidor failed PacketOrderO* (x86) type=PONG
[20:15:29] [Render thread/INFO] (net.minecraft.client.gui.hud.ChatHud) [System] [CHAT] Grim » ReymyPidor failed PacketOrderO* (x87) type=PONG
[20:15:29] [Render thread/INFO] (net.minecraft.client.gui.hud.ChatHud) [System] [CHAT] Grim » ReymyPidor failed PacketOrderO* (x88) type=PONG
[20:15:29] [Render thread/INFO] (net.minecraft.client.gui.hud.ChatHud) [System] [CHAT] Grim » ReymyPidor failed PacketOrderO* (x89) type=PONG
[20:15:29] [Render thread/INFO] (net.minecraft.client.gui.hud.ChatHud) [System] [CHAT] Grim » ReymyPidor failed PacketOrderO* (x90) type=PONG
[20:15:29] [Render thread/INFO] (net.minecraft.client.gui.hud.ChatHud) [System] [CHAT] Grim » ReymyPidor failed PacketOrderO* (x91) type=PONG
[20:15:29] [Render thread/INFO] (net.minecraft.client.gui.hud.ChatHud) [System] [CHAT] Grim » ReymyPidor failed PacketOrderO* (x92) type=PONG
[20:15:29] [Render thread/INFO] (net.minecraft.client.gui.hud.ChatHud) [System] [CHAT] Grim » ReymyPidor failed PacketOrderO* (x93) type=PONG
[20:15:29] [Render thread/INFO] (net.minecraft.client.gui.hud.ChatHud) [System] [CHAT] Grim » ReymyPidor failed TickTimer (x5) type=flying, packets=5
[20:15:29] [Render thread/INFO] (net.minecraft.client.gui.hud.ChatHud) [System] [CHAT] Grim » ReymyPidor failed PacketOrderO* (x94) type=PONG
[20:15:29] [Render thread/INFO] (net.minecraft.client.gui.hud.ChatHud) [System] [CHAT] Grim » ReymyPidor failed PacketOrderO* (x95) type=PONG
[20:15:29] [Render thread/INFO] (net.minecraft.client.gui.hud.ChatHud) [System] [CHAT] Grim » ReymyPidor failed PacketOrderO* (x96) type=PONG
[20:15:29] [Render thread/INFO] (net.minecraft.client.gui.hud.ChatHud) [System] [CHAT] Grim » ReymyPidor failed PacketOrderO* (x97) type=TELEPORT_CONFIRM
[20:15:29] [Render thread/INFO] (net.minecraft.client.gui.hud.ChatHud) [System] [CHAT] Grim » ReymyPidor failed PacketOrderO* (x98) type=PLAYER_POSITION_AND_ROTATION
[20:15:29] [Render thread/INFO] (net.minecraft.client.gui.hud.ChatHud) [System] [CHAT] Grim » ReymyPidor failed PacketOrderO* (x99) type=PONG
[20:15:29] [Render thread/INFO] (net.minecraft.client.gui.hud.ChatHud) [System] [CHAT] Grim » ReymyPidor failed PacketOrderO* (x100) type=PONG
[20:15:29] [Render thread/INFO] (net.minecraft.client.gui.hud.ChatHud) [System] [CHAT] Grim » ReymyPidor failed PacketOrderO* (x101) type=PONG
[20:15:29] [Render thread/INFO] (net.minecraft.client.gui.hud.ChatHud) [System] [CHAT] Grim » ReymyPidor failed PacketOrderO* (x102) type=PONG
[20:15:29] [Render thread/INFO] (net.minecraft.client.gui.hud.ChatHud) [System] [CHAT] Grim » ReymyPidor failed PacketOrderO* (x103) type=PONG
[20:15:29] [Render thread/INFO] (net.minecraft.client.gui.hud.ChatHud) [System] [CHAT] Grim » ReymyPidor failed PacketOrderO* (x104) type=PONG
[20:15:29] [Render thread/INFO] (net.minecraft.client.gui.hud.ChatHud) [System] [CHAT] Grim » ReymyPidor failed PacketOrderO* (x105) type=PONG
[20:15:29] [Render thread/INFO] (net.minecraft.client.gui.hud.ChatHud) [System] [CHAT] Grim » ReymyPidor failed PacketOrderO* (x106) type=PONG
[20:15:30] [Render thread/INFO] (net.minecraft.client.gui.hud.ChatHud) [System] [CHAT] Grim » ReymyPidor failed PacketOrderO* (x107) type=PONG
[20:15:30] [Render thread/INFO] (net.minecraft.client.gui.hud.ChatHud) [System] [CHAT] Grim » ReymyPidor failed PacketOrderO* (x108) type=PONG
[20:15:30] [Render thread/INFO] (net.minecraft.client.gui.hud.ChatHud) [System] [CHAT] Grim » ReymyPidor failed PacketOrderO* (x109) type=PONG
[20:15:30] [Render thread/INFO] (net.minecraft.client.gui.hud.ChatHud) [System] [CHAT] Grim » ReymyPidor failed PacketOrderO* (x110) type=PONG
[20:15:30] [Render thread/INFO] (net.minecraft.client.gui.hud.ChatHud) [System] [CHAT] Grim » ReymyPidor failed PacketOrderO* (x111) type=PONG
[20:15:30] [Render thread/INFO] (net.minecraft.client.gui.hud.ChatHud) [System] [CHAT] Grim » ReymyPidor failed PacketOrderO* (x112) type=PONG
[20:15:30] [Render thread/INFO] (net.minecraft.client.gui.hud.ChatHud) [System] [CHAT] Grim » ReymyPidor failed PacketOrderO* (x113) type=PONG
[20:15:30] [Render thread/INFO] (net.minecraft.client.gui.hud.ChatHud) [System] [CHAT] Grim » ReymyPidor failed PacketOrderO* (x114) type=PONG
[20:15:30] [Render thread/INFO] (net.minecraft.client.gui.hud.ChatHud) [System] [CHAT] Grim » ReymyPidor failed TickTimer (x6) type=flying, packets=6
[20:15:30] [Render thread/INFO] (net.minecraft.client.gui.hud.ChatHud) [System] [CHAT] Grim » ReymyPidor failed NegativeTimer* (x1) -2599
[20:15:30] [Render thread/INFO] (net.minecraft.client.gui.hud.ChatHud) [System] [CHAT] Grim » ReymyPidor failed PacketOrderO* (x115) type=PONG
[20:15:30] [Render thread/INFO] (net.minecraft.client.gui.hud.ChatHud) [System] [CHAT] Grim » ReymyPidor failed PacketOrderO* (x116) type=PONG
[20:15:30] [Render thread/INFO] (net.minecraft.client.gui.hud.ChatHud) [System] [CHAT] Grim » ReymyPidor failed PacketOrderO* (x117) type=PONG
[20:15:30] [Render thread/INFO] (net.minecraft.client.gui.hud.ChatHud) [System] [CHAT] Grim » ReymyPidor failed PacketOrderO* (x118) type=TELEPORT_CONFIRM
[20:15:30] [Render thread/INFO] (net.minecraft.client.gui.hud.ChatHud) [System] [CHAT] Grim » ReymyPidor failed PacketOrderO* (x119) type=PLAYER_POSITION_AND_ROTATION
[20:15:30] [Render thread/INFO] (net.minecraft.client.gui.hud.ChatHud) [System] [CHAT] Grim » ReymyPidor failed PacketOrderO* (x120) type=PONG
[20:15:30] [Render thread/INFO] (net.minecraft.client.gui.hud.ChatHud) [System] [CHAT] Grim » ReymyPidor failed PacketOrderO* (x121) type=PONG
[20:15:30] [Render thread/INFO] (net.minecraft.client.gui.hud.ChatHud) [System] [CHAT] Grim » ReymyPidor failed PacketOrderO* (x122) type=PONG
[20:15:30] [Render thread/INFO] (net.minecraft.client.gui.hud.ChatHud) [System] [CHAT] Grim » ReymyPidor failed PacketOrderO* (x123) type=PONG
[20:15:30] [Render thread/INFO] (net.minecraft.client.gui.hud.ChatHud) [System] [CHAT] Grim » ReymyPidor failed PacketOrderO* (x124) type=PONG
[20:15:30] [Render thread/INFO] (net.minecraft.client.gui.hud.ChatHud) [System] [CHAT] Grim » ReymyPidor failed PacketOrderO* (x125) type=PONG
[20:15:30] [Render thread/INFO] (net.minecraft.client.gui.hud.ChatHud) [System] [CHAT] Grim » ReymyPidor failed PacketOrderO* (x126) type=PONG
[20:15:30] [Render thread/INFO] (net.minecraft.client.gui.hud.ChatHud) [System] [CHAT] Grim » ReymyPidor failed PacketOrderO* (x127) type=PONG
[20:15:30] [Render thread/INFO] (net.minecraft.client.gui.hud.ChatHud) [System] [CHAT] Grim » ReymyPidor failed TickTimer (x7) type=end, packets=7
[20:15:35] [Render thread/INFO] (net.minecraft.client.gui.hud.ChatHud) [System] [CHAT] Grim » Player398 failed BadPacketsV* (x6) delta=0.0
[20:15:35] [Render thread/INFO] (net.minecraft.client.gui.hud.ChatHud) [System] [CHAT] Grim » ReymyPidor failed TickTimer (x8) type=flying, packets=1
[20:15:35] [Render thread/INFO] (net.minecraft.client.gui.hud.ChatHud) [System] [CHAT] Grim » ReymyPidor failed TickTimer (x9) type=flying, packets=2
[20:15:35] [Render thread/INFO] (net.minecraft.client.gui.hud.ChatHud) [System] [CHAT] Grim » ReymyPidor failed PacketOrderO* (x128) type=PONG
[20:15:35] [Render thread/INFO] (net.minecraft.client.gui.hud.ChatHud) [System] [CHAT] Grim » ReymyPidor failed PacketOrderO* (x129) type=PONG
[20:15:35] [Render thread/INFO] (net.minecraft.client.gui.hud.ChatHud) [System] [CHAT] Grim » ReymyPidor failed PacketOrderO* (x130) type=PONG
[20:15:35] [Render thread/INFO] (net.minecraft.client.gui.hud.ChatHud) [System] [CHAT] Grim » ReymyPidor failed PacketOrderO* (x131) type=TELEPORT_CONFIRM
[20:15:35] [Render thread/INFO] (net.minecraft.client.gui.hud.ChatHud) [System] [CHAT] Grim » ReymyPidor failed PacketOrderO* (x132) type=PLAYER_POSITION_AND_ROTATION
[20:15:35] [Render thread/INFO] (net.minecraft.client.gui.hud.ChatHud) [System] [CHAT] Grim » ReymyPidor failed PacketOrderO* (x133) type=PONG
[20:15:35] [Render thread/INFO] (net.minecraft.client.gui.hud.ChatHud) [System] [CHAT] Grim » ReymyPidor failed PacketOrderO* (x134) type=PONG
[20:15:35] [Render thread/INFO] (net.minecraft.client.gui.hud.ChatHud) [System] [CHAT] Grim » ReymyPidor failed PacketOrderO* (x135) type=PONG
[20:15:35] [Render thread/INFO] (net.minecraft.client.gui.hud.ChatHud) [System] [CHAT] Grim » ReymyPidor failed PacketOrderO* (x136) type=PONG
[20:15:35] [Render thread/INFO] (net.minecraft.client.gui.hud.ChatHud) [System] [CHAT] Grim » ReymyPidor failed PacketOrderO* (x137) type=PONG
[20:15:35] [Render thread/INFO] (net.minecraft.client.gui.hud.ChatHud) [System] [CHAT] Grim » ReymyPidor failed TickTimer (x10) type=flying, packets=3
[20:15:35] [Render thread/INFO] (net.minecraft.client.gui.hud.ChatHud) [System] [CHAT] Grim » ReymyPidor failed Simulation (x1) .007015 /gl 82
[20:15:35] [Render thread/INFO] (net.minecraft.client.gui.hud.ChatHud) [System] [CHAT] Grim » ReymyPidor failed TickTimer (x11) type=flying, packets=4
[20:15:35] [Render thread/INFO] (net.minecraft.client.gui.hud.ChatHud) [System] [CHAT] Grim » ReymyPidor failed Simulation (x2) .005612 /gl 83
[20:15:35] [Render thread/INFO] (net.minecraft.client.gui.hud.ChatHud) [System] [CHAT] Grim » ReymyPidor failed PacketOrderO* (x138) type=PONG
[20:15:35] [Render thread/INFO] (net.minecraft.client.gui.hud.ChatHud) [System] [CHAT] Grim » ReymyPidor failed PacketOrderO* (x139) type=PONG
[20:15:35] [Render thread/INFO] (net.minecraft.client.gui.hud.ChatHud) [System] [CHAT] Grim » ReymyPidor failed PacketOrderO* (x140) type=TELEPORT_CONFIRM
[20:15:35] [Render thread/INFO] (net.minecraft.client.gui.hud.ChatHud) [System] [CHAT] Grim » ReymyPidor failed PacketOrderO* (x141) type=PLAYER_POSITION_AND_ROTATION
[20:15:35] [Render thread/INFO] (net.minecraft.client.gui.hud.ChatHud) [System] [CHAT] Grim » ReymyPidor failed PacketOrderO* (x142) type=PONG
[20:15:35] [Render thread/INFO] (net.minecraft.client.gui.hud.ChatHud) [System] [CHAT] Grim » ReymyPidor failed PacketOrderO* (x142) type=PONG
[20:15:35] [Render thread/INFO] (net.minecraft.client.gui.hud.ChatHud) [System] [CHAT] Grim » ReymyPidor failed PacketOrderO* (x143) type=PONG
[20:15:35] [Render thread/INFO] (net.minecraft.client.gui.hud.ChatHud) [System] [CHAT] Grim » ReymyPidor failed TickTimer (x12) type=flying, packets=5
[20:15:35] [Render thread/INFO] (net.minecraft.client.gui.hud.ChatHud) [System] [CHAT] Grim » ReymyPidor failed TickTimer (x13) type=flying, packets=6
[20:15:35] [Render thread/INFO] (net.minecraft.client.gui.hud.ChatHud) [System] [CHAT] Grim » ReymyPidor failed PacketOrderO* (x144) type=PONG
[20:15:35] [Render thread/INFO] (net.minecraft.client.gui.hud.ChatHud) [System] [CHAT] Grim » ReymyPidor failed PacketOrderO* (x145) type=TELEPORT_CONFIRM
[20:15:35] [Render thread/INFO] (net.minecraft.client.gui.hud.ChatHud) [System] [CHAT] Grim » ReymyPidor failed PacketOrderO* (x146) type=PLAYER_POSITION_AND_ROTATION
[20:15:35] [Render thread/INFO] (net.minecraft.client.gui.hud.ChatHud) [System] [CHAT] Grim » ReymyPidor failed PacketOrderO* (x147) type=PONG
[20:15:35] [Render thread/INFO] (net.minecraft.client.gui.hud.ChatHud) [System] [CHAT] Grim » ReymyPidor failed PacketOrderO* (x148) type=PONG
[20:15:35] [Render thread/INFO] (net.minecraft.client.gui.hud.ChatHud) [System] [CHAT] Grim » ReymyPidor failed PacketOrderO* (x149) type=PONG
[20:15:35] [Render thread/INFO] (net.minecraft.client.gui.hud.ChatHud) [System] [CHAT] Grim » ReymyPidor failed TickTimer (x14) type=flying, packets=7
[20:15:35] [Render thread/INFO] (net.minecraft.client.gui.hud.ChatHud) [System] [CHAT] Grim » ReymyPidor failed Simulation (x3) .007016 /gl 84
[20:15:35] [Render thread/INFO] (net.minecraft.client.gui.hud.ChatHud) [System] [CHAT] Grim » ReymyPidor failed PacketOrderO* (x150) type=PONG
[20:15:35] [Render thread/INFO] (net.minecraft.client.gui.hud.ChatHud) [System] [CHAT] Grim » ReymyPidor failed TickTimer (x15) type=flying, packets=8
[20:15:35] [Render thread/INFO] (net.minecraft.client.gui.hud.ChatHud) [System] [CHAT] Grim » ReymyPidor failed Simulation (x4) .005613 /gl 85
[20:15:36] [Render thread/INFO] (net.minecraft.client.gui.hud.ChatHud) [System] [CHAT] Grim » ReymyPidor failed PacketOrderO* (x151) type=PONG
[20:15:36] [Render thread/INFO] (net.minecraft.client.gui.hud.ChatHud) [System] [CHAT] Grim » ReymyPidor failed PacketOrderO* (x152) type=TELEPORT_CONFIRM
[20:15:36] [Render thread/INFO] (net.minecraft.client.gui.hud.ChatHud) [System] [CHAT] Grim » ReymyPidor failed PacketOrderO* (x153) type=PLAYER_POSITION_AND_ROTATION
[20:15:36] [Render thread/INFO] (net.minecraft.client.gui.hud.ChatHud) [System] [CHAT] Grim » ReymyPidor failed PacketOrderO* (x154) type=PONG
[20:15:36] [Render thread/INFO] (net.minecraft.client.gui.hud.ChatHud) [System] [CHAT] Grim » ReymyPidor failed PacketOrderO* (x155) type=PONG
[20:15:36] [Render thread/INFO] (net.minecraft.client.gui.hud.ChatHud) [System] [CHAT] Grim » ReymyPidor failed PacketOrderO* (x156) type=PONG
[20:15:36] [Render thread/INFO] (net.minecraft.client.gui.hud.ChatHud) [System] [CHAT] Grim » ReymyPidor failed TickTimer (x16) type=flying, packets=9
[20:15:36] [Render thread/INFO] (net.minecraft.client.gui.hud.ChatHud) [System] [CHAT] Grim » ReymyPidor failed TickTimer (x17) type=flying, packets=10
[20:15:36] [Render thread/INFO] (net.minecraft.client.gui.hud.ChatHud) [System] [CHAT] Grim » ReymyPidor failed PacketOrderO* (x157) type=PONG
[20:15:36] [Render thread/INFO] (net.minecraft.client.gui.hud.ChatHud) [System] [CHAT] Grim » ReymyPidor failed PacketOrderO* (x158) type=TELEPORT_CONFIRM
[20:15:36] [Render thread/INFO] (net.minecraft.client.gui.hud.ChatHud) [System] [CHAT] Grim » ReymyPidor failed PacketOrderO* (x158) type=PLAYER_POSITION_AND_ROTATION
[20:15:36] [Render thread/INFO] (net.minecraft.client.gui.hud.ChatHud) [System] [CHAT] Grim » ReymyPidor failed PacketOrderO* (x159) type=PONG
[20:15:36] [Render thread/INFO] (net.minecraft.client.gui.hud.ChatHud) [System] [CHAT] Grim » ReymyPidor failed PacketOrderO* (x159) type=PONG
[20:15:36] [Render thread/INFO] (net.minecraft.client.gui.hud.ChatHud) [System] [CHAT] Grim » ReymyPidor failed PacketOrderO* (x160) type=PONG
[20:15:36] [Render thread/INFO] (net.minecraft.client.gui.hud.ChatHud) [System] [CHAT] Grim » ReymyPidor failed PacketOrderO* (x161) type=PONG
[20:15:36] [Render thread/INFO] (net.minecraft.client.gui.hud.ChatHud) [System] [CHAT] Grim » ReymyPidor failed TickTimer (x18) type=flying, packets=11
[20:15:36] [Render thread/INFO] (net.minecraft.client.gui.hud.ChatHud) [System] [CHAT] Grim » ReymyPidor failed Simulation (x5) .007017 /gl 86
[20:15:36] [Render thread/INFO] (net.minecraft.client.gui.hud.ChatHud) [System] [CHAT] Grim » ReymyPidor failed TickTimer (x19) type=flying, packets=12
[20:15:36] [Render thread/INFO] (net.minecraft.client.gui.hud.ChatHud) [System] [CHAT] Grim » ReymyPidor failed Simulation (x6) .005613 /gl 87
[20:15:36] [Render thread/INFO] (net.minecraft.client.gui.hud.ChatHud) [System] [CHAT] Grim » ReymyPidor failed PacketOrderO* (x162) type=PONG
[20:15:36] [Render thread/INFO] (net.minecraft.client.gui.hud.ChatHud) [System] [CHAT] Grim » ReymyPidor failed PacketOrderO* (x163) type=PONG
[20:15:36] [Render thread/INFO] (net.minecraft.client.gui.hud.ChatHud) [System] [CHAT] Grim » ReymyPidor failed PacketOrderO* (x164) type=TELEPORT_CONFIRM
[20:15:36] [Render thread/INFO] (net.minecraft.client.gui.hud.ChatHud) [System] [CHAT] Grim » ReymyPidor failed PacketOrderO* (x165) type=PLAYER_POSITION_AND_ROTATION
[20:15:36] [Render thread/INFO] (net.minecraft.client.gui.hud.ChatHud) [System] [CHAT] Grim » ReymyPidor failed PacketOrderO* (x166) type=PONG
[20:15:36] [Render thread/INFO] (net.minecraft.client.gui.hud.ChatHud) [System] [CHAT] Grim » ReymyPidor failed PacketOrderO* (x167) type=PONG
[20:15:36] [Render thread/INFO] (net.minecraft.client.gui.hud.ChatHud) [System] [CHAT] Grim » ReymyPidor failed TickTimer (x20) type=flying, packets=13
[20:15:36] [Render thread/INFO] (net.minecraft.client.gui.hud.ChatHud) [System] [CHAT] Grim » ReymyPidor failed PacketOrderO* (x168) type=PONG
[20:15:36] [Render thread/INFO] (net.minecraft.client.gui.hud.ChatHud) [System] [CHAT] Grim » ReymyPidor failed PacketOrderO* (x169) type=PONG
[20:15:36] [Render thread/INFO] (net.minecraft.client.gui.hud.ChatHud) [System] [CHAT] Grim » ReymyPidor failed TickTimer (x21) type=flying, packets=14
[20:15:36] [Render thread/INFO] (net.minecraft.client.gui.hud.ChatHud) [System] [CHAT] Grim » ReymyPidor failed PacketOrderO* (x170) type=PONG
[20:15:36] [Render thread/INFO] (net.minecraft.client.gui.hud.ChatHud) [System] [CHAT] Grim » ReymyPidor failed PacketOrderO* (x171) type=PONG
[20:15:36] [Render thread/INFO] (net.minecraft.client.gui.hud.ChatHud) [System] [CHAT] Grim » ReymyPidor failed PacketOrderO* (x171) type=TELEPORT_CONFIRM
[20:15:36] [Render thread/INFO] (net.minecraft.client.gui.hud.ChatHud) [System] [CHAT] Grim » ReymyPidor failed PacketOrderO* (x172) type=PLAYER_POSITION_AND_ROTATION
[20:15:36] [Render thread/INFO] (net.minecraft.client.gui.hud.ChatHud) [System] [CHAT] Grim » ReymyPidor failed PacketOrderO* (x173) type=PONG
[20:15:36] [Render thread/INFO] (net.minecraft.client.gui.hud.ChatHud) [System] [CHAT] Grim » ReymyPidor failed PacketOrderO* (x173) type=PONG
[20:15:36] [Render thread/INFO] (net.minecraft.client.gui.hud.ChatHud) [System] [CHAT] Grim » ReymyPidor failed PacketOrderO* (x174) type=PONG
[20:15:36] [Render thread/INFO] (net.minecraft.client.gui.hud.ChatHud) [System] [CHAT] Grim » ReymyPidor failed TickTimer (x22) type=flying, packets=15
[20:15:36] [Render thread/INFO] (net.minecraft.client.gui.hud.ChatHud) [System] [CHAT] Grim » ReymyPidor failed Simulation (x7) .007017 /gl 88
[20:15:36] [Render thread/INFO] (net.minecraft.client.gui.hud.ChatHud) [System] [CHAT] Grim » ReymyPidor failed TickTimer (x23) type=flying, packets=16
[20:15:36] [Render thread/INFO] (net.minecraft.client.gui.hud.ChatHud) [System] [CHAT] Grim » ReymyPidor failed Simulation (x8) .005614 /gl 89
[20:15:36] [Render thread/INFO] (net.minecraft.client.gui.hud.ChatHud) [System] [CHAT] Grim » ReymyPidor failed PacketOrderO* (x175) type=PONG
[20:15:36] [Render thread/INFO] (net.minecraft.client.gui.hud.ChatHud) [System] [CHAT] Grim » ReymyPidor failed PacketOrderO* (x176) type=PONG
[20:15:36] [Render thread/INFO] (net.minecraft.client.gui.hud.ChatHud) [System] [CHAT] Grim » ReymyPidor failed PacketOrderO* (x177) type=TELEPORT_CONFIRM
[20:15:36] [Render thread/INFO] (net.minecraft.client.gui.hud.ChatHud) [System] [CHAT] Grim » ReymyPidor failed PacketOrderO* (x178) type=PLAYER_POSITION_AND_ROTATION
[20:15:36] [Render thread/INFO] (net.minecraft.client.gui.hud.ChatHud) [System] [CHAT] Grim » ReymyPidor failed PacketOrderO* (x178) type=PONG
[20:15:36] [Render thread/INFO] (net.minecraft.client.gui.hud.ChatHud) [System] [CHAT] Grim » ReymyPidor failed PacketOrderO* (x178) type=PONG
[20:15:36] [Render thread/INFO] (net.minecraft.client.gui.hud.ChatHud) [System] [CHAT] Grim » ReymyPidor failed TickTimer (x24) type=flying, packets=17
[20:15:36] [Render thread/INFO] (net.minecraft.client.gui.hud.ChatHud) [System] [CHAT] Grim » ReymyPidor failed PacketOrderO* (x179) type=PONG
[20:15:36] [Render thread/INFO] (net.minecraft.client.gui.hud.ChatHud) [System] [CHAT] Grim » ReymyPidor failed PacketOrderO* (x180) type=PONG
[20:15:36] [Render thread/INFO] (net.minecraft.client.gui.hud.ChatHud) [System] [CHAT] Grim » ReymyPidor failed TickTimer (x25) type=flying, packets=18
[20:15:36] [Render thread/INFO] (net.minecraft.client.gui.hud.ChatHud) [System] [CHAT] Grim » ReymyPidor failed PacketOrderO* (x181) type=PONG
[20:15:36] [Render thread/INFO] (net.minecraft.client.gui.hud.ChatHud) [System] [CHAT] Grim » ReymyPidor failed PacketOrderO* (x181) type=TELEPORT_CONFIRM
[20:15:36] [Render thread/INFO] (net.minecraft.client.gui.hud.ChatHud) [System] [CHAT] Grim » ReymyPidor failed PacketOrderO* (x182) type=PLAYER_POSITION_AND_ROTATION
[20:15:36] [Render thread/INFO] (net.minecraft.client.gui.hud.ChatHud) [System] [CHAT] Grim » ReymyPidor failed PacketOrderO* (x183) type=PONG
[20:15:36] [Render thread/INFO] (net.minecraft.client.gui.hud.ChatHud) [System] [CHAT] Grim » ReymyPidor failed PacketOrderO* (x183) type=PONG
[20:15:36] [Render thread/INFO] (net.minecraft.client.gui.hud.ChatHud) [System] [CHAT] Grim » ReymyPidor failed PacketOrderO* (x184) type=PONG
[20:15:36] [Render thread/INFO] (net.minecraft.client.gui.hud.ChatHud) [System] [CHAT] Grim » ReymyPidor failed TickTimer (x26) type=flying, packets=19
[20:15:36] [Render thread/INFO] (net.minecraft.client.gui.hud.ChatHud) [System] [CHAT] Grim » ReymyPidor failed Simulation (x9) .007017 /gl 90
[20:15:36] [Render thread/INFO] (net.minecraft.client.gui.hud.ChatHud) [System] [CHAT] Grim » ReymyPidor failed PacketOrderO* (x185) type=PONG
[20:15:36] [Render thread/INFO] (net.minecraft.client.gui.hud.ChatHud) [System] [CHAT] Grim » ReymyPidor failed TickTimer (x27) type=flying, packets=20
[20:15:36] [Render thread/INFO] (net.minecraft.client.gui.hud.ChatHud) [System] [CHAT] Grim » ReymyPidor failed Simulation (x10) .005614 /gl 91
[20:15:36] [Render thread/INFO] (net.minecraft.client.gui.hud.ChatHud) [System] [CHAT] Grim » ReymyPidor failed PacketOrderO* (x186) type=PONG
[20:15:36] [Render thread/INFO] (net.minecraft.client.gui.hud.ChatHud) [System] [CHAT] Grim » ReymyPidor failed PacketOrderO* (x187) type=PONG
[20:15:36] [Render thread/INFO] (net.minecraft.client.gui.hud.ChatHud) [System] [CHAT] Grim » ReymyPidor failed PacketOrderO* (x188) type=TELEPORT_CONFIRM
[20:15:36] [Render thread/INFO] (net.minecraft.client.gui.hud.ChatHud) [System] [CHAT] Grim » ReymyPidor failed PacketOrderO* (x189) type=PLAYER_POSITION_AND_ROTATION
[20:15:36] [Render thread/INFO] (net.minecraft.client.gui.hud.ChatHud) [System] [CHAT] Grim » ReymyPidor failed PacketOrderO* (x190) type=PONG
[20:15:36] [Render thread/INFO] (net.minecraft.client.gui.hud.ChatHud) [System] [CHAT] Grim » ReymyPidor failed PacketOrderO* (x191) type=PONG
[20:15:36] [Render thread/INFO] (net.minecraft.client.gui.hud.ChatHud) [System] [CHAT] Grim » ReymyPidor failed PacketOrderO* (x192) type=PONG
[20:15:36] [Render thread/INFO] (net.minecraft.client.gui.hud.ChatHud) [System] [CHAT] Grim » ReymyPidor failed TickTimer (x28) type=flying, packets=21
[20:15:36] [Render thread/INFO] (net.minecraft.client.gui.hud.ChatHud) [System] [CHAT] Grim » ReymyPidor failed TickTimer (x29) type=flying, packets=22
[20:15:36] [Render thread/INFO] (net.minecraft.client.gui.hud.ChatHud) [System] [CHAT] Grim » ReymyPidor failed PacketOrderO* (x193) type=PONG
[20:15:36] [Render thread/INFO] (net.minecraft.client.gui.hud.ChatHud) [System] [CHAT] Grim » ReymyPidor failed PacketOrderO* (x194) type=TELEPORT_CONFIRM
[20:15:36] [Render thread/INFO] (net.minecraft.client.gui.hud.ChatHud) [System] [CHAT] Grim » ReymyPidor failed PacketOrderO* (x195) type=PLAYER_POSITION_AND_ROTATION
[20:15:36] [Render thread/INFO] (net.minecraft.client.gui.hud.ChatHud) [System] [CHAT] Grim » ReymyPidor failed PacketOrderO* (x196) type=PONG
[20:15:36] [Render thread/INFO] (net.minecraft.client.gui.hud.ChatHud) [System] [CHAT] Grim » ReymyPidor failed PacketOrderO* (x197) type=PONG
[20:15:36] [Render thread/INFO] (net.minecraft.client.gui.hud.ChatHud) [System] [CHAT] Grim » ReymyPidor failed PacketOrderO* (x198) type=PONG
[20:15:36] [Render thread/INFO] (net.minecraft.client.gui.hud.ChatHud) [System] [CHAT] Grim » ReymyPidor failed PacketOrderO* (x199) type=PONG
[20:15:36] [Render thread/INFO] (net.minecraft.client.gui.hud.ChatHud) [System] [CHAT] Grim » ReymyPidor failed TickTimer (x30) type=flying, packets=23
[20:15:36] [Render thread/INFO] (net.minecraft.client.gui.hud.ChatHud) [System] [CHAT] Grim » ReymyPidor failed Simulation (x11) .007018 /gl 92
[20:15:36] [Render thread/INFO] (net.minecraft.client.gui.hud.ChatHud) [System] [CHAT] Grim » ReymyPidor failed TickTimer (x31) type=flying, packets=24
[20:15:36] [Render thread/INFO] (net.minecraft.client.gui.hud.ChatHud) [System] [CHAT] Grim » ReymyPidor failed Simulation (x12) .005614 /gl 93
[20:15:37] [Render thread/INFO] (net.minecraft.client.gui.hud.ChatHud) [System] [CHAT] Grim » ReymyPidor failed PacketOrderO* (x200) type=PONG
[20:15:37] [Render thread/INFO] (net.minecraft.client.gui.hud.ChatHud) [System] [CHAT] Grim » ReymyPidor failed PacketOrderO* (x201) type=TELEPORT_CONFIRM
[20:15:37] [Render thread/INFO] (net.minecraft.client.gui.hud.ChatHud) [System] [CHAT] Grim » ReymyPidor failed PacketOrderO* (x202) type=PLAYER_POSITION_AND_ROTATION
[20:15:37] [Render thread/INFO] (net.minecraft.client.gui.hud.ChatHud) [System] [CHAT] Grim » ReymyPidor failed PacketOrderO* (x202) type=PONG
[20:15:37] [Render thread/INFO] (net.minecraft.client.gui.hud.ChatHud) [System] [CHAT] Grim » ReymyPidor failed PacketOrderO* (x203) type=PONG
[20:15:37] [Render thread/INFO] (net.minecraft.client.gui.hud.ChatHud) [System] [CHAT] Grim » ReymyPidor failed TickTimer (x32) type=flying, packets=25
[20:15:37] [Render thread/INFO] (net.minecraft.client.gui.hud.ChatHud) [System] [CHAT] Grim » ReymyPidor failed PacketOrderO* (x204) type=PONG
[20:15:37] [Render thread/INFO] (net.minecraft.client.gui.hud.ChatHud) [System] [CHAT] Grim » ReymyPidor failed TickTimer (x33) type=flying, packets=26
[20:15:37] [Render thread/INFO] (net.minecraft.client.gui.hud.ChatHud) [System] [CHAT] Grim » ReymyPidor failed PacketOrderO* (x205) type=PONG
[20:15:37] [Render thread/INFO] (net.minecraft.client.gui.hud.ChatHud) [System] [CHAT] Grim » ReymyPidor failed PacketOrderO* (x206) type=TELEPORT_CONFIRM
[20:15:37] [Render thread/INFO] (net.minecraft.client.gui.hud.ChatHud) [System] [CHAT] Grim » ReymyPidor failed PacketOrderO* (x207) type=PLAYER_POSITION_AND_ROTATION
[20:15:37] [Render thread/INFO] (net.minecraft.client.gui.hud.ChatHud) [System] [CHAT] Grim » ReymyPidor failed PacketOrderO* (x208) type=PONG
[20:15:37] [Render thread/INFO] (net.minecraft.client.gui.hud.ChatHud) [System] [CHAT] Grim » ReymyPidor failed PacketOrderO* (x208) type=PONG
[20:15:37] [Render thread/INFO] (net.minecraft.client.gui.hud.ChatHud) [System] [CHAT] Grim » ReymyPidor failed PacketOrderO* (x209) type=PONG
[20:15:37] [Render thread/INFO] (net.minecraft.client.gui.hud.ChatHud) [System] [CHAT] Grim » ReymyPidor failed PacketOrderO* (x210) type=PONG
[20:15:37] [Render thread/INFO] (net.minecraft.client.gui.hud.ChatHud) [System] [CHAT] Grim » ReymyPidor failed TickTimer (x34) type=flying, packets=27
[20:15:37] [Render thread/INFO] (net.minecraft.client.gui.hud.ChatHud) [System] [CHAT] Grim » ReymyPidor failed Simulation (x13) .007018 /gl 94
[20:15:37] [Render thread/INFO] (net.minecraft.client.gui.hud.ChatHud) [System] [CHAT] Grim » ReymyPidor failed PacketOrderO* (x211) type=PONG
[20:15:37] [Render thread/INFO] (net.minecraft.client.gui.hud.ChatHud) [System] [CHAT] Grim » ReymyPidor failed TickTimer (x35) type=flying, packets=28
[20:15:37] [Render thread/INFO] (net.minecraft.client.gui.hud.ChatHud) [System] [CHAT] Grim » ReymyPidor failed Simulation (x14) .005614 /gl 95
[20:15:37] [Render thread/INFO] (net.minecraft.client.gui.hud.ChatHud) [System] [CHAT] Grim » ReymyPidor failed PacketOrderO* (x212) type=PONG
[20:15:37] [Render thread/INFO] (net.minecraft.client.gui.hud.ChatHud) [System] [CHAT] Grim » ReymyPidor failed PacketOrderO* (x213) type=TELEPORT_CONFIRM
[20:15:37] [Render thread/INFO] (net.minecraft.client.gui.hud.ChatHud) [System] [CHAT] Grim » ReymyPidor failed PacketOrderO* (x214) type=PLAYER_POSITION_AND_ROTATION
[20:15:37] [Render thread/INFO] (net.minecraft.client.gui.hud.ChatHud) [System] [CHAT] Grim » ReymyPidor failed PacketOrderO* (x215) type=PONG
[20:15:37] [Render thread/INFO] (net.minecraft.client.gui.hud.ChatHud) [System] [CHAT] Grim » ReymyPidor failed PacketOrderO* (x216) type=PONG
[20:15:37] [Render thread/INFO] (net.minecraft.client.gui.hud.ChatHud) [System] [CHAT] Grim » ReymyPidor failed PacketOrderO* (x217) type=PONG
[20:15:37] [Render thread/INFO] (net.minecraft.client.gui.hud.ChatHud) [System] [CHAT] Grim » ReymyPidor failed PacketOrderO* (x218) type=PONG
[20:15:37] [Render thread/INFO] (net.minecraft.client.gui.hud.ChatHud) [System] [CHAT] Grim » ReymyPidor failed TickTimer (x36) type=flying, packets=29
[20:15:37] [Render thread/INFO] (net.minecraft.client.gui.hud.ChatHud) [System] [CHAT] Grim » ReymyPidor failed TickTimer (x37) type=flying, packets=30
[20:15:37] [Render thread/INFO] (net.minecraft.client.gui.hud.ChatHud) [System] [CHAT] Grim » ReymyPidor failed PacketOrderO* (x219) type=PONG
[20:15:37] [Render thread/INFO] (net.minecraft.client.gui.hud.ChatHud) [System] [CHAT] Grim » ReymyPidor failed PacketOrderO* (x220) type=PONG
[20:15:37] [Render thread/INFO] (net.minecraft.client.gui.hud.ChatHud) [System] [CHAT] Grim » ReymyPidor failed PacketOrderO* (x221) type=TELEPORT_CONFIRM
[20:15:37] [Render thread/INFO] (net.minecraft.client.gui.hud.ChatHud) [System] [CHAT] Grim » ReymyPidor failed PacketOrderO* (x222) type=PLAYER_POSITION_AND_ROTATION
[20:15:37] [Render thread/INFO] (net.minecraft.client.gui.hud.ChatHud) [System] [CHAT] Grim » ReymyPidor failed PacketOrderO* (x223) type=PONG
[20:15:37] [Render thread/INFO] (net.minecraft.client.gui.hud.ChatHud) [System] [CHAT] Grim » ReymyPidor failed PacketOrderO* (x224) type=PONG
[20:15:37] [Render thread/INFO] (net.minecraft.client.gui.hud.ChatHud) [System] [CHAT] Grim » ReymyPidor failed PacketOrderO* (x225) type=PONG
[20:15:37] [Render thread/INFO] (net.minecraft.client.gui.hud.ChatHud) [System] [CHAT] Grim » ReymyPidor failed TickTimer (x38) type=flying, packets=31
[20:15:37] [Render thread/INFO] (net.minecraft.client.gui.hud.ChatHud) [System] [CHAT] Grim » ReymyPidor failed Simulation (x15) .007018 /gl 96
[20:15:37] [Render thread/INFO] (net.minecraft.client.gui.hud.ChatHud) [System] [CHAT] Grim » ReymyPidor failed TickTimer (x39) type=flying, packets=32
[20:15:37] [Render thread/INFO] (net.minecraft.client.gui.hud.ChatHud) [System] [CHAT] Grim » ReymyPidor failed Simulation (x16) .005614 /gl 97
[20:15:37] [Render thread/INFO] (net.minecraft.client.gui.hud.ChatHud) [System] [CHAT] Grim » ReymyPidor failed PacketOrderO* (x226) type=PONG
[20:15:37] [Render thread/INFO] (net.minecraft.client.gui.hud.ChatHud) [System] [CHAT] Grim » ReymyPidor failed PacketOrderO* (x227) type=PONG
[20:15:37] [Render thread/INFO] (net.minecraft.client.gui.hud.ChatHud) [System] [CHAT] Grim » ReymyPidor failed PacketOrderO* (x228) type=PONG
[20:15:37] [Render thread/INFO] (net.minecraft.client.gui.hud.ChatHud) [System] [CHAT] Grim » ReymyPidor failed PacketOrderO* (x229) type=TELEPORT_CONFIRM
[20:15:37] [Render thread/INFO] (net.minecraft.client.gui.hud.ChatHud) [System] [CHAT] Grim » ReymyPidor failed PacketOrderO* (x230) type=PLAYER_POSITION_AND_ROTATION
[20:15:37] [Render thread/INFO] (net.minecraft.client.gui.hud.ChatHud) [System] [CHAT] Grim » ReymyPidor failed PacketOrderO* (x230) type=PONG
[20:15:37] [Render thread/INFO] (net.minecraft.client.gui.hud.ChatHud) [System] [CHAT] Grim » ReymyPidor failed PacketOrderO* (x231) type=PONG
[20:15:37] [Render thread/INFO] (net.minecraft.client.gui.hud.ChatHud) [System] [CHAT] Grim » ReymyPidor failed PacketOrderO* (x232) type=PONG
[20:15:37] [Render thread/INFO] (net.minecraft.client.gui.hud.ChatHud) [System] [CHAT] Grim » ReymyPidor failed PacketOrderO* (x233) type=PONG
[20:15:37] [Render thread/INFO] (net.minecraft.client.gui.hud.ChatHud) [System] [CHAT] Grim » ReymyPidor failed TickTimer (x40) type=flying, packets=33
[20:15:37] [Render thread/INFO] (net.minecraft.client.gui.hud.ChatHud) [System] [CHAT] Grim » ReymyPidor failed TickTimer (x41) type=flying, packets=34
[20:15:37] [Render thread/INFO] (net.minecraft.client.gui.hud.ChatHud) [System] [CHAT] Grim » ReymyPidor failed PacketOrderO* (x234) type=PONG
[20:15:37] [Render thread/INFO] (net.minecraft.client.gui.hud.ChatHud) [System] [CHAT] Grim » ReymyPidor failed PacketOrderO* (x235) type=TELEPORT_CONFIRM
[20:15:37] [Render thread/INFO] (net.minecraft.client.gui.hud.ChatHud) [System] [CHAT] Grim » ReymyPidor failed PacketOrderO* (x235) type=PLAYER_POSITION_AND_ROTATION
[20:15:37] [Render thread/INFO] (net.minecraft.client.gui.hud.ChatHud) [System] [CHAT] Grim » ReymyPidor failed PacketOrderO* (x236) type=PONG
[20:15:37] [Render thread/INFO] (net.minecraft.client.gui.hud.ChatHud) [System] [CHAT] Grim » ReymyPidor failed PacketOrderO* (x236) type=PONG
[20:15:37] [Render thread/INFO] (net.minecraft.client.gui.hud.ChatHud) [System] [CHAT] Grim » ReymyPidor failed PacketOrderO* (x237) type=PONG
[20:15:37] [Render thread/INFO] (net.minecraft.client.gui.hud.ChatHud) [System] [CHAT] Grim » ReymyPidor failed TickTimer (x42) type=end, packets=35
[20:15:37] [Render thread/INFO] (net.minecraft.client.gui.hud.ChatHud) [System] [CHAT] Grim » ReymyPidor failed Simulation (x17) .007018 /gl 98
[20:15:39] [Render thread/INFO] (net.minecraft.client.gui.hud.ChatHud) [System] [CHAT] evolutiongream joined the game
[20:16:00] [Render thread/INFO] (net.minecraft.client.gui.hud.ChatHud) [System] [CHAT] MlPancake joined the game
[20:16:17] [Render thread/INFO] (net.minecraft.client.gui.hud.ChatHud) [System] [CHAT] DaysArion joined the game
[20:16:27] [Render thread/INFO] (net.minecraft.client.gui.hud.ChatHud) [System] [CHAT] N2ne_7252 left the game
[20:16:55] [Render thread/INFO] (net.minecraft.client.gui.hud.ChatHud) [System] [CHAT] DaysArion left the game
[20:17:05] [Render thread/INFO] (net.minecraft.client.gui.hud.ChatHud) [System] [CHAT] Player398 left the game
[20:17:05] [Render thread/INFO] (net.minecraft.client.gui.hud.ChatHud) [System] [CHAT] ReymyPidor left the game
[20:17:40] [Render thread/INFO] (net.minecraft.client.gui.hud.ChatHud) [System] [CHAT] Player529 joined the game
[20:18:06] [Render thread/INFO] (net.minecraft.client.gui.hud.ChatHud) [System] [CHAT] ReymyPidor joined the game
[20:18:10] [Render thread/INFO] (net.minecraft.client.gui.hud.ChatHud) [System] [CHAT] Grim » ReymyPidor failed SprintG* (x1) 
[20:18:13] [Render thread/INFO] (net.minecraft.client.gui.hud.ChatHud) [System] [CHAT] Grim » ReymyPidor failed BadPacketsV* (x1) delta=0.0
[20:18:13] [Render thread/INFO] (net.minecraft.client.gui.hud.ChatHud) [System] [CHAT] Grim » ReymyPidor failed PacketOrderO* (x1) type=PONG
[20:18:13] [Render thread/INFO] (net.minecraft.client.gui.hud.ChatHud) [System] [CHAT] Grim » ReymyPidor failed PacketOrderO* (x2) type=PONG
[20:18:13] [Render thread/INFO] (net.minecraft.client.gui.hud.ChatHud) [System] [CHAT] Grim » ReymyPidor failed PacketOrderO* (x3) type=PONG
[20:18:13] [Render thread/INFO] (net.minecraft.client.gui.hud.ChatHud) [System] [CHAT] Grim » ReymyPidor failed PacketOrderO* (x4) type=PONG
[20:18:13] [Render thread/INFO] (net.minecraft.client.gui.hud.ChatHud) [System] [CHAT] Grim » ReymyPidor failed PacketOrderO* (x5) type=PONG
[20:18:13] [Render thread/INFO] (net.minecraft.client.gui.hud.ChatHud) [System] [CHAT] Grim » ReymyPidor failed PacketOrderO* (x6) type=PONG
[20:18:13] [Render thread/INFO] (net.minecraft.client.gui.hud.ChatHud) [System] [CHAT] Grim » ReymyPidor failed PacketOrderO* (x7) type=PONG
[20:18:13] [Render thread/INFO] (net.minecraft.client.gui.hud.ChatHud) [System] [CHAT] Grim » ReymyPidor failed PacketOrderO* (x8) type=PONG
[20:18:13] [Render thread/INFO] (net.minecraft.client.gui.hud.ChatHud) [System] [CHAT] Grim » ReymyPidor failed PacketOrderO* (x9) type=PONG
[20:18:13] [Render thread/INFO] (net.minecraft.client.gui.hud.ChatHud) [System] [CHAT] Grim » ReymyPidor failed PacketOrderO* (x10) type=PONG
[20:18:13] [Render thread/INFO] (net.minecraft.client.gui.hud.ChatHud) [System] [CHAT] Grim » ReymyPidor failed PacketOrderO* (x11) type=PONG
[20:18:13] [Render thread/INFO] (net.minecraft.client.gui.hud.ChatHud) [System] [CHAT] Grim » ReymyPidor failed PacketOrderO* (x12) type=PONG
[20:18:13] [Render thread/INFO] (net.minecraft.client.gui.hud.ChatHud) [System] [CHAT] Grim » ReymyPidor failed PacketOrderO* (x13) type=PONG
[20:18:14] [Render thread/INFO] (net.minecraft.client.gui.hud.ChatHud) [System] [CHAT] Grim » ReymyPidor failed PacketOrderO* (x14) type=PONG
[20:18:14] [Render thread/INFO] (net.minecraft.client.gui.hud.ChatHud) [System] [CHAT] Grim » ReymyPidor failed PacketOrderO* (x14) type=PONG
[20:18:14] [Render thread/INFO] (net.minecraft.client.gui.hud.ChatHud) [System] [CHAT] Grim » ReymyPidor failed PacketOrderO* (x15) type=PONG
[20:18:14] [Render thread/INFO] (net.minecraft.client.gui.hud.ChatHud) [System] [CHAT] Grim » ReymyPidor failed TickTimer (x1) type=flying, packets=1
[20:18:14] [Render thread/INFO] (net.minecraft.client.gui.hud.ChatHud) [System] [CHAT] Grim » ReymyPidor failed BadPacketsV* (x2) delta=0.0
[20:18:14] [Render thread/INFO] (net.minecraft.client.gui.hud.ChatHud) [System] [CHAT] Grim » ReymyPidor failed PacketOrderO* (x16) type=PONG
[20:18:14] [Render thread/INFO] (net.minecraft.client.gui.hud.ChatHud) [System] [CHAT] Grim » ReymyPidor failed PacketOrderO* (x17) type=PONG
[20:18:14] [Render thread/INFO] (net.minecraft.client.gui.hud.ChatHud) [System] [CHAT] Grim » ReymyPidor failed PacketOrderO* (x18) type=PONG
[20:18:14] [Render thread/INFO] (net.minecraft.client.gui.hud.ChatHud) [System] [CHAT] Grim » ReymyPidor failed PacketOrderO* (x19) type=PONG
[20:18:14] [Render thread/INFO] (net.minecraft.client.gui.hud.ChatHud) [System] [CHAT] Grim » ReymyPidor failed PacketOrderO* (x20) type=PONG
[20:18:14] [Render thread/INFO] (net.minecraft.client.gui.hud.ChatHud) [System] [CHAT] Grim » ReymyPidor failed PacketOrderO* (x21) type=PONG
[20:18:14] [Render thread/INFO] (net.minecraft.client.gui.hud.ChatHud) [System] [CHAT] Grim » ReymyPidor failed PacketOrderO* (x22) type=PONG
[20:18:14] [Render thread/INFO] (net.minecraft.client.gui.hud.ChatHud) [System] [CHAT] Grim » ReymyPidor failed PacketOrderO* (x23) type=PONG
[20:18:14] [Render thread/INFO] (net.minecraft.client.gui.hud.ChatHud) [System] [CHAT] Grim » ReymyPidor failed PacketOrderO* (x24) type=PONG
[20:18:14] [Render thread/INFO] (net.minecraft.client.gui.hud.ChatHud) [System] [CHAT] Grim » ReymyPidor failed PacketOrderO* (x25) type=PONG
[20:18:14] [Render thread/INFO] (net.minecraft.client.gui.hud.ChatHud) [System] [CHAT] Grim » ReymyPidor failed PacketOrderO* (x26) type=PONG
[20:18:14] [Render thread/INFO] (net.minecraft.client.gui.hud.ChatHud) [System] [CHAT] Grim » ReymyPidor failed PacketOrderO* (x27) type=PONG
[20:18:14] [Render thread/INFO] (net.minecraft.client.gui.hud.ChatHud) [System] [CHAT] Grim » ReymyPidor failed PacketOrderO* (x28) type=PONG
[20:18:14] [Render thread/INFO] (net.minecraft.client.gui.hud.ChatHud) [System] [CHAT] Grim » ReymyPidor failed PacketOrderO* (x28) type=PONG
[20:18:14] [Render thread/INFO] (net.minecraft.client.gui.hud.ChatHud) [System] [CHAT] Grim » ReymyPidor failed PacketOrderO* (x29) type=PONG
[20:18:14] [Render thread/INFO] (net.minecraft.client.gui.hud.ChatHud) [System] [CHAT] Grim » ReymyPidor failed PacketOrderO* (x30) type=PONG
[20:18:14] [Render thread/INFO] (net.minecraft.client.gui.hud.ChatHud) [System] [CHAT] Grim » ReymyPidor failed PacketOrderO* (x31) type=PONG
[20:18:15] [Render thread/INFO] (net.minecraft.client.gui.hud.ChatHud) [System] [CHAT] Grim » ReymyPidor failed PacketOrderO* (x32) type=PONG
[20:18:15] [Render thread/INFO] (net.minecraft.client.gui.hud.ChatHud) [System] [CHAT] Grim » ReymyPidor failed TickTimer (x2) type=flying, packets=2
[20:18:15] [Render thread/INFO] (net.minecraft.client.gui.hud.ChatHud) [System] [CHAT] Grim » ReymyPidor failed BadPacketsV* (x3) delta=0.0
[20:18:15] [Render thread/INFO] (net.minecraft.client.gui.hud.ChatHud) [System] [CHAT] Grim » ReymyPidor failed PacketOrderO* (x33) type=PONG
[20:18:15] [Render thread/INFO] (net.minecraft.client.gui.hud.ChatHud) [System] [CHAT] Grim » ReymyPidor failed PacketOrderO* (x34) type=PONG
[20:18:15] [Render thread/INFO] (net.minecraft.client.gui.hud.ChatHud) [System] [CHAT] Grim » ReymyPidor failed PacketOrderO* (x35) type=TELEPORT_CONFIRM
[20:18:15] [Render thread/INFO] (net.minecraft.client.gui.hud.ChatHud) [System] [CHAT] Grim » ReymyPidor failed PacketOrderO* (x36) type=PLAYER_POSITION_AND_ROTATION
[20:18:15] [Render thread/INFO] (net.minecraft.client.gui.hud.ChatHud) [System] [CHAT] Grim » ReymyPidor failed PacketOrderO* (x36) type=PONG
[20:18:15] [Render thread/INFO] (net.minecraft.client.gui.hud.ChatHud) [System] [CHAT] Grim » ReymyPidor failed PacketOrderO* (x37) type=PONG
[20:18:15] [Render thread/INFO] (net.minecraft.client.gui.hud.ChatHud) [System] [CHAT] Grim » ReymyPidor failed PacketOrderO* (x38) type=PONG
[20:18:15] [Render thread/INFO] (net.minecraft.client.gui.hud.ChatHud) [System] [CHAT] Grim » ReymyPidor failed PacketOrderO* (x39) type=PONG
[20:18:15] [Render thread/INFO] (net.minecraft.client.gui.hud.ChatHud) [System] [CHAT] Grim » ReymyPidor failed PacketOrderO* (x40) type=PONG
[20:18:15] [Render thread/INFO] (net.minecraft.client.gui.hud.ChatHud) [System] [CHAT] Grim » ReymyPidor failed PacketOrderO* (x41) type=PONG
[20:18:15] [Render thread/INFO] (net.minecraft.client.gui.hud.ChatHud) [System] [CHAT] Grim » ReymyPidor failed PacketOrderO* (x42) type=PONG
[20:18:15] [Render thread/INFO] (net.minecraft.client.gui.hud.ChatHud) [System] [CHAT] Grim » ReymyPidor failed PacketOrderO* (x43) type=PONG
[20:18:15] [Render thread/INFO] (net.minecraft.client.gui.hud.ChatHud) [System] [CHAT] Grim » ReymyPidor failed PacketOrderO* (x44) type=PONG
[20:18:15] [Render thread/INFO] (net.minecraft.client.gui.hud.ChatHud) [System] [CHAT] Grim » ReymyPidor failed PacketOrderO* (x45) type=PONG
[20:18:15] [Render thread/INFO] (net.minecraft.client.gui.hud.ChatHud) [System] [CHAT] Grim » ReymyPidor failed PacketOrderO* (x46) type=PONG
[20:18:15] [Render thread/INFO] (net.minecraft.client.gui.hud.ChatHud) [System] [CHAT] Grim » ReymyPidor failed PacketOrderO* (x47) type=PONG
[20:18:15] [Render thread/INFO] (net.minecraft.client.gui.hud.ChatHud) [System] [CHAT] Grim » ReymyPidor failed PacketOrderO* (x48) type=PONG
[20:18:15] [Render thread/INFO] (net.minecraft.client.gui.hud.ChatHud) [System] [CHAT] Grim » ReymyPidor failed PacketOrderO* (x48) type=PONG
[20:18:16] [Render thread/INFO] (net.minecraft.client.gui.hud.ChatHud) [System] [CHAT] Grim » ReymyPidor failed TickTimer (x3) type=flying, packets=3
[20:18:16] [Render thread/INFO] (net.minecraft.client.gui.hud.ChatHud) [System] [CHAT] Grim » ReymyPidor failed PacketOrderO* (x49) type=PONG
[20:18:16] [Render thread/INFO] (net.minecraft.client.gui.hud.ChatHud) [System] [CHAT] Grim » ReymyPidor failed PacketOrderO* (x50) type=PONG
[20:18:16] [Render thread/INFO] (net.minecraft.client.gui.hud.ChatHud) [System] [CHAT] Grim » ReymyPidor failed PacketOrderO* (x51) type=TELEPORT_CONFIRM
[20:18:16] [Render thread/INFO] (net.minecraft.client.gui.hud.ChatHud) [System] [CHAT] Grim » ReymyPidor failed PacketOrderO* (x52) type=PLAYER_POSITION_AND_ROTATION
[20:18:16] [Render thread/INFO] (net.minecraft.client.gui.hud.ChatHud) [System] [CHAT] Grim » ReymyPidor failed PacketOrderO* (x53) type=PONG
[20:18:16] [Render thread/INFO] (net.minecraft.client.gui.hud.ChatHud) [System] [CHAT] Grim » ReymyPidor failed PacketOrderO* (x53) type=PONG
[20:18:16] [Render thread/INFO] (net.minecraft.client.gui.hud.ChatHud) [System] [CHAT] Grim » ReymyPidor failed PacketOrderO* (x54) type=PONG
[20:18:16] [Render thread/INFO] (net.minecraft.client.gui.hud.ChatHud) [System] [CHAT] Grim » ReymyPidor failed PacketOrderO* (x55) type=PONG
[20:18:16] [Render thread/INFO] (net.minecraft.client.gui.hud.ChatHud) [System] [CHAT] Grim » ReymyPidor failed PacketOrderO* (x55) type=PONG
[20:18:16] [Render thread/INFO] (net.minecraft.client.gui.hud.ChatHud) [System] [CHAT] Grim » ReymyPidor failed PacketOrderO* (x56) type=PONG
[20:18:16] [Render thread/INFO] (net.minecraft.client.gui.hud.ChatHud) [System] [CHAT] Grim » ReymyPidor failed PacketOrderO* (x57) type=PONG
[20:18:16] [Render thread/INFO] (net.minecraft.client.gui.hud.ChatHud) [System] [CHAT] Grim » ReymyPidor failed PacketOrderO* (x58) type=PONG
[20:18:16] [Render thread/INFO] (net.minecraft.client.gui.hud.ChatHud) [System] [CHAT] Grim » ReymyPidor failed PacketOrderO* (x59) type=PONG
[20:18:16] [Render thread/INFO] (net.minecraft.client.gui.hud.ChatHud) [System] [CHAT] Grim » ReymyPidor failed PacketOrderO* (x60) type=PONG
[20:18:16] [Render thread/INFO] (net.minecraft.client.gui.hud.ChatHud) [System] [CHAT] Grim » ReymyPidor failed TickTimer (x4) type=end, packets=4
[20:18:23] [Render thread/INFO] (net.minecraft.client.gui.hud.ChatHud) [System] [CHAT] Grim » ReymyPidor failed BadPacketsV* (x4) delta=0.0
[20:18:23] [Render thread/INFO] (net.minecraft.client.gui.hud.ChatHud) [System] [CHAT] Grim » ReymyPidor failed PacketOrderO* (x61) type=PONG
[20:18:23] [Render thread/INFO] (net.minecraft.client.gui.hud.ChatHud) [System] [CHAT] Grim » ReymyPidor failed PacketOrderO* (x62) type=PONG
[20:18:23] [Render thread/INFO] (net.minecraft.client.gui.hud.ChatHud) [System] [CHAT] Grim » ReymyPidor failed PacketOrderO* (x63) type=PONG
[20:18:23] [Render thread/INFO] (net.minecraft.client.gui.hud.ChatHud) [System] [CHAT] Grim » ReymyPidor failed PacketOrderO* (x64) type=PONG
[20:18:23] [Render thread/INFO] (net.minecraft.client.gui.hud.ChatHud) [System] [CHAT] Grim » ReymyPidor failed PacketOrderO* (x65) type=PONG
[20:18:23] [Render thread/INFO] (net.minecraft.client.gui.hud.ChatHud) [System] [CHAT] Grim » ReymyPidor failed PacketOrderO* (x66) type=PONG
[20:18:23] [Render thread/INFO] (net.minecraft.client.gui.hud.ChatHud) [System] [CHAT] Grim » ReymyPidor failed PacketOrderO* (x67) type=PONG
[20:18:23] [Render thread/INFO] (net.minecraft.client.gui.hud.ChatHud) [System] [CHAT] Grim » ReymyPidor failed PacketOrderO* (x68) type=PONG
[20:18:23] [Render thread/INFO] (net.minecraft.client.gui.hud.ChatHud) [System] [CHAT] Grim » ReymyPidor failed PacketOrderO* (x69) type=PONG
[20:18:23] [Render thread/INFO] (net.minecraft.client.gui.hud.ChatHud) [System] [CHAT] Grim » ReymyPidor failed PacketOrderO* (x70) type=PONG
[20:18:23] [Render thread/INFO] (net.minecraft.client.gui.hud.ChatHud) [System] [CHAT] Grim » ReymyPidor failed PacketOrderO* (x71) type=PONG
[20:18:23] [Render thread/INFO] (net.minecraft.client.gui.hud.ChatHud) [System] [CHAT] Grim » ReymyPidor failed PacketOrderO* (x72) type=PONG
[20:18:23] [Render thread/INFO] (net.minecraft.client.gui.hud.ChatHud) [System] [CHAT] Grim » ReymyPidor failed PacketOrderO* (x73) type=PONG
[20:18:24] [Render thread/INFO] (net.minecraft.client.gui.hud.ChatHud) [System] [CHAT] Grim » ReymyPidor failed PacketOrderO* (x74) type=PONG
[20:18:24] [Render thread/INFO] (net.minecraft.client.gui.hud.ChatHud) [System] [CHAT] Grim » ReymyPidor failed PacketOrderO* (x75) type=PONG
[20:18:24] [Render thread/INFO] (net.minecraft.client.gui.hud.ChatHud) [System] [CHAT] Grim » ReymyPidor failed TickTimer (x5) type=flying, packets=1
[20:18:24] [Render thread/INFO] (net.minecraft.client.gui.hud.ChatHud) [System] [CHAT] Grim » ReymyPidor failed BadPacketsV* (x5) delta=0.0
[20:18:24] [Render thread/INFO] (net.minecraft.client.gui.hud.ChatHud) [System] [CHAT] Grim » ReymyPidor failed PacketOrderO* (x76) type=PONG
[20:18:24] [Render thread/INFO] (net.minecraft.client.gui.hud.ChatHud) [System] [CHAT] Grim » ReymyPidor failed PacketOrderO* (x76) type=PONG
[20:18:24] [Render thread/INFO] (net.minecraft.client.gui.hud.ChatHud) [System] [CHAT] Grim » ReymyPidor failed PacketOrderO* (x77) type=PONG
[20:18:24] [Render thread/INFO] (net.minecraft.client.gui.hud.ChatHud) [System] [CHAT] Grim » ReymyPidor failed PacketOrderO* (x77) type=TELEPORT_CONFIRM
[20:18:24] [Render thread/INFO] (net.minecraft.client.gui.hud.ChatHud) [System] [CHAT] Grim » ReymyPidor failed PacketOrderO* (x78) type=PLAYER_POSITION_AND_ROTATION
[20:18:24] [Render thread/INFO] (net.minecraft.client.gui.hud.ChatHud) [System] [CHAT] Grim » ReymyPidor failed PacketOrderO* (x79) type=PONG
[20:18:24] [Render thread/INFO] (net.minecraft.client.gui.hud.ChatHud) [System] [CHAT] Grim » ReymyPidor failed PacketOrderO* (x79) type=PONG
[20:18:24] [Render thread/INFO] (net.minecraft.client.gui.hud.ChatHud) [System] [CHAT] Grim » ReymyPidor failed PacketOrderO* (x80) type=PONG
[20:18:24] [Render thread/INFO] (net.minecraft.client.gui.hud.ChatHud) [System] [CHAT] Grim » ReymyPidor failed PacketOrderO* (x80) type=PONG
[20:18:24] [Render thread/INFO] (net.minecraft.client.gui.hud.ChatHud) [System] [CHAT] Grim » ReymyPidor failed PacketOrderO* (x81) type=PONG
[20:18:24] [Render thread/INFO] (net.minecraft.client.gui.hud.ChatHud) [System] [CHAT] Grim » ReymyPidor failed PacketOrderO* (x82) type=PONG
[20:18:24] [Render thread/INFO] (net.minecraft.client.gui.hud.ChatHud) [System] [CHAT] Grim » ReymyPidor failed PacketOrderO* (x83) type=PONG
[20:18:24] [Render thread/INFO] (net.minecraft.client.gui.hud.ChatHud) [System] [CHAT] Grim » ReymyPidor failed PacketOrderO* (x84) type=PONG
[20:18:24] [Render thread/INFO] (net.minecraft.client.gui.hud.ChatHud) [System] [CHAT] Grim » ReymyPidor failed PacketOrderO* (x85) type=PONG
[20:18:24] [Render thread/INFO] (net.minecraft.client.gui.hud.ChatHud) [System] [CHAT] Grim » ReymyPidor failed PacketOrderO* (x86) type=PONG
[20:18:24] [Render thread/INFO] (net.minecraft.client.gui.hud.ChatHud) [System] [CHAT] Grim » ReymyPidor failed PacketOrderO* (x87) type=PONG
[20:18:24] [Render thread/INFO] (net.minecraft.client.gui.hud.ChatHud) [System] [CHAT] Grim » ReymyPidor failed PacketOrderO* (x88) type=PONG
[20:18:24] [Render thread/INFO] (net.minecraft.client.gui.hud.ChatHud) [System] [CHAT] Grim » ReymyPidor failed PacketOrderO* (x89) type=PONG
[20:18:24] [Render thread/INFO] (net.minecraft.client.gui.hud.ChatHud) [System] [CHAT] Grim » ReymyPidor failed PacketOrderO* (x90) type=PONG
[20:18:24] [Render thread/INFO] (net.minecraft.client.gui.hud.ChatHud) [System] [CHAT] Grim » ReymyPidor failed PacketOrderO* (x91) type=PONG
[20:18:24] [Render thread/INFO] (net.minecraft.client.gui.hud.ChatHud) [System] [CHAT] Grim » ReymyPidor failed PacketOrderO* (x92) type=PONG
[20:18:24] [Render thread/INFO] (net.minecraft.client.gui.hud.ChatHud) [System] [CHAT] Grim » ReymyPidor failed PacketOrderO* (x93) type=PONG
[20:18:24] [Render thread/INFO] (net.minecraft.client.gui.hud.ChatHud) [System] [CHAT] Grim » ReymyPidor failed PacketOrderO* (x94) type=PONG
[20:18:24] [Render thread/INFO] (net.minecraft.client.gui.hud.ChatHud) [System] [CHAT] Player529 left the game
[20:18:24] [Render thread/INFO] (net.minecraft.client.gui.hud.ChatHud) [System] [CHAT] Grim » ReymyPidor failed PacketOrderO* (x95) type=PONG
[20:18:25] [Render thread/INFO] (net.minecraft.client.gui.hud.ChatHud) [System] [CHAT] Grim » ReymyPidor failed PacketOrderO* (x96) type=PONG
[20:18:25] [Render thread/INFO] (net.minecraft.client.gui.hud.ChatHud) [System] [CHAT] ReymyPidor left the game
[20:18:27] [Render thread/INFO] (net.minecraft.client.gui.hud.ChatHud) [System] [CHAT] Player529 joined the game
[20:18:41] [Render thread/INFO] (net.minecraft.client.gui.hud.ChatHud) [System] [CHAT] ReymyPidoras joined the game
[20:18:44] [Render thread/INFO] (net.minecraft.client.gui.hud.ChatHud) [System] [CHAT] ReymyPidoras left the game
[20:18:44] [Render thread/INFO] (net.minecraft.client.gui.hud.ChatHud) [System] [CHAT] Grim » Player529 failed BadPacketsV* (x1) delta=0.0
[20:18:47] [Render thread/INFO] (net.minecraft.client.gui.hud.ChatHud) [System] [CHAT] ReymyPidoras joined the game
[20:18:51] [Render thread/INFO] (net.minecraft.client.gui.hud.ChatHud) [System] [CHAT] Grim » ReymyPidoras failed BadPacketsV* (x1) delta=0.0
[20:18:51] [Render thread/INFO] (net.minecraft.client.gui.hud.ChatHud) [System] [CHAT] Grim » ReymyPidoras failed PacketOrderO* (x1) type=PONG
[20:18:51] [Render thread/INFO] (net.minecraft.client.gui.hud.ChatHud) [System] [CHAT] Grim » ReymyPidoras failed PacketOrderO* (x2) type=PONG
[20:18:51] [Render thread/INFO] (net.minecraft.client.gui.hud.ChatHud) [System] [CHAT] Grim » ReymyPidoras failed PacketOrderO* (x3) type=PONG
[20:18:51] [Render thread/INFO] (net.minecraft.client.gui.hud.ChatHud) [System] [CHAT] Grim » ReymyPidoras failed PacketOrderO* (x4) type=PONG
[20:18:51] [Render thread/INFO] (net.minecraft.client.gui.hud.ChatHud) [System] [CHAT] Grim » ReymyPidoras failed PacketOrderO* (x5) type=PONG
[20:18:51] [Render thread/INFO] (net.minecraft.client.gui.hud.ChatHud) [System] [CHAT] Grim » ReymyPidoras failed PacketOrderO* (x6) type=PONG
[20:18:51] [Render thread/INFO] (net.minecraft.client.gui.hud.ChatHud) [System] [CHAT] Grim » ReymyPidoras failed PacketOrderO* (x7) type=PONG
[20:18:51] [Render thread/INFO] (net.minecraft.client.gui.hud.ChatHud) [System] [CHAT] Grim » ReymyPidoras failed PacketOrderO* (x8) type=PONG
[20:18:52] [Render thread/INFO] (net.minecraft.client.gui.hud.ChatHud) [System] [CHAT] Grim » ReymyPidoras failed PacketOrderO* (x9) type=PONG
[20:18:52] [Render thread/INFO] (net.minecraft.client.gui.hud.ChatHud) [System] [CHAT] Grim » ReymyPidoras failed PacketOrderO* (x10) type=PONG
[20:18:52] [Render thread/INFO] (net.minecraft.client.gui.hud.ChatHud) [System] [CHAT] Grim » ReymyPidoras failed PacketOrderO* (x11) type=PONG
[20:18:52] [Render thread/INFO] (net.minecraft.client.gui.hud.ChatHud) [System] [CHAT] Grim » ReymyPidoras failed PacketOrderO* (x12) type=PONG
[20:18:52] [Render thread/INFO] (net.minecraft.client.gui.hud.ChatHud) [System] [CHAT] Grim » ReymyPidoras failed PacketOrderO* (x13) type=PONG
[20:18:52] [Render thread/INFO] (net.minecraft.client.gui.hud.ChatHud) [System] [CHAT] Grim » ReymyPidoras failed PacketOrderO* (x14) type=PONG
[20:18:52] [Render thread/INFO] (net.minecraft.client.gui.hud.ChatHud) [System] [CHAT] Player358 left the game
[20:18:52] [Render thread/INFO] (net.minecraft.client.gui.hud.ChatHud) [System] [CHAT] Grim » ReymyPidoras failed PacketOrderO* (x15) type=PONG
[20:18:52] [Render thread/INFO] (net.minecraft.client.gui.hud.ChatHud) [System] [CHAT] Grim » ReymyPidoras failed PacketOrderO* (x16) type=PONG
[20:18:52] [Render thread/INFO] (net.minecraft.client.gui.hud.ChatHud) [System] [CHAT] Grim » ReymyPidoras failed PacketOrderO* (x17) type=PONG
[20:18:52] [Render thread/INFO] (net.minecraft.client.gui.hud.ChatHud) [System] [CHAT] Grim » ReymyPidoras failed PacketOrderO* (x18) type=PONG
[20:18:52] [Render thread/INFO] (net.minecraft.client.gui.hud.ChatHud) [System] [CHAT] Grim » ReymyPidoras failed PacketOrderO* (x19) type=PONG
[20:18:52] [Render thread/INFO] (net.minecraft.client.gui.hud.ChatHud) [System] [CHAT] Grim » ReymyPidoras failed PacketOrderO* (x20) type=PONG
[20:18:52] [Render thread/INFO] (net.minecraft.client.gui.hud.ChatHud) [System] [CHAT] Grim » ReymyPidoras failed TickTimer (x1) type=flying, packets=1
[20:18:52] [Render thread/INFO] (net.minecraft.client.gui.hud.ChatHud) [System] [CHAT] Grim » ReymyPidoras failed BadPacketsV* (x2) delta=0.0
[20:18:52] [Render thread/INFO] (net.minecraft.client.gui.hud.ChatHud) [System] [CHAT] Grim » ReymyPidoras failed PacketOrderO* (x21) type=PONG
[20:18:52] [Render thread/INFO] (net.minecraft.client.gui.hud.ChatHud) [System] [CHAT] Grim » ReymyPidoras failed PacketOrderO* (x22) type=PONG
[20:18:52] [Render thread/INFO] (net.minecraft.client.gui.hud.ChatHud) [System] [CHAT] Grim » ReymyPidoras failed PacketOrderO* (x23) type=PONG
[20:18:52] [Render thread/INFO] (net.minecraft.client.gui.hud.ChatHud) [System] [CHAT] Grim » ReymyPidoras failed PacketOrderO* (x24) type=PONG
[20:18:52] [Render thread/INFO] (net.minecraft.client.gui.hud.ChatHud) [System] [CHAT] Grim » ReymyPidoras failed PacketOrderO* (x25) type=PONG
[20:18:52] [Render thread/INFO] (net.minecraft.client.gui.hud.ChatHud) [System] [CHAT] Grim » ReymyPidoras failed PacketOrderO* (x26) type=PONG
[20:18:52] [Render thread/INFO] (net.minecraft.client.gui.hud.ChatHud) [System] [CHAT] Grim » ReymyPidoras failed PacketOrderO* (x27) type=PONG
[20:18:52] [Render thread/INFO] (net.minecraft.client.gui.hud.ChatHud) [System] [CHAT] Grim » ReymyPidoras failed PacketOrderO* (x28) type=PONG
[20:18:53] [Render thread/INFO] (net.minecraft.client.gui.hud.ChatHud) [System] [CHAT] Grim » ReymyPidoras failed PacketOrderO* (x29) type=PONG
[20:18:53] [Render thread/INFO] (net.minecraft.client.gui.hud.ChatHud) [System] [CHAT] Grim » ReymyPidoras failed PacketOrderO* (x30) type=PONG
[20:18:53] [Render thread/INFO] (net.minecraft.client.gui.hud.ChatHud) [System] [CHAT] Grim » ReymyPidoras failed PacketOrderO* (x31) type=PONG
[20:18:53] [Render thread/INFO] (net.minecraft.client.gui.hud.ChatHud) [System] [CHAT] Grim » ReymyPidoras failed PacketOrderO* (x32) type=PONG
[20:18:53] [Render thread/INFO] (net.minecraft.client.gui.hud.ChatHud) [System] [CHAT] Grim » ReymyPidoras failed PacketOrderO* (x33) type=PONG
[20:18:53] [Render thread/INFO] (net.minecraft.client.gui.hud.ChatHud) [System] [CHAT] Grim » ReymyPidoras failed PacketOrderO* (x34) type=PONG
[20:18:53] [Render thread/INFO] (net.minecraft.client.gui.hud.ChatHud) [System] [CHAT] Grim » ReymyPidoras failed PacketOrderO* (x35) type=PONG
[20:18:53] [Render thread/INFO] (net.minecraft.client.gui.hud.ChatHud) [System] [CHAT] Grim » ReymyPidoras failed PacketOrderO* (x36) type=PONG
[20:18:53] [Render thread/INFO] (net.minecraft.client.gui.hud.ChatHud) [System] [CHAT] Grim » ReymyPidoras failed PacketOrderO* (x37) type=PONG
[20:18:53] [Render thread/INFO] (net.minecraft.client.gui.hud.ChatHud) [System] [CHAT] Grim » ReymyPidoras failed PacketOrderO* (x38) type=PONG
[20:18:53] [Render thread/INFO] (net.minecraft.client.gui.hud.ChatHud) [System] [CHAT] Grim » ReymyPidoras failed PacketOrderO* (x39) type=PONG
[20:18:53] [Render thread/INFO] (net.minecraft.client.gui.hud.ChatHud) [System] [CHAT] Grim » ReymyPidoras failed PacketOrderO* (x40) type=PONG
[20:18:53] [Render thread/INFO] (net.minecraft.client.gui.hud.ChatHud) [System] [CHAT] Grim » ReymyPidoras failed TickTimer (x2) type=flying, packets=2
[20:18:53] [Render thread/INFO] (net.minecraft.client.gui.hud.ChatHud) [System] [CHAT] Grim » ReymyPidoras failed BadPacketsV* (x3) delta=0.0
[20:18:53] [Render thread/INFO] (net.minecraft.client.gui.hud.ChatHud) [System] [CHAT] Grim » ReymyPidoras failed PacketOrderO* (x41) type=PONG
[20:18:53] [Render thread/INFO] (net.minecraft.client.gui.hud.ChatHud) [System] [CHAT] Grim » ReymyPidoras failed PacketOrderO* (x42) type=PONG
[20:18:53] [Render thread/INFO] (net.minecraft.client.gui.hud.ChatHud) [System] [CHAT] Grim » ReymyPidoras failed PacketOrderO* (x43) type=TELEPORT_CONFIRM
[20:18:53] [Render thread/INFO] (net.minecraft.client.gui.hud.ChatHud) [System] [CHAT] Grim » ReymyPidoras failed PacketOrderO* (x44) type=PLAYER_POSITION_AND_ROTATION
[20:18:53] [Render thread/INFO] (net.minecraft.client.gui.hud.ChatHud) [System] [CHAT] Grim » ReymyPidoras failed PacketOrderO* (x45) type=PONG
[20:18:53] [Render thread/INFO] (net.minecraft.client.gui.hud.ChatHud) [System] [CHAT] Grim » ReymyPidoras failed PacketOrderO* (x46) type=PONG
[20:18:53] [Render thread/INFO] (net.minecraft.client.gui.hud.ChatHud) [System] [CHAT] Grim » ReymyPidoras failed PacketOrderO* (x47) type=PONG
[20:18:53] [Render thread/INFO] (net.minecraft.client.gui.hud.ChatHud) [System] [CHAT] Grim » ReymyPidoras failed PacketOrderO* (x48) type=PONG
[20:18:53] [Render thread/INFO] (net.minecraft.client.gui.hud.ChatHud) [System] [CHAT] Grim » ReymyPidoras failed PacketOrderO* (x49) type=PONG
[20:18:53] [Render thread/INFO] (net.minecraft.client.gui.hud.ChatHud) [System] [CHAT] Grim » ReymyPidoras failed PacketOrderO* (x50) type=PONG
[20:18:53] [Render thread/INFO] (net.minecraft.client.gui.hud.ChatHud) [System] [CHAT] Grim » ReymyPidoras failed PacketOrderO* (x51) type=PONG
[20:18:53] [Render thread/INFO] (net.minecraft.client.gui.hud.ChatHud) [System] [CHAT] Grim » ReymyPidoras failed PacketOrderO* (x52) type=PONG
[20:18:53] [Render thread/INFO] (net.minecraft.client.gui.hud.ChatHud) [System] [CHAT] Grim » ReymyPidoras failed PacketOrderO* (x53) type=PONG
[20:18:53] [Render thread/INFO] (net.minecraft.client.gui.hud.ChatHud) [System] [CHAT] Grim » ReymyPidoras failed PacketOrderO* (x54) type=PONG
[20:18:53] [Render thread/INFO] (net.minecraft.client.gui.hud.ChatHud) [System] [CHAT] Grim » ReymyPidoras failed PacketOrderO* (x55) type=PONG
[20:18:54] [Render thread/INFO] (net.minecraft.client.gui.hud.ChatHud) [System] [CHAT] Grim » ReymyPidoras failed PacketOrderO* (x56) type=PONG
[20:18:54] [Render thread/INFO] (net.minecraft.client.gui.hud.ChatHud) [System] [CHAT] Grim » ReymyPidoras failed PacketOrderO* (x57) type=PONG
[20:18:54] [Render thread/INFO] (net.minecraft.client.gui.hud.ChatHud) [System] [CHAT] Grim » ReymyPidoras failed PacketOrderO* (x58) type=PONG
[20:18:54] [Render thread/INFO] (net.minecraft.client.gui.hud.ChatHud) [System] [CHAT] Grim » ReymyPidoras failed PacketOrderO* (x59) type=PONG
[20:18:54] [Render thread/INFO] (net.minecraft.client.gui.hud.ChatHud) [System] [CHAT] Grim » ReymyPidoras failed PacketOrderO* (x60) type=PONG
[20:18:54] [Render thread/INFO] (net.minecraft.client.gui.hud.ChatHud) [System] [CHAT] Grim » ReymyPidoras failed PacketOrderO* (x61) type=PONG
[20:18:54] [Render thread/INFO] (net.minecraft.client.gui.hud.ChatHud) [System] [CHAT] Grim » ReymyPidoras failed PacketOrderO* (x62) type=PONG
[20:18:54] [Render thread/INFO] (net.minecraft.client.gui.hud.ChatHud) [System] [CHAT] Grim » ReymyPidoras failed PacketOrderO* (x63) type=PONG
[20:18:54] [Render thread/INFO] (net.minecraft.client.gui.hud.ChatHud) [System] [CHAT] Grim » ReymyPidoras failed PacketOrderO* (x64) type=PONG
[20:18:54] [Render thread/INFO] (net.minecraft.client.gui.hud.ChatHud) [System] [CHAT] Grim » ReymyPidoras failed PacketOrderO* (x65) type=PONG
[20:18:54] [Render thread/INFO] (net.minecraft.client.gui.hud.ChatHud) [System] [CHAT] Grim » ReymyPidoras failed PacketOrderO* (x66) type=PONG
[20:18:54] [Render thread/INFO] (net.minecraft.client.gui.hud.ChatHud) [System] [CHAT] Grim » ReymyPidoras failed PacketOrderO* (x67) type=PONG
[20:18:54] [Render thread/INFO] (net.minecraft.client.gui.hud.ChatHud) [System] [CHAT] Grim » ReymyPidoras failed TickTimer (x3) type=flying, packets=3
[20:18:54] [Render thread/INFO] (net.minecraft.client.gui.hud.ChatHud) [System] [CHAT] Grim » ReymyPidoras failed PacketOrderO* (x68) type=PONG
[20:18:54] [Render thread/INFO] (net.minecraft.client.gui.hud.ChatHud) [System] [CHAT] Grim » ReymyPidoras failed PacketOrderO* (x69) type=PONG
[20:18:54] [Render thread/INFO] (net.minecraft.client.gui.hud.ChatHud) [System] [CHAT] Grim » ReymyPidoras failed PacketOrderO* (x70) type=TELEPORT_CONFIRM
[20:18:54] [Render thread/INFO] (net.minecraft.client.gui.hud.ChatHud) [System] [CHAT] Grim » ReymyPidoras failed PacketOrderO* (x71) type=PLAYER_POSITION_AND_ROTATION
[20:18:54] [Render thread/INFO] (net.minecraft.client.gui.hud.ChatHud) [System] [CHAT] Grim » ReymyPidoras failed PacketOrderO* (x71) type=PONG
[20:18:54] [Render thread/INFO] (net.minecraft.client.gui.hud.ChatHud) [System] [CHAT] Grim » ReymyPidoras failed PacketOrderO* (x72) type=PONG
[20:18:54] [Render thread/INFO] (net.minecraft.client.gui.hud.ChatHud) [System] [CHAT] Grim » ReymyPidoras failed PacketOrderO* (x73) type=PONG
[20:18:54] [Render thread/INFO] (net.minecraft.client.gui.hud.ChatHud) [System] [CHAT] Grim » ReymyPidoras failed PacketOrderO* (x74) type=PONG
[20:18:54] [Render thread/INFO] (net.minecraft.client.gui.hud.ChatHud) [System] [CHAT] Grim » ReymyPidoras failed PacketOrderO* (x75) type=PONG
[20:18:54] [Render thread/INFO] (net.minecraft.client.gui.hud.ChatHud) [System] [CHAT] Grim » ReymyPidoras failed PacketOrderO* (x76) type=PONG
[20:18:54] [Render thread/INFO] (net.minecraft.client.gui.hud.ChatHud) [System] [CHAT] Grim » ReymyPidoras failed PacketOrderO* (x77) type=PONG
[20:18:54] [Render thread/INFO] (net.minecraft.client.gui.hud.ChatHud) [System] [CHAT] Grim » ReymyPidoras failed PacketOrderO* (x78) type=PONG
[20:18:54] [Render thread/INFO] (net.minecraft.client.gui.hud.ChatHud) [System] [CHAT] Grim » ReymyPidoras failed PacketOrderO* (x79) type=PONG
[20:18:54] [Render thread/INFO] (net.minecraft.client.gui.hud.ChatHud) [System] [CHAT] Grim » ReymyPidoras failed PacketOrderO* (x80) type=PONG
[20:18:55] [Render thread/INFO] (net.minecraft.client.gui.hud.ChatHud) [System] [CHAT] Grim » ReymyPidoras failed PacketOrderO* (x81) type=PONG
[20:18:55] [Render thread/INFO] (net.minecraft.client.gui.hud.ChatHud) [System] [CHAT] Grim » ReymyPidoras failed PacketOrderO* (x82) type=PONG
[20:18:55] [Render thread/INFO] (net.minecraft.client.gui.hud.ChatHud) [System] [CHAT] Grim » ReymyPidoras failed PacketOrderO* (x83) type=PONG
[20:18:55] [Render thread/INFO] (net.minecraft.client.gui.hud.ChatHud) [System] [CHAT] Grim » ReymyPidoras failed PacketOrderO* (x84) type=PONG
[20:18:55] [Render thread/INFO] (net.minecraft.client.gui.hud.ChatHud) [System] [CHAT] Grim » ReymyPidoras failed PacketOrderO* (x85) type=PONG
[20:18:55] [Render thread/INFO] (net.minecraft.client.gui.hud.ChatHud) [System] [CHAT] Grim » ReymyPidoras failed PacketOrderO* (x86) type=PONG
[20:18:55] [Render thread/INFO] (net.minecraft.client.gui.hud.ChatHud) [System] [CHAT] Grim » ReymyPidoras failed PacketOrderO* (x87) type=PONG
[20:18:55] [Render thread/INFO] (net.minecraft.client.gui.hud.ChatHud) [System] [CHAT] Grim » ReymyPidoras failed PacketOrderO* (x88) type=PONG
[20:18:55] [Render thread/INFO] (net.minecraft.client.gui.hud.ChatHud) [System] [CHAT] Grim » ReymyPidoras failed PacketOrderO* (x89) type=PONG
[20:18:55] [Render thread/INFO] (net.minecraft.client.gui.hud.ChatHud) [System] [CHAT] Grim » ReymyPidoras failed PacketOrderO* (x90) type=PONG
[20:18:55] [Render thread/INFO] (net.minecraft.client.gui.hud.ChatHud) [System] [CHAT] Grim » ReymyPidoras failed PacketOrderO* (x91) type=PONG
[20:18:55] [Render thread/INFO] (net.minecraft.client.gui.hud.ChatHud) [System] [CHAT] Grim » ReymyPidoras failed PacketOrderO* (x92) type=PONG
[20:18:55] [Render thread/INFO] (net.minecraft.client.gui.hud.ChatHud) [System] [CHAT] Grim » ReymyPidoras failed TickTimer (x4) type=flying, packets=4
[20:18:55] [Render thread/INFO] (net.minecraft.client.gui.hud.ChatHud) [System] [CHAT] Grim » ReymyPidoras failed PacketOrderO* (x93) type=PONG
[20:18:55] [Render thread/INFO] (net.minecraft.client.gui.hud.ChatHud) [System] [CHAT] Grim » ReymyPidoras failed PacketOrderO* (x94) type=PONG
[20:18:55] [Render thread/INFO] (net.minecraft.client.gui.hud.ChatHud) [System] [CHAT] Grim » ReymyPidoras failed PacketOrderO* (x94) type=TELEPORT_CONFIRM
[20:18:55] [Render thread/INFO] (net.minecraft.client.gui.hud.ChatHud) [System] [CHAT] Grim » ReymyPidoras failed PacketOrderO* (x95) type=PLAYER_POSITION_AND_ROTATION
[20:18:55] [Render thread/INFO] (net.minecraft.client.gui.hud.ChatHud) [System] [CHAT] Grim » ReymyPidoras failed PacketOrderO* (x95) type=PONG
[20:18:55] [Render thread/INFO] (net.minecraft.client.gui.hud.ChatHud) [System] [CHAT] Grim » ReymyPidoras failed PacketOrderO* (x96) type=PONG
[20:18:55] [Render thread/INFO] (net.minecraft.client.gui.hud.ChatHud) [System] [CHAT] Grim » ReymyPidoras failed PacketOrderO* (x97) type=PONG
[20:18:55] [Render thread/INFO] (net.minecraft.client.gui.hud.ChatHud) [System] [CHAT] Grim » ReymyPidoras failed PacketOrderO* (x98) type=PONG
[20:18:55] [Render thread/INFO] (net.minecraft.client.gui.hud.ChatHud) [System] [CHAT] Grim » ReymyPidoras failed PacketOrderO* (x99) type=PONG
[20:18:55] [Render thread/INFO] (net.minecraft.client.gui.hud.ChatHud) [System] [CHAT] Grim » ReymyPidoras failed PacketOrderO* (x100) type=PONG
[20:18:55] [Render thread/INFO] (net.minecraft.client.gui.hud.ChatHud) [System] [CHAT] Grim » ReymyPidoras failed PacketOrderO* (x101) type=PONG
[20:18:55] [Render thread/INFO] (net.minecraft.client.gui.hud.ChatHud) [System] [CHAT] Grim » ReymyPidoras failed PacketOrderO* (x102) type=PONG
[20:18:55] [Render thread/INFO] (net.minecraft.client.gui.hud.ChatHud) [System] [CHAT] Grim » ReymyPidoras failed PacketOrderO* (x103) type=PONG
[20:18:55] [Render thread/INFO] (net.minecraft.client.gui.hud.ChatHud) [System] [CHAT] Grim » ReymyPidoras failed PacketOrderO* (x104) type=PONG
[20:18:56] [Render thread/INFO] (net.minecraft.client.gui.hud.ChatHud) [System] [CHAT] Grim » ReymyPidoras failed PacketOrderO* (x105) type=PONG
[20:18:56] [Render thread/INFO] (net.minecraft.client.gui.hud.ChatHud) [System] [CHAT] Grim » ReymyPidoras failed PacketOrderO* (x106) type=PONG
[20:18:56] [Render thread/INFO] (net.minecraft.client.gui.hud.ChatHud) [System] [CHAT] Grim » ReymyPidoras failed PacketOrderO* (x107) type=PONG
[20:18:56] [Render thread/INFO] (net.minecraft.client.gui.hud.ChatHud) [System] [CHAT] Grim » ReymyPidoras failed PacketOrderO* (x108) type=PONG
[20:18:56] [Render thread/INFO] (net.minecraft.client.gui.hud.ChatHud) [System] [CHAT] Grim » ReymyPidoras failed PacketOrderO* (x109) type=PONG
[20:18:56] [Render thread/INFO] (net.minecraft.client.gui.hud.ChatHud) [System] [CHAT] Grim » ReymyPidoras failed PacketOrderO* (x110) type=PONG
[20:18:56] [Render thread/INFO] (net.minecraft.client.gui.hud.ChatHud) [System] [CHAT] Grim » ReymyPidoras failed PacketOrderO* (x111) type=PONG
[20:18:56] [Render thread/INFO] (net.minecraft.client.gui.hud.ChatHud) [System] [CHAT] Grim » ReymyPidoras failed PacketOrderO* (x112) type=PONG
[20:18:56] [Render thread/INFO] (net.minecraft.client.gui.hud.ChatHud) [System] [CHAT] Grim » ReymyPidoras failed PacketOrderO* (x113) type=PONG
[20:18:56] [Render thread/INFO] (net.minecraft.client.gui.hud.ChatHud) [System] [CHAT] Grim » ReymyPidoras failed PacketOrderO* (x114) type=PONG
[20:18:56] [Render thread/INFO] (net.minecraft.client.gui.hud.ChatHud) [System] [CHAT] Grim » ReymyPidoras failed PacketOrderO* (x115) type=PONG
[20:18:56] [Render thread/INFO] (net.minecraft.client.gui.hud.ChatHud) [System] [CHAT] Grim » ReymyPidoras failed PacketOrderO* (x116) type=PONG
[20:18:56] [Render thread/INFO] (net.minecraft.client.gui.hud.ChatHud) [System] [CHAT] Grim » ReymyPidoras failed TickTimer (x5) type=flying, packets=5
[20:18:56] [Render thread/INFO] (net.minecraft.client.gui.hud.ChatHud) [System] [CHAT] Grim » ReymyPidoras failed PacketOrderO* (x117) type=PONG
[20:18:56] [Render thread/INFO] (net.minecraft.client.gui.hud.ChatHud) [System] [CHAT] Grim » ReymyPidoras failed PacketOrderO* (x118) type=PONG
[20:18:56] [Render thread/INFO] (net.minecraft.client.gui.hud.ChatHud) [System] [CHAT] Grim » ReymyPidoras failed PacketOrderO* (x119) type=TELEPORT_CONFIRM
[20:18:56] [Render thread/INFO] (net.minecraft.client.gui.hud.ChatHud) [System] [CHAT] Grim » ReymyPidoras failed PacketOrderO* (x120) type=PLAYER_POSITION_AND_ROTATION
[20:18:56] [Render thread/INFO] (net.minecraft.client.gui.hud.ChatHud) [System] [CHAT] Grim » ReymyPidoras failed PacketOrderO* (x121) type=PONG
[20:18:56] [Render thread/INFO] (net.minecraft.client.gui.hud.ChatHud) [System] [CHAT] Grim » ReymyPidoras failed PacketOrderO* (x121) type=PONG
[20:18:56] [Render thread/INFO] (net.minecraft.client.gui.hud.ChatHud) [System] [CHAT] Grim » ReymyPidoras failed PacketOrderO* (x122) type=PONG
[20:18:56] [Render thread/INFO] (net.minecraft.client.gui.hud.ChatHud) [System] [CHAT] Grim » ReymyPidoras failed PacketOrderO* (x123) type=PONG
[20:18:56] [Render thread/INFO] (net.minecraft.client.gui.hud.ChatHud) [System] [CHAT] Grim » ReymyPidoras failed PacketOrderO* (x124) type=PONG
[20:18:56] [Render thread/INFO] (net.minecraft.client.gui.hud.ChatHud) [System] [CHAT] Grim » ReymyPidoras failed PacketOrderO* (x125) type=PONG
[20:18:56] [Render thread/INFO] (net.minecraft.client.gui.hud.ChatHud) [System] [CHAT] Grim » ReymyPidoras failed PacketOrderO* (x126) type=PONG
[20:18:56] [Render thread/INFO] (net.minecraft.client.gui.hud.ChatHud) [System] [CHAT] Grim » ReymyPidoras failed PacketOrderO* (x127) type=PONG
[20:18:56] [Render thread/INFO] (net.minecraft.client.gui.hud.ChatHud) [System] [CHAT] Grim » ReymyPidoras failed PacketOrderO* (x128) type=PONG
[20:18:56] [Render thread/INFO] (net.minecraft.client.gui.hud.ChatHud) [System] [CHAT] Grim » ReymyPidoras failed PacketOrderO* (x129) type=PONG
[20:18:57] [Render thread/INFO] (net.minecraft.client.gui.hud.ChatHud) [System] [CHAT] Grim » ReymyPidoras failed PacketOrderO* (x130) type=PONG
[20:18:57] [Render thread/INFO] (net.minecraft.client.gui.hud.ChatHud) [System] [CHAT] Grim » ReymyPidoras failed PacketOrderO* (x131) type=PONG
[20:18:57] [Render thread/INFO] (net.minecraft.client.gui.hud.ChatHud) [System] [CHAT] Grim » ReymyPidoras failed PacketOrderO* (x132) type=PONG
[20:18:57] [Render thread/INFO] (net.minecraft.client.gui.hud.ChatHud) [System] [CHAT] Grim » ReymyPidoras failed PacketOrderO* (x133) type=PONG
[20:18:57] [Render thread/INFO] (net.minecraft.client.gui.hud.ChatHud) [System] [CHAT] Grim » ReymyPidoras failed PacketOrderO* (x134) type=PONG
[20:18:57] [Render thread/INFO] (net.minecraft.client.gui.hud.ChatHud) [System] [CHAT] Grim » ReymyPidoras failed PacketOrderO* (x135) type=PONG
[20:18:57] [Render thread/INFO] (net.minecraft.client.gui.hud.ChatHud) [System] [CHAT] Grim » ReymyPidoras failed PacketOrderO* (x136) type=PONG
[20:18:57] [Render thread/INFO] (net.minecraft.client.gui.hud.ChatHud) [System] [CHAT] Grim » ReymyPidoras failed PacketOrderO* (x137) type=PONG
[20:18:57] [Render thread/INFO] (net.minecraft.client.gui.hud.ChatHud) [System] [CHAT] Grim » ReymyPidoras failed PacketOrderO* (x138) type=PONG
[20:18:57] [Render thread/INFO] (net.minecraft.client.gui.hud.ChatHud) [System] [CHAT] Grim » ReymyPidoras failed PacketOrderO* (x139) type=PONG
[20:18:57] [Render thread/INFO] (net.minecraft.client.gui.hud.ChatHud) [System] [CHAT] Grim » ReymyPidoras failed PacketOrderO* (x140) type=PONG
[20:18:57] [Render thread/INFO] (net.minecraft.client.gui.hud.ChatHud) [System] [CHAT] Grim » ReymyPidoras failed PacketOrderO* (x141) type=PONG
[20:18:57] [Render thread/INFO] (net.minecraft.client.gui.hud.ChatHud) [System] [CHAT] Grim » ReymyPidoras failed TickTimer (x6) type=flying, packets=6
[20:18:57] [Render thread/INFO] (net.minecraft.client.gui.hud.ChatHud) [System] [CHAT] Grim » ReymyPidoras failed NegativeTimer* (x1) -2598
[20:18:57] [Render thread/INFO] (net.minecraft.client.gui.hud.ChatHud) [System] [CHAT] Grim » ReymyPidoras failed PacketOrderO* (x142) type=PONG
[20:18:57] [Render thread/INFO] (net.minecraft.client.gui.hud.ChatHud) [System] [CHAT] Grim » ReymyPidoras failed PacketOrderO* (x143) type=PONG
[20:18:57] [Render thread/INFO] (net.minecraft.client.gui.hud.ChatHud) [System] [CHAT] Grim » ReymyPidoras failed PacketOrderO* (x144) type=TELEPORT_CONFIRM
[20:18:57] [Render thread/INFO] (net.minecraft.client.gui.hud.ChatHud) [System] [CHAT] Grim » ReymyPidoras failed PacketOrderO* (x145) type=PLAYER_POSITION_AND_ROTATION
[20:18:57] [Render thread/INFO] (net.minecraft.client.gui.hud.ChatHud) [System] [CHAT] Grim » ReymyPidoras failed PacketOrderO* (x146) type=PONG
[20:18:57] [Render thread/INFO] (net.minecraft.client.gui.hud.ChatHud) [System] [CHAT] Grim » ReymyPidoras failed PacketOrderO* (x146) type=PONG
[20:18:57] [Render thread/INFO] (net.minecraft.client.gui.hud.ChatHud) [System] [CHAT] Grim » ReymyPidoras failed PacketOrderO* (x147) type=PONG
[20:18:57] [Render thread/INFO] (net.minecraft.client.gui.hud.ChatHud) [System] [CHAT] Grim » ReymyPidoras failed PacketOrderO* (x148) type=PONG
[20:18:57] [Render thread/INFO] (net.minecraft.client.gui.hud.ChatHud) [System] [CHAT] Grim » ReymyPidoras failed PacketOrderO* (x149) type=PONG
[20:18:57] [Render thread/INFO] (net.minecraft.client.gui.hud.ChatHud) [System] [CHAT] Grim » ReymyPidoras failed PacketOrderO* (x150) type=PONG
[20:18:57] [Render thread/INFO] (net.minecraft.client.gui.hud.ChatHud) [System] [CHAT] Grim » ReymyPidoras failed PacketOrderO* (x151) type=PONG
[20:18:57] [Render thread/INFO] (net.minecraft.client.gui.hud.ChatHud) [System] [CHAT] Grim » ReymyPidoras failed PacketOrderO* (x152) type=PONG
[20:18:57] [Render thread/INFO] (net.minecraft.client.gui.hud.ChatHud) [System] [CHAT] Grim » ReymyPidoras failed PacketOrderO* (x153) type=PONG
[20:18:57] [Render thread/INFO] (net.minecraft.client.gui.hud.ChatHud) [System] [CHAT] Grim » ReymyPidoras failed PacketOrderO* (x154) type=PONG
[20:18:58] [Render thread/INFO] (net.minecraft.client.gui.hud.ChatHud) [System] [CHAT] Grim » ReymyPidoras failed PacketOrderO* (x155) type=PONG
[20:18:58] [Render thread/INFO] (net.minecraft.client.gui.hud.ChatHud) [System] [CHAT] Grim » ReymyPidoras failed PacketOrderO* (x156) type=PONG
[20:18:58] [Render thread/INFO] (net.minecraft.client.gui.hud.ChatHud) [System] [CHAT] Grim » ReymyPidoras failed PacketOrderO* (x157) type=PONG
[20:18:58] [Render thread/INFO] (net.minecraft.client.gui.hud.ChatHud) [System] [CHAT] Grim » ReymyPidoras failed PacketOrderO* (x158) type=PONG
[20:18:58] [Render thread/INFO] (net.minecraft.client.gui.hud.ChatHud) [System] [CHAT] Grim » ReymyPidoras failed PacketOrderO* (x159) type=PONG
[20:18:58] [Render thread/INFO] (net.minecraft.client.gui.hud.ChatHud) [System] [CHAT] Grim » ReymyPidoras failed PacketOrderO* (x160) type=PONG
[20:18:58] [Render thread/INFO] (net.minecraft.client.gui.hud.ChatHud) [System] [CHAT] Grim » ReymyPidoras failed PacketOrderO* (x161) type=PONG
[20:18:58] [Render thread/INFO] (net.minecraft.client.gui.hud.ChatHud) [System] [CHAT] Grim » ReymyPidoras failed PacketOrderO* (x162) type=PONG
[20:18:58] [Render thread/INFO] (net.minecraft.client.gui.hud.ChatHud) [System] [CHAT] Grim » ReymyPidoras failed PacketOrderO* (x163) type=PONG
[20:18:58] [Render thread/INFO] (net.minecraft.client.gui.hud.ChatHud) [System] [CHAT] Grim » ReymyPidoras failed PacketOrderO* (x164) type=PONG
[20:18:58] [Render thread/INFO] (net.minecraft.client.gui.hud.ChatHud) [System] [CHAT] Grim » ReymyPidoras failed PacketOrderO* (x165) type=PONG
[20:18:58] [Render thread/INFO] (net.minecraft.client.gui.hud.ChatHud) [System] [CHAT] Grim » ReymyPidoras failed PacketOrderO* (x166) type=PONG
[20:18:58] [Render thread/INFO] (net.minecraft.client.gui.hud.ChatHud) [System] [CHAT] Grim » ReymyPidoras failed TickTimer (x7) type=flying, packets=7
[20:18:58] [Render thread/INFO] (net.minecraft.client.gui.hud.ChatHud) [System] [CHAT] Grim » ReymyPidoras failed NegativeTimer* (x2) -3501
[20:18:58] [Render thread/INFO] (net.minecraft.client.gui.hud.ChatHud) [System] [CHAT] Grim » ReymyPidoras failed PacketOrderO* (x167) type=PONG
[20:18:58] [Render thread/INFO] (net.minecraft.client.gui.hud.ChatHud) [System] [CHAT] Grim » ReymyPidoras failed PacketOrderO* (x168) type=PONG
[20:18:58] [Render thread/INFO] (net.minecraft.client.gui.hud.ChatHud) [System] [CHAT] Grim » ReymyPidoras failed PacketOrderO* (x169) type=TELEPORT_CONFIRM
[20:18:58] [Render thread/INFO] (net.minecraft.client.gui.hud.ChatHud) [System] [CHAT] Grim » ReymyPidoras failed PacketOrderO* (x170) type=PLAYER_POSITION_AND_ROTATION
[20:18:58] [Render thread/INFO] (net.minecraft.client.gui.hud.ChatHud) [System] [CHAT] Grim » ReymyPidoras failed PacketOrderO* (x170) type=PONG
[20:18:58] [Render thread/INFO] (net.minecraft.client.gui.hud.ChatHud) [System] [CHAT] Grim » ReymyPidoras failed PacketOrderO* (x171) type=PONG
[20:18:58] [Render thread/INFO] (net.minecraft.client.gui.hud.ChatHud) [System] [CHAT] Grim » ReymyPidoras failed PacketOrderO* (x172) type=PONG
[20:18:58] [Render thread/INFO] (net.minecraft.client.gui.hud.ChatHud) [System] [CHAT] Grim » ReymyPidoras failed PacketOrderO* (x172) type=PONG
[20:18:58] [Render thread/INFO] (net.minecraft.client.gui.hud.ChatHud) [System] [CHAT] Grim » ReymyPidoras failed PacketOrderO* (x173) type=PONG
[20:18:58] [Render thread/INFO] (net.minecraft.client.gui.hud.ChatHud) [System] [CHAT] Grim » ReymyPidoras failed PacketOrderO* (x174) type=PONG
[20:18:58] [Render thread/INFO] (net.minecraft.client.gui.hud.ChatHud) [System] [CHAT] Grim » ReymyPidoras failed PacketOrderO* (x175) type=PONG
[20:18:58] [Render thread/INFO] (net.minecraft.client.gui.hud.ChatHud) [System] [CHAT] Grim » ReymyPidoras failed PacketOrderO* (x176) type=PONG
[20:18:58] [Render thread/INFO] (net.minecraft.client.gui.hud.ChatHud) [System] [CHAT] Grim » ReymyPidoras failed PacketOrderO* (x177) type=PONG
[20:18:58] [Render thread/INFO] (net.minecraft.client.gui.hud.ChatHud) [System] [CHAT] Grim » ReymyPidoras failed PacketOrderO* (x178) type=PONG
[20:18:58] [Render thread/INFO] (net.minecraft.client.gui.hud.ChatHud) [System] [CHAT] Grim » ReymyPidoras failed PacketOrderO* (x179) type=PONG
[20:18:59] [Render thread/INFO] (net.minecraft.client.gui.hud.ChatHud) [System] [CHAT] Grim » ReymyPidoras failed PacketOrderO* (x180) type=PONG
[20:18:59] [Render thread/INFO] (net.minecraft.client.gui.hud.ChatHud) [System] [CHAT] Grim » ReymyPidoras failed PacketOrderO* (x181) type=PONG
[20:18:59] [Render thread/INFO] (net.minecraft.client.gui.hud.ChatHud) [System] [CHAT] Grim » ReymyPidoras failed PacketOrderO* (x182) type=PONG
[20:18:59] [Render thread/INFO] (net.minecraft.client.gui.hud.ChatHud) [System] [CHAT] Grim » ReymyPidoras failed PacketOrderO* (x183) type=PONG
[20:18:59] [Render thread/INFO] (net.minecraft.client.gui.hud.ChatHud) [System] [CHAT] Grim » ReymyPidoras failed PacketOrderO* (x184) type=PONG
[20:18:59] [Render thread/INFO] (net.minecraft.client.gui.hud.ChatHud) [System] [CHAT] Grim » ReymyPidoras failed PacketOrderO* (x185) type=PONG
[20:18:59] [Render thread/INFO] (net.minecraft.client.gui.hud.ChatHud) [System] [CHAT] Grim » ReymyPidoras failed PacketOrderO* (x186) type=PONG
[20:18:59] [Render thread/INFO] (net.minecraft.client.gui.hud.ChatHud) [System] [CHAT] Grim » ReymyPidoras failed PacketOrderO* (x187) type=PONG
[20:18:59] [Render thread/INFO] (net.minecraft.client.gui.hud.ChatHud) [System] [CHAT] Grim » ReymyPidoras failed PacketOrderO* (x188) type=PONG
[20:18:59] [Render thread/INFO] (net.minecraft.client.gui.hud.ChatHud) [System] [CHAT] Grim » ReymyPidoras failed PacketOrderO* (x189) type=PONG
[20:18:59] [Render thread/INFO] (net.minecraft.client.gui.hud.ChatHud) [System] [CHAT] Grim » ReymyPidoras failed PacketOrderO* (x190) type=PONG
[20:18:59] [Render thread/INFO] (net.minecraft.client.gui.hud.ChatHud) [System] [CHAT] Grim » ReymyPidoras failed PacketOrderO* (x191) type=PONG
[20:18:59] [Render thread/INFO] (net.minecraft.client.gui.hud.ChatHud) [System] [CHAT] Grim » ReymyPidoras failed TickTimer (x8) type=flying, packets=8
[20:18:59] [Render thread/INFO] (net.minecraft.client.gui.hud.ChatHud) [System] [CHAT] Grim » ReymyPidoras failed NegativeTimer* (x3) -4402
[20:18:59] [Render thread/INFO] (net.minecraft.client.gui.hud.ChatHud) [System] [CHAT] Grim » ReymyPidoras failed PacketOrderO* (x192) type=PONG
[20:18:59] [Render thread/INFO] (net.minecraft.client.gui.hud.ChatHud) [System] [CHAT] Grim » ReymyPidoras failed PacketOrderO* (x193) type=PONG
[20:18:59] [Render thread/INFO] (net.minecraft.client.gui.hud.ChatHud) [System] [CHAT] Grim » ReymyPidoras failed PacketOrderO* (x194) type=TELEPORT_CONFIRM
[20:18:59] [Render thread/INFO] (net.minecraft.client.gui.hud.ChatHud) [System] [CHAT] Grim » ReymyPidoras failed PacketOrderO* (x195) type=PLAYER_POSITION_AND_ROTATION
[20:18:59] [Render thread/INFO] (net.minecraft.client.gui.hud.ChatHud) [System] [CHAT] Grim » ReymyPidoras failed PacketOrderO* (x196) type=PONG
[20:18:59] [Render thread/INFO] (net.minecraft.client.gui.hud.ChatHud) [System] [CHAT] Grim » ReymyPidoras failed PacketOrderO* (x197) type=PONG
[20:18:59] [Render thread/INFO] (net.minecraft.client.gui.hud.ChatHud) [System] [CHAT] Grim » ReymyPidoras failed PacketOrderO* (x198) type=PONG
[20:18:59] [Render thread/INFO] (net.minecraft.client.gui.hud.ChatHud) [System] [CHAT] Grim » ReymyPidoras failed PacketOrderO* (x199) type=PONG
[20:18:59] [Render thread/INFO] (net.minecraft.client.gui.hud.ChatHud) [System] [CHAT] Grim » ReymyPidoras failed PacketOrderO* (x200) type=PONG
[20:18:59] [Render thread/INFO] (net.minecraft.client.gui.hud.ChatHud) [System] [CHAT] Grim » ReymyPidoras failed PacketOrderO* (x201) type=PONG
[20:18:59] [Render thread/INFO] (net.minecraft.client.gui.hud.ChatHud) [System] [CHAT] Grim » ReymyPidoras failed PacketOrderO* (x202) type=PONG
[20:18:59] [Render thread/INFO] (net.minecraft.client.gui.hud.ChatHud) [System] [CHAT] Grim » ReymyPidoras failed PacketOrderO* (x203) type=PONG
[20:18:59] [Render thread/INFO] (net.minecraft.client.gui.hud.ChatHud) [System] [CHAT] Grim » ReymyPidoras failed PacketOrderO* (x204) type=PONG
[20:19:00] [Render thread/INFO] (net.minecraft.client.gui.hud.ChatHud) [System] [CHAT] Grim » ReymyPidoras failed PacketOrderO* (x205) type=PONG
[20:19:00] [Render thread/INFO] (net.minecraft.client.gui.hud.ChatHud) [System] [CHAT] Grim » ReymyPidoras failed PacketOrderO* (x206) type=PONG
[20:19:00] [Render thread/INFO] (net.minecraft.client.gui.hud.ChatHud) [System] [CHAT] Grim » ReymyPidoras failed PacketOrderO* (x207) type=PONG
[20:19:00] [Render thread/INFO] (net.minecraft.client.gui.hud.ChatHud) [System] [CHAT] Grim » ReymyPidoras failed PacketOrderO* (x208) type=PONG
[20:19:00] [Render thread/INFO] (net.minecraft.client.gui.hud.ChatHud) [System] [CHAT] Grim » ReymyPidoras failed PacketOrderO* (x209) type=PONG
[20:19:00] [Render thread/INFO] (net.minecraft.client.gui.hud.ChatHud) [System] [CHAT] Grim » ReymyPidoras failed PacketOrderO* (x210) type=PONG
[20:19:00] [Render thread/INFO] (net.minecraft.client.gui.hud.ChatHud) [System] [CHAT] Grim » ReymyPidoras failed PacketOrderO* (x211) type=PONG
[20:19:00] [Render thread/INFO] (net.minecraft.client.gui.hud.ChatHud) [System] [CHAT] Grim » ReymyPidoras failed PacketOrderO* (x212) type=PONG
[20:19:00] [Render thread/INFO] (net.minecraft.client.gui.hud.ChatHud) [System] [CHAT] Grim » ReymyPidoras failed PacketOrderO* (x213) type=PONG
[20:19:00] [Render thread/INFO] (net.minecraft.client.gui.hud.ChatHud) [System] [CHAT] Grim » ReymyPidoras failed PacketOrderO* (x214) type=PONG
[20:19:00] [Render thread/INFO] (net.minecraft.client.gui.hud.ChatHud) [System] [CHAT] Grim » ReymyPidoras failed PacketOrderO* (x215) type=PONG
[20:19:00] [Render thread/INFO] (net.minecraft.client.gui.hud.ChatHud) [System] [CHAT] Grim » ReymyPidoras failed PacketOrderO* (x216) type=PONG
[20:19:00] [Render thread/INFO] (net.minecraft.client.gui.hud.ChatHud) [System] [CHAT] Grim » ReymyPidoras failed PacketOrderO* (x217) type=PONG
[20:19:00] [Render thread/INFO] (net.minecraft.client.gui.hud.ChatHud) [System] [CHAT] Grim » ReymyPidoras failed TickTimer (x9) type=flying, packets=9
[20:19:00] [Render thread/INFO] (net.minecraft.client.gui.hud.ChatHud) [System] [CHAT] Grim » ReymyPidoras failed NegativeTimer* (x4) -5302
[20:19:00] [Render thread/INFO] (net.minecraft.client.gui.hud.ChatHud) [System] [CHAT] Grim » ReymyPidoras failed PacketOrderO* (x218) type=PONG
[20:19:00] [Render thread/INFO] (net.minecraft.client.gui.hud.ChatHud) [System] [CHAT] Grim » ReymyPidoras failed PacketOrderO* (x219) type=PONG
[20:19:00] [Render thread/INFO] (net.minecraft.client.gui.hud.ChatHud) [System] [CHAT] Grim » ReymyPidoras failed PacketOrderO* (x220) type=TELEPORT_CONFIRM
[20:19:00] [Render thread/INFO] (net.minecraft.client.gui.hud.ChatHud) [System] [CHAT] Grim » ReymyPidoras failed PacketOrderO* (x221) type=PLAYER_POSITION_AND_ROTATION
[20:19:00] [Render thread/INFO] (net.minecraft.client.gui.hud.ChatHud) [System] [CHAT] Grim » ReymyPidoras failed PacketOrderO* (x222) type=PONG
[20:19:00] [Render thread/INFO] (net.minecraft.client.gui.hud.ChatHud) [System] [CHAT] Grim » ReymyPidoras failed PacketOrderO* (x222) type=PONG
[20:19:00] [Render thread/INFO] (net.minecraft.client.gui.hud.ChatHud) [System] [CHAT] Grim » ReymyPidoras failed PacketOrderO* (x223) type=PONG
[20:19:00] [Render thread/INFO] (net.minecraft.client.gui.hud.ChatHud) [System] [CHAT] Grim » ReymyPidoras failed PacketOrderO* (x224) type=PONG
[20:19:00] [Render thread/INFO] (net.minecraft.client.gui.hud.ChatHud) [System] [CHAT] Grim » ReymyPidoras failed PacketOrderO* (x225) type=PONG
[20:19:00] [Render thread/INFO] (net.minecraft.client.gui.hud.ChatHud) [System] [CHAT] Grim » ReymyPidoras failed PacketOrderO* (x226) type=PONG
[20:19:00] [Render thread/INFO] (net.minecraft.client.gui.hud.ChatHud) [System] [CHAT] Grim » ReymyPidoras failed PacketOrderO* (x227) type=PONG
[20:19:00] [Render thread/INFO] (net.minecraft.client.gui.hud.ChatHud) [System] [CHAT] Grim » ReymyPidoras failed PacketOrderO* (x228) type=PONG
[20:19:01] [Render thread/INFO] (net.minecraft.client.gui.hud.ChatHud) [System] [CHAT] Grim » ReymyPidoras failed PacketOrderO* (x229) type=PONG
[20:19:01] [Render thread/INFO] (net.minecraft.client.gui.hud.ChatHud) [System] [CHAT] Grim » ReymyPidoras failed PacketOrderO* (x230) type=PONG
[20:19:01] [Render thread/INFO] (net.minecraft.client.gui.hud.ChatHud) [System] [CHAT] Grim » ReymyPidoras failed PacketOrderO* (x231) type=PONG
[20:19:01] [Render thread/INFO] (net.minecraft.client.gui.hud.ChatHud) [System] [CHAT] Grim » ReymyPidoras failed PacketOrderO* (x232) type=PONG
[20:19:01] [Render thread/INFO] (net.minecraft.client.gui.hud.ChatHud) [System] [CHAT] Grim » ReymyPidoras failed PacketOrderO* (x233) type=PONG
[20:19:01] [Render thread/INFO] (net.minecraft.client.gui.hud.ChatHud) [System] [CHAT] Grim » ReymyPidoras failed PacketOrderO* (x234) type=PONG
[20:19:01] [Render thread/INFO] (net.minecraft.client.gui.hud.ChatHud) [System] [CHAT] Grim » ReymyPidoras failed PacketOrderO* (x235) type=PONG
[20:19:01] [Render thread/INFO] (net.minecraft.client.gui.hud.ChatHud) [System] [CHAT] Grim » ReymyPidoras failed PacketOrderO* (x236) type=PONG
[20:19:01] [Render thread/INFO] (net.minecraft.client.gui.hud.ChatHud) [System] [CHAT] Grim » ReymyPidoras failed PacketOrderO* (x237) type=PONG
[20:19:01] [Render thread/INFO] (net.minecraft.client.gui.hud.ChatHud) [System] [CHAT] Grim » ReymyPidoras failed PacketOrderO* (x238) type=PONG
[20:19:01] [Render thread/INFO] (net.minecraft.client.gui.hud.ChatHud) [System] [CHAT] Grim » ReymyPidoras failed PacketOrderO* (x239) type=PONG
[20:19:01] [Render thread/INFO] (net.minecraft.client.gui.hud.ChatHud) [System] [CHAT] Grim » ReymyPidoras failed PacketOrderO* (x240) type=PONG
[20:19:01] [Render thread/INFO] (net.minecraft.client.gui.hud.ChatHud) [System] [CHAT] Grim » ReymyPidoras failed PacketOrderO* (x241) type=PONG
[20:19:01] [Render thread/INFO] (net.minecraft.client.gui.hud.ChatHud) [System] [CHAT] Grim » ReymyPidoras failed PacketOrderO* (x242) type=PONG
[20:19:01] [Render thread/INFO] (net.minecraft.client.gui.hud.ChatHud) [System] [CHAT] Grim » ReymyPidoras failed TickTimer (x10) type=flying, packets=10
[20:19:01] [Render thread/INFO] (net.minecraft.client.gui.hud.ChatHud) [System] [CHAT] Grim » ReymyPidoras failed NegativeTimer* (x5) -6205
[20:19:01] [Render thread/INFO] (net.minecraft.client.gui.hud.ChatHud) [System] [CHAT] Grim » ReymyPidoras failed PacketOrderO* (x243) type=PONG
[20:19:01] [Render thread/INFO] (net.minecraft.client.gui.hud.ChatHud) [System] [CHAT] Grim » ReymyPidoras failed PacketOrderO* (x244) type=PONG
[20:19:01] [Render thread/INFO] (net.minecraft.client.gui.hud.ChatHud) [System] [CHAT] Grim » ReymyPidoras failed PacketOrderO* (x245) type=TELEPORT_CONFIRM
[20:19:01] [Render thread/INFO] (net.minecraft.client.gui.hud.ChatHud) [System] [CHAT] Grim » ReymyPidoras failed PacketOrderO* (x245) type=PLAYER_POSITION_AND_ROTATION
[20:19:01] [Render thread/INFO] (net.minecraft.client.gui.hud.ChatHud) [System] [CHAT] Grim » ReymyPidoras failed PacketOrderO* (x246) type=PONG
[20:19:01] [Render thread/INFO] (net.minecraft.client.gui.hud.ChatHud) [System] [CHAT] Grim » ReymyPidoras failed PacketOrderO* (x246) type=PONG
[20:19:01] [Render thread/INFO] (net.minecraft.client.gui.hud.ChatHud) [System] [CHAT] Grim » ReymyPidoras failed PacketOrderO* (x247) type=PONG
[20:19:01] [Render thread/INFO] (net.minecraft.client.gui.hud.ChatHud) [System] [CHAT] Grim » ReymyPidoras failed PacketOrderO* (x248) type=PONG
[20:19:01] [Render thread/INFO] (net.minecraft.client.gui.hud.ChatHud) [System] [CHAT] Grim » ReymyPidoras failed PacketOrderO* (x249) type=PONG
[20:19:01] [Render thread/INFO] (net.minecraft.client.gui.hud.ChatHud) [System] [CHAT] Grim » ReymyPidoras failed PacketOrderO* (x250) type=PONG
[20:19:01] [Render thread/INFO] (net.minecraft.client.gui.hud.ChatHud) [System] [CHAT] Grim » ReymyPidoras failed PacketOrderO* (x251) type=PONG
[20:19:01] [Render thread/INFO] (net.minecraft.client.gui.hud.ChatHud) [System] [CHAT] Grim » ReymyPidoras failed PacketOrderO* (x252) type=PONG
[20:19:02] [Render thread/INFO] (net.minecraft.client.gui.hud.ChatHud) [System] [CHAT] Grim » ReymyPidoras failed PacketOrderO* (x253) type=PONG
[20:19:02] [Render thread/INFO] (net.minecraft.client.gui.hud.ChatHud) [System] [CHAT] Grim » ReymyPidoras failed PacketOrderO* (x254) type=PONG
[20:19:02] [Render thread/INFO] (net.minecraft.client.gui.hud.ChatHud) [System] [CHAT] Grim » ReymyPidoras failed PacketOrderO* (x255) type=PONG
[20:19:02] [Render thread/INFO] (net.minecraft.client.gui.hud.ChatHud) [System] [CHAT] Grim » ReymyPidoras failed PacketOrderO* (x256) type=PONG
[20:19:02] [Render thread/INFO] (net.minecraft.client.gui.hud.ChatHud) [System] [CHAT] Grim » ReymyPidoras failed PacketOrderO* (x257) type=PONG
[20:19:02] [Render thread/INFO] (net.minecraft.client.gui.hud.ChatHud) [System] [CHAT] Grim » ReymyPidoras failed PacketOrderO* (x258) type=PONG
[20:19:02] [Render thread/INFO] (net.minecraft.client.gui.hud.ChatHud) [System] [CHAT] Grim » ReymyPidoras failed PacketOrderO* (x259) type=PONG
[20:19:02] [Render thread/INFO] (net.minecraft.client.gui.hud.ChatHud) [System] [CHAT] Grim » ReymyPidoras failed PacketOrderO* (x260) type=PONG
[20:19:02] [Render thread/INFO] (net.minecraft.client.gui.hud.ChatHud) [System] [CHAT] Grim » ReymyPidoras failed PacketOrderO* (x261) type=PONG
[20:19:02] [Render thread/INFO] (net.minecraft.client.gui.hud.ChatHud) [System] [CHAT] Grim » ReymyPidoras failed PacketOrderO* (x262) type=PONG
[20:19:02] [Render thread/INFO] (net.minecraft.client.gui.hud.ChatHud) [System] [CHAT] Grim » ReymyPidoras failed PacketOrderO* (x263) type=PONG
[20:19:02] [Render thread/INFO] (net.minecraft.client.gui.hud.ChatHud) [System] [CHAT] Grim » ReymyPidoras failed PacketOrderO* (x264) type=PONG
[20:19:02] [Render thread/INFO] (net.minecraft.client.gui.hud.ChatHud) [System] [CHAT] Grim » ReymyPidoras failed PacketOrderO* (x265) type=PONG
[20:19:02] [Render thread/INFO] (net.minecraft.client.gui.hud.ChatHud) [System] [CHAT] Grim » ReymyPidoras failed PacketOrderO* (x266) type=PONG
[20:19:02] [Render thread/INFO] (net.minecraft.client.gui.hud.ChatHud) [System] [CHAT] Grim » ReymyPidoras failed TickTimer (x11) type=flying, packets=11
[20:19:02] [Render thread/INFO] (net.minecraft.client.gui.hud.ChatHud) [System] [CHAT] Grim » ReymyPidoras failed NegativeTimer* (x6) -7103
[20:19:02] [Render thread/INFO] (net.minecraft.client.gui.hud.ChatHud) [System] [CHAT] Grim » ReymyPidoras failed PacketOrderO* (x267) type=PONG
[20:19:02] [Render thread/INFO] (net.minecraft.client.gui.hud.ChatHud) [System] [CHAT] Grim » ReymyPidoras failed PacketOrderO* (x268) type=PONG
[20:19:02] [Render thread/INFO] (net.minecraft.client.gui.hud.ChatHud) [System] [CHAT] Grim » ReymyPidoras failed PacketOrderO* (x269) type=TELEPORT_CONFIRM
[20:19:02] [Render thread/INFO] (net.minecraft.client.gui.hud.ChatHud) [System] [CHAT] Grim » ReymyPidoras failed PacketOrderO* (x269) type=PLAYER_POSITION_AND_ROTATION
[20:19:02] [Render thread/INFO] (net.minecraft.client.gui.hud.ChatHud) [System] [CHAT] Grim » ReymyPidoras failed PacketOrderO* (x270) type=PONG
[20:19:02] [Render thread/INFO] (net.minecraft.client.gui.hud.ChatHud) [System] [CHAT] Grim » ReymyPidoras failed PacketOrderO* (x270) type=PONG
[20:19:02] [Render thread/INFO] (net.minecraft.client.gui.hud.ChatHud) [System] [CHAT] Grim » ReymyPidoras failed PacketOrderO* (x271) type=PONG
[20:19:02] [Render thread/INFO] (net.minecraft.client.gui.hud.ChatHud) [System] [CHAT] Grim » ReymyPidoras failed PacketOrderO* (x272) type=PONG
[20:19:02] [Render thread/INFO] (net.minecraft.client.gui.hud.ChatHud) [System] [CHAT] Grim » ReymyPidoras failed PacketOrderO* (x273) type=PONG
[20:19:02] [Render thread/INFO] (net.minecraft.client.gui.hud.ChatHud) [System] [CHAT] Grim » ReymyPidoras failed PacketOrderO* (x274) type=PONG
[20:19:02] [Render thread/INFO] (net.minecraft.client.gui.hud.ChatHud) [System] [CHAT] Grim » ReymyPidoras failed PacketOrderO* (x275) type=PONG
[20:19:02] [Render thread/INFO] (net.minecraft.client.gui.hud.ChatHud) [System] [CHAT] Grim » ReymyPidoras failed PacketOrderO* (x276) type=PONG
[20:19:03] [Render thread/INFO] (net.minecraft.client.gui.hud.ChatHud) [System] [CHAT] Grim » ReymyPidoras failed PacketOrderO* (x277) type=PONG
[20:19:03] [Render thread/INFO] (net.minecraft.client.gui.hud.ChatHud) [System] [CHAT] Grim » ReymyPidoras failed PacketOrderO* (x278) type=PONG
[20:19:03] [Render thread/INFO] (net.minecraft.client.gui.hud.ChatHud) [System] [CHAT] Grim » ReymyPidoras failed PacketOrderO* (x279) type=PONG
[20:19:03] [Render thread/INFO] (net.minecraft.client.gui.hud.ChatHud) [System] [CHAT] Grim » ReymyPidoras failed PacketOrderO* (x280) type=PONG
[20:19:03] [Render thread/INFO] (net.minecraft.client.gui.hud.ChatHud) [System] [CHAT] Grim » ReymyPidoras failed PacketOrderO* (x281) type=PONG
[20:19:03] [Render thread/INFO] (net.minecraft.client.gui.hud.ChatHud) [System] [CHAT] Grim » ReymyPidoras failed PacketOrderO* (x282) type=PONG
[20:19:03] [Render thread/INFO] (net.minecraft.client.gui.hud.ChatHud) [System] [CHAT] Grim » ReymyPidoras failed PacketOrderO* (x283) type=PONG
[20:19:03] [Render thread/INFO] (net.minecraft.client.gui.hud.ChatHud) [System] [CHAT] Grim » ReymyPidoras failed PacketOrderO* (x284) type=PONG
[20:19:03] [Render thread/INFO] (net.minecraft.client.gui.hud.ChatHud) [System] [CHAT] Grim » ReymyPidoras failed PacketOrderO* (x285) type=PONG
[20:19:03] [Render thread/INFO] (net.minecraft.client.gui.hud.ChatHud) [System] [CHAT] Grim » ReymyPidoras failed PacketOrderO* (x286) type=PONG
[20:19:03] [Render thread/INFO] (net.minecraft.client.gui.hud.ChatHud) [System] [CHAT] Grim » ReymyPidoras failed PacketOrderO* (x287) type=PONG
[20:19:03] [Render thread/INFO] (net.minecraft.client.gui.hud.ChatHud) [System] [CHAT] Grim » ReymyPidoras failed PacketOrderO* (x288) type=PONG
[20:19:03] [Render thread/INFO] (net.minecraft.client.gui.hud.ChatHud) [System] [CHAT] Grim » ReymyPidoras failed PacketOrderO* (x289) type=PONG
[20:19:03] [Render thread/INFO] (net.minecraft.client.gui.hud.ChatHud) [System] [CHAT] Grim » ReymyPidoras failed PacketOrderO* (x290) type=PONG
[20:19:03] [Render thread/INFO] (net.minecraft.client.gui.hud.ChatHud) [System] [CHAT] Grim » ReymyPidoras failed TickTimer (x12) type=flying, packets=12
[20:19:03] [Render thread/INFO] (net.minecraft.client.gui.hud.ChatHud) [System] [CHAT] Grim » ReymyPidoras failed NegativeTimer* (x7) -7997
[20:19:03] [Render thread/INFO] (net.minecraft.client.gui.hud.ChatHud) [System] [CHAT] Grim » ReymyPidoras failed PacketOrderO* (x291) type=PONG
[20:19:03] [Render thread/INFO] (net.minecraft.client.gui.hud.ChatHud) [System] [CHAT] Grim » ReymyPidoras failed PacketOrderO* (x292) type=PONG
[20:19:03] [Render thread/INFO] (net.minecraft.client.gui.hud.ChatHud) [System] [CHAT] Grim » ReymyPidoras failed PacketOrderO* (x293) type=TELEPORT_CONFIRM
[20:19:03] [Render thread/INFO] (net.minecraft.client.gui.hud.ChatHud) [System] [CHAT] Grim » ReymyPidoras failed PacketOrderO* (x294) type=PLAYER_POSITION_AND_ROTATION
[20:19:03] [Render thread/INFO] (net.minecraft.client.gui.hud.ChatHud) [System] [CHAT] Grim » ReymyPidoras failed PacketOrderO* (x295) type=PONG
[20:19:03] [Render thread/INFO] (net.minecraft.client.gui.hud.ChatHud) [System] [CHAT] Grim » ReymyPidoras failed PacketOrderO* (x295) type=PONG
[20:19:03] [Render thread/INFO] (net.minecraft.client.gui.hud.ChatHud) [System] [CHAT] Grim » ReymyPidoras failed PacketOrderO* (x296) type=PONG
[20:19:03] [Render thread/INFO] (net.minecraft.client.gui.hud.ChatHud) [System] [CHAT] Grim » ReymyPidoras failed PacketOrderO* (x297) type=PONG
[20:19:03] [Render thread/INFO] (net.minecraft.client.gui.hud.ChatHud) [System] [CHAT] Grim » ReymyPidoras failed PacketOrderO* (x298) type=PONG
[20:19:03] [Render thread/INFO] (net.minecraft.client.gui.hud.ChatHud) [System] [CHAT] Grim » ReymyPidoras failed PacketOrderO* (x299) type=PONG
[20:19:03] [Render thread/INFO] (net.minecraft.client.gui.hud.ChatHud) [System] [CHAT] Grim » ReymyPidoras failed PacketOrderO* (x300) type=PONG
[20:19:03] [Render thread/INFO] (net.minecraft.client.gui.hud.ChatHud) [System] [CHAT] Grim » ReymyPidoras failed PacketOrderO* (x301) type=PONG
[20:19:04] [Render thread/INFO] (net.minecraft.client.gui.hud.ChatHud) [System] [CHAT] Grim » ReymyPidoras failed PacketOrderO* (x302) type=PONG
[20:19:04] [Render thread/INFO] (net.minecraft.client.gui.hud.ChatHud) [System] [CHAT] Grim » ReymyPidoras failed PacketOrderO* (x303) type=PONG
[20:19:04] [Render thread/INFO] (net.minecraft.client.gui.hud.ChatHud) [System] [CHAT] Grim » ReymyPidoras failed PacketOrderO* (x304) type=PONG
[20:19:04] [Render thread/INFO] (net.minecraft.client.gui.hud.ChatHud) [System] [CHAT] Grim » ReymyPidoras failed PacketOrderO* (x304) type=PONG
[20:19:04] [Render thread/INFO] (net.minecraft.client.gui.hud.ChatHud) [System] [CHAT] Grim » ReymyPidoras failed PacketOrderO* (x305) type=PONG
[20:19:04] [Render thread/INFO] (net.minecraft.client.gui.hud.ChatHud) [System] [CHAT] Grim » ReymyPidoras failed PacketOrderO* (x306) type=PONG
[20:19:04] [Render thread/INFO] (net.minecraft.client.gui.hud.ChatHud) [System] [CHAT] Grim » ReymyPidoras failed PacketOrderO* (x307) type=PONG
[20:19:04] [Render thread/INFO] (net.minecraft.client.gui.hud.ChatHud) [System] [CHAT] Grim » ReymyPidoras failed PacketOrderO* (x308) type=PONG
[20:19:04] [Render thread/INFO] (net.minecraft.client.gui.hud.ChatHud) [System] [CHAT] Grim » ReymyPidoras failed PacketOrderO* (x309) type=PONG
[20:19:04] [Render thread/INFO] (net.minecraft.client.gui.hud.ChatHud) [System] [CHAT] Grim » ReymyPidoras failed PacketOrderO* (x310) type=PONG
[20:19:04] [Render thread/INFO] (net.minecraft.client.gui.hud.ChatHud) [System] [CHAT] Grim » ReymyPidoras failed PacketOrderO* (x311) type=PONG
[20:19:04] [Render thread/INFO] (net.minecraft.client.gui.hud.ChatHud) [System] [CHAT] ReymyPidoras left the game
[20:19:05] [Render thread/INFO] (net.minecraft.client.gui.hud.ChatHud) [System] [CHAT] MlPancake left the game
[20:19:21] [Render thread/INFO] (net.minecraft.client.gui.hud.ChatHud) [System] [CHAT] Grim » Player529 failed BadPacketsZ* (x1) 
[20:19:21] [Render thread/INFO] (net.minecraft.client.gui.hud.ChatHud) [System] [CHAT] Grim » Player529 failed BadPacketsZ* (x2) 
[20:19:27] [Render thread/INFO] (net.minecraft.client.gui.hud.ChatHud) [System] [CHAT] Player529 left the game
[20:19:35] [Render thread/INFO] (net.minecraft.client.gui.hud.ChatHud) [System] [CHAT] Player529 joined the game
[20:19:36] [Render thread/INFO] (net.minecraft.client.gui.hud.ChatHud) [System] [CHAT] Grim » Player529 failed Simulation (x1) 284.039898 /gl 99
[20:19:54] [Render thread/INFO] (net.minecraft.client.gui.hud.ChatHud) [System] [CHAT] ReymyPidor joined the game
[20:19:57] [Render thread/INFO] (net.minecraft.client.gui.hud.ChatHud) [System] [CHAT] Grim » Player529 failed Simulation (x2) .030000 /gl 100
[20:19:57] [Render thread/INFO] (net.minecraft.client.gui.hud.ChatHud) [System] [CHAT] Grim » Player529 failed Simulation (x3) .046380 /gl 101
[20:20:01] [Render thread/INFO] (net.minecraft.client.gui.hud.ChatHud) [System] [CHAT] Grim » Player529 failed PacketOrderF* (x1) action=interact, sprinting=true, sneaking=false
[20:20:10] [Render thread/INFO] (net.minecraft.client.gui.hud.ChatHud) [System] [CHAT] Grim » Player529 failed PacketOrderF* (x2) action=interact, sprinting=true, sneaking=false
[20:20:10] [Render thread/INFO] (net.minecraft.client.gui.hud.ChatHud) [System] [CHAT] Grim » Player529 failed PacketOrderF* (x3) action=interact, sprinting=true, sneaking=false
[20:20:25] [Render thread/INFO] (net.minecraft.client.gui.hud.ChatHud) [System] [CHAT] Grim » Player529 failed PacketOrderF* (x4) action=interact, sprinting=true, sneaking=false
[20:20:27] [Render thread/INFO] (net.minecraft.client.gui.hud.ChatHud) [System] [CHAT] The scaffold area is going to be cleared in 60 seconds
[20:20:28] [Render thread/INFO] (net.minecraft.client.gui.hud.ChatHud) [System] [CHAT] Grim » Player529 failed PacketOrderF* (x5) action=interact, sprinting=true, sneaking=false
[20:20:28] [Render thread/INFO] (net.minecraft.client.gui.hud.ChatHud) [System] [CHAT] Grim » Player529 failed PacketOrderF* (x6) action=interact, sprinting=true, sneaking=false
[20:20:50] [Render thread/INFO] (net.minecraft.client.gui.hud.ChatHud) [System] [CHAT] Player690 joined the game
[20:20:50] [Render thread/INFO] (net.minecraft.client.gui.hud.ChatHud) [System] [CHAT] Player690 left the game
[20:20:57] [Render thread/INFO] (net.minecraft.client.gui.hud.ChatHud) [System] [CHAT] The scaffold area is going to be cleared in 30 seconds
[20:21:01] [Render thread/INFO] (net.minecraft.client.gui.hud.ChatHud) [System] [CHAT] Grim » Player529 failed PacketOrderF* (x7) action=interact, sprinting=true, sneaking=false
[20:21:03] [Render thread/INFO] (net.minecraft.client.gui.hud.ChatHud) [System] [CHAT] Grim » Player529 failed PacketOrderF* (x8) action=interact, sprinting=true, sneaking=false
[20:21:04] [Render thread/INFO] (net.minecraft.client.gui.hud.ChatHud) [System] [CHAT] Grim » Player529 failed PacketOrderF* (x9) action=interact, sprinting=true, sneaking=false
[20:21:04] [Render thread/INFO] (net.minecraft.client.gui.hud.ChatHud) [System] [CHAT] Grim » Player529 failed PacketOrderF* (x10) action=interact, sprinting=true, sneaking=false
[20:21:09] [Render thread/INFO] (net.minecraft.client.gui.hud.ChatHud) [System] [CHAT] MoKayiiDia joined the game
[20:21:15] [Render thread/INFO] (net.minecraft.client.gui.hud.ChatHud) [System] [CHAT] Grim » MoKayiiDia failed AimModulo360 (x1) 
[20:21:16] [Render thread/INFO] (net.minecraft.client.gui.hud.ChatHud) [System] [CHAT] Grim » MoKayiiDia failed AimModulo360 (x2) 
[20:21:17] [Render thread/INFO] (net.minecraft.client.gui.hud.ChatHud) [System] [CHAT] The scaffold area is going to be cleared in 10 seconds
[20:21:17] [Render thread/INFO] (net.minecraft.client.gui.hud.ChatHud) [System] [CHAT] Grim » MoKayiiDia failed AimModulo360 (x3) 
[20:21:19] [Render thread/INFO] (net.minecraft.client.gui.hud.ChatHud) [System] [CHAT] Grim » MoKayiiDia failed AimModulo360 (x4) 
[20:21:20] [Render thread/INFO] (net.minecraft.client.gui.hud.ChatHud) [System] [CHAT] Grim » MoKayiiDia failed AimModulo360 (x5) 
[20:21:21] [Render thread/INFO] (net.minecraft.client.gui.hud.ChatHud) [System] [CHAT] Grim » MoKayiiDia failed AimModulo360 (x6) 
[20:21:22] [Render thread/INFO] (net.minecraft.client.gui.hud.ChatHud) [System] [CHAT] Grim » MoKayiiDia failed AimModulo360 (x7) 
[20:21:27] [Render thread/INFO] (net.minecraft.client.gui.hud.ChatHud) [System] [CHAT] The scaffold area has been cleared
[20:21:41] [Render thread/INFO] (net.minecraft.client.gui.hud.ChatHud) [System] [CHAT] Grim » MoKayiiDia failed AimModulo360 (x8) 
[20:21:44] [Render thread/INFO] (net.minecraft.client.gui.hud.ChatHud) [System] [CHAT] Grim » MoKayiiDia failed AimModulo360 (x9) 
[20:21:45] [Render thread/INFO] (net.minecraft.client.gui.hud.ChatHud) [System] [CHAT] Grim » MoKayiiDia failed AimModulo360 (x10) 
[20:21:54] [Render thread/INFO] (net.minecraft.client.gui.hud.ChatHud) [System] [CHAT] Grim » MoKayiiDia failed AimModulo360 (x11) 
[20:22:05] [Render thread/INFO] (net.minecraft.client.gui.hud.ChatHud) [System] [CHAT] Grim » MoKayiiDia failed AimModulo360 (x12) 
[20:22:09] [Render thread/INFO] (net.minecraft.client.gui.hud.ChatHud) [System] [CHAT] Grim » MoKayiiDia failed AimModulo360 (x13) 
[20:22:11] [Render thread/INFO] (net.minecraft.client.gui.hud.ChatHud) [System] [CHAT] Grim » MoKayiiDia failed AimModulo360 (x14) 
[20:22:11] [Render thread/INFO] (net.minecraft.client.gui.hud.ChatHud) [System] [CHAT] Grim » MoKayiiDia failed AimModulo360 (x15) 
[20:22:13] [Render thread/INFO] (net.minecraft.client.gui.hud.ChatHud) [System] [CHAT] Grim » MoKayiiDia failed AimModulo360 (x16) 
[20:22:17] [Render thread/INFO] (net.minecraft.client.gui.hud.ChatHud) [System] [CHAT] Grim » MoKayiiDia failed AimModulo360 (x17) 
[20:22:20] [Render thread/INFO] (net.minecraft.client.gui.hud.ChatHud) [System] [CHAT] Grim » MoKayiiDia failed AimModulo360 (x18) 
[20:22:22] [Render thread/INFO] (net.minecraft.client.gui.hud.ChatHud) [System] [CHAT] Grim » MoKayiiDia failed AimModulo360 (x19) 
[20:22:25] [Render thread/INFO] (net.minecraft.client.gui.hud.ChatHud) [System] [CHAT] Grim » MoKayiiDia failed AimModulo360 (x20) 
[20:22:28] [Render thread/INFO] (net.minecraft.client.gui.hud.ChatHud) [System] [CHAT] Grim » MoKayiiDia failed AimModulo360 (x21) 
[20:22:33] [Render thread/INFO] (net.minecraft.client.gui.hud.ChatHud) [System] [CHAT] D0x0RSwaT joined the game
[20:22:39] [Render thread/INFO] (net.minecraft.client.gui.hud.ChatHud) [System] [CHAT] RTqyiw joined the game
[20:22:39] [Render thread/INFO] (net.minecraft.client.gui.hud.ChatHud) [System] [CHAT] Grim » MoKayiiDia failed AimModulo360 (x22) 
[20:22:50] [Render thread/INFO] (net.minecraft.client.gui.hud.ChatHud) [System] [CHAT] dsfauweaf left the game
[20:23:17] [Render thread/INFO] (net.minecraft.client.gui.hud.ChatHud) [System] [CHAT] Grim » Player529 failed PacketOrderF* (x11) action=interact, sprinting=true, sneaking=false
[20:23:19] [Render thread/INFO] (net.minecraft.client.gui.hud.ChatHud) [System] [CHAT] Grim » Player529 failed PacketOrderF* (x12) action=interact, sprinting=true, sneaking=false
[20:23:19] [Render thread/INFO] (net.minecraft.client.gui.hud.ChatHud) [System] [CHAT] Grim » Player529 failed PacketOrderF* (x13) action=interact, sprinting=true, sneaking=false
[20:23:20] [Render thread/INFO] (net.minecraft.client.gui.hud.ChatHud) [System] [CHAT] Grim » Player529 failed PacketOrderF* (x14) action=interact, sprinting=true, sneaking=false
[20:23:28] [Render thread/INFO] (net.minecraft.client.gui.hud.ChatHud) [System] [CHAT] mishanyakras12 joined the game
[20:23:30] [Render thread/INFO] (net.minecraft.client.gui.hud.ChatHud) [System] [CHAT] Grim » mishanyakras12 failed MultiActionsC (x1) input
[20:23:30] [Render thread/INFO] (net.minecraft.client.gui.hud.ChatHud) [System] [CHAT] Grim » mishanyakras12 failed PacketOrderO* (x1) type=CLICK_WINDOW
[20:23:30] [Render thread/INFO] (net.minecraft.client.gui.hud.ChatHud) [System] [CHAT] Grim » mishanyakras12 failed PacketOrderO* (x2) type=USE_ITEM
[20:23:30] [Render thread/INFO] (net.minecraft.client.gui.hud.ChatHud) [System] [CHAT] Grim » mishanyakras12 failed Post (x1) use item v1.21.4
[20:23:30] [Render thread/INFO] (net.minecraft.client.gui.hud.ChatHud) [System] [CHAT] Grim » mishanyakras12 failed MultiActionsC (x2) input
[20:23:30] [Render thread/INFO] (net.minecraft.client.gui.hud.ChatHud) [System] [CHAT] Grim » mishanyakras12 failed PacketOrderO* (x3) type=CLICK_WINDOW
[20:23:30] [Render thread/INFO] (net.minecraft.client.gui.hud.ChatHud) [System] [CHAT] Grim » mishanyakras12 failed MultiActionsC (x3) input
[20:23:30] [Render thread/INFO] (net.minecraft.client.gui.hud.ChatHud) [System] [CHAT] Grim » mishanyakras12 failed PacketOrderO* (x4) type=CLICK_WINDOW
[20:23:32] [Render thread/INFO] (net.minecraft.client.gui.hud.ChatHud) [System] [CHAT] Grim » mishanyakras12 failed MultiActionsC (x4) input
[20:23:32] [Render thread/INFO] (net.minecraft.client.gui.hud.ChatHud) [System] [CHAT] Grim » mishanyakras12 failed PacketOrderO* (x5) type=CLICK_WINDOW
[20:23:32] [Render thread/INFO] (net.minecraft.client.gui.hud.ChatHud) [System] [CHAT] Grim » mishanyakras12 failed PacketOrderO* (x6) type=USE_ITEM
[20:23:32] [Render thread/INFO] (net.minecraft.client.gui.hud.ChatHud) [System] [CHAT] Grim » mishanyakras12 failed MultiActionsC (x5) input
[20:23:32] [Render thread/INFO] (net.minecraft.client.gui.hud.ChatHud) [System] [CHAT] Grim » mishanyakras12 failed PacketOrderO* (x7) type=CLICK_WINDOW
[20:23:32] [Render thread/INFO] (net.minecraft.client.gui.hud.ChatHud) [System] [CHAT] Grim » mishanyakras12 failed MultiActionsC (x6) input
[20:23:32] [Render thread/INFO] (net.minecraft.client.gui.hud.ChatHud) [System] [CHAT] Grim » mishanyakras12 failed PacketOrderO* (x8) type=CLICK_WINDOW
[20:23:33] [Render thread/INFO] (net.minecraft.client.gui.hud.ChatHud) [System] [CHAT] Grim » mishanyakras12 failed MultiActionsC (x7) input
[20:23:33] [Render thread/INFO] (net.minecraft.client.gui.hud.ChatHud) [System] [CHAT] Grim » mishanyakras12 failed PacketOrderO* (x9) type=CLICK_WINDOW
[20:23:33] [Render thread/INFO] (net.minecraft.client.gui.hud.ChatHud) [System] [CHAT] Grim » mishanyakras12 failed PacketOrderO* (x10) type=USE_ITEM
[20:23:33] [Render thread/INFO] (net.minecraft.client.gui.hud.ChatHud) [System] [CHAT] Grim » mishanyakras12 failed Post (x2) use item v1.21.4
[20:23:33] [Render thread/INFO] (net.minecraft.client.gui.hud.ChatHud) [System] [CHAT] Grim » mishanyakras12 failed MultiActionsC (x8) input
[20:23:33] [Render thread/INFO] (net.minecraft.client.gui.hud.ChatHud) [System] [CHAT] Grim » mishanyakras12 failed PacketOrderO* (x11) type=CLICK_WINDOW
[20:23:33] [Render thread/INFO] (net.minecraft.client.gui.hud.ChatHud) [System] [CHAT] Grim » mishanyakras12 failed MultiActionsC (x9) input
[20:23:33] [Render thread/INFO] (net.minecraft.client.gui.hud.ChatHud) [System] [CHAT] Grim » mishanyakras12 failed PacketOrderO* (x12) type=CLICK_WINDOW
[20:23:34] [Render thread/INFO] (net.minecraft.client.gui.hud.ChatHud) [System] [CHAT] Grim » mishanyakras12 failed MultiActionsC (x10) input
[20:23:34] [Render thread/INFO] (net.minecraft.client.gui.hud.ChatHud) [System] [CHAT] Grim » mishanyakras12 failed PacketOrderO* (x13) type=CLICK_WINDOW
[20:23:34] [Render thread/INFO] (net.minecraft.client.gui.hud.ChatHud) [System] [CHAT] Grim » mishanyakras12 failed PacketOrderO* (x14) type=USE_ITEM
[20:23:34] [Render thread/INFO] (net.minecraft.client.gui.hud.ChatHud) [System] [CHAT] Grim » mishanyakras12 failed Post (x3) use item v1.21.4
[20:23:34] [Render thread/INFO] (net.minecraft.client.gui.hud.ChatHud) [System] [CHAT] Grim » mishanyakras12 failed MultiActionsC (x11) input
[20:23:34] [Render thread/INFO] (net.minecraft.client.gui.hud.ChatHud) [System] [CHAT] Grim » mishanyakras12 failed PacketOrderO* (x15) type=CLICK_WINDOW
[20:23:34] [Render thread/INFO] (net.minecraft.client.gui.hud.ChatHud) [System] [CHAT] Grim » mishanyakras12 failed MultiActionsC (x12) input
[20:23:34] [Render thread/INFO] (net.minecraft.client.gui.hud.ChatHud) [System] [CHAT] Grim » mishanyakras12 failed PacketOrderO* (x16) type=CLICK_WINDOW
[20:23:35] [Render thread/INFO] (net.minecraft.client.gui.hud.ChatHud) [System] [CHAT] Grim » Player529 failed BadPacketsL (x1) pos=0, 0, 0, face=NORTH, sequence=0, action=drop_item_stack
[20:23:35] [Render thread/INFO] (net.minecraft.client.gui.hud.ChatHud) [System] [CHAT] Grim » Player529 failed PacketOrderG* (x1) action=drop, attacking=false, releasing=false, rightClicking=true, picking=false, digging=false
[20:23:36] [Render thread/INFO] (net.minecraft.client.gui.hud.ChatHud) [System] [CHAT] ItzMvl1xr joined the game
[20:23:37] [Render thread/INFO] (net.minecraft.client.gui.hud.ChatHud) [System] [CHAT] Grim » mishanyakras12 failed PacketOrderO* (x17) type=USE_ITEM
[20:23:37] [Render thread/INFO] (net.minecraft.client.gui.hud.ChatHud) [System] [CHAT] Grim » mishanyakras12 failed Post (x4) use item v1.21.4
[20:23:39] [Render thread/INFO] (net.minecraft.client.gui.hud.ChatHud) [System] [CHAT] Grim » mishanyakras12 failed PacketOrderO* (x18) type=USE_ITEM
[20:23:39] [Render thread/INFO] (net.minecraft.client.gui.hud.ChatHud) [System] [CHAT] Grim » mishanyakras12 failed Post (x5) use item v1.21.4
[20:23:40] [Render thread/INFO] (net.minecraft.client.gui.hud.ChatHud) [System] [CHAT] Grim » Player529 failed BadPacketsL (x2) pos=0, 0, 0, face=WEST, sequence=0, action=drop_item_stack
[20:23:40] [Render thread/INFO] (net.minecraft.client.gui.hud.ChatHud) [System] [CHAT] Grim » Player529 failed PacketOrderG* (x2) action=drop, attacking=false, releasing=false, rightClicking=true, picking=false, digging=false
[20:23:40] [Render thread/INFO] (net.minecraft.client.gui.hud.ChatHud) [System] [CHAT] Grim » mishanyakras12 failed PacketOrderO* (x19) type=USE_ITEM
[20:23:42] [Render thread/INFO] (net.minecraft.client.gui.hud.ChatHud) [System] [CHAT] Grim » mishanyakras12 failed PacketOrderO* (x20) type=USE_ITEM
[20:23:42] [Render thread/INFO] (net.minecraft.client.gui.hud.ChatHud) [System] [CHAT] Grim » mishanyakras12 failed Post (x6) use item v1.21.4
[20:23:42] [Render thread/INFO] (net.minecraft.client.gui.hud.ChatHud) [System] [CHAT] Grim » mishanyakras12 failed BadPacketsJ (x1) 
[20:23:43] [Render thread/INFO] (net.minecraft.client.gui.hud.ChatHud) [System] [CHAT] Grim » Player529 failed BadPacketsL (x3) pos=0, 0, 0, face=SOUTH, sequence=0, action=drop_item_stack
[20:23:43] [Render thread/INFO] (net.minecraft.client.gui.hud.ChatHud) [System] [CHAT] Grim » Player529 failed PacketOrderG* (x3) action=drop, attacking=false, releasing=false, rightClicking=true, picking=false, digging=false
[20:23:45] [Render thread/INFO] (net.minecraft.client.gui.hud.ChatHud) [System] [CHAT] Grim » Player529 failed BadPacketsL (x4) pos=0, 0, 0, face=SOUTH, sequence=0, action=drop_item_stack
[20:23:45] [Render thread/INFO] (net.minecraft.client.gui.hud.ChatHud) [System] [CHAT] Grim » Player529 failed PacketOrderG* (x4) action=drop, attacking=false, releasing=false, rightClicking=true, picking=false, digging=false
[20:23:46] [Render thread/INFO] (net.minecraft.client.gui.hud.ChatHud) [System] [CHAT] Grim » mishanyakras12 failed MultiActionsC (x13) input
[20:23:46] [Render thread/INFO] (net.minecraft.client.gui.hud.ChatHud) [System] [CHAT] Grim » mishanyakras12 failed PacketOrderO* (x21) type=CLICK_WINDOW
[20:23:46] [Render thread/INFO] (net.minecraft.client.gui.hud.ChatHud) [System] [CHAT] Grim » mishanyakras12 failed PacketOrderO* (x22) type=USE_ITEM
[20:23:46] [Render thread/INFO] (net.minecraft.client.gui.hud.ChatHud) [System] [CHAT] Grim » mishanyakras12 failed BadPacketsJ (x2) 
[20:23:46] [Render thread/INFO] (net.minecraft.client.gui.hud.ChatHud) [System] [CHAT] Grim » mishanyakras12 failed MultiActionsC (x14) input
[20:23:46] [Render thread/INFO] (net.minecraft.client.gui.hud.ChatHud) [System] [CHAT] Grim » mishanyakras12 failed PacketOrderO* (x23) type=CLICK_WINDOW
[20:23:46] [Render thread/INFO] (net.minecraft.client.gui.hud.ChatHud) [System] [CHAT] Grim » mishanyakras12 failed MultiActionsC (x15) input
[20:23:46] [Render thread/INFO] (net.minecraft.client.gui.hud.ChatHud) [System] [CHAT] Grim » mishanyakras12 failed PacketOrderO* (x24) type=CLICK_WINDOW
[20:23:46] [Render thread/DEBUG] (FabricLoader/Mixin) Mixing ChunkRendererRegionMixin from fabric-rendering-data-attachment-v1.client.mixins.json into net.minecraft.client.render.chunk.ChunkRendererRegion
[20:23:46] [Render thread/DEBUG] (FabricLoader/Mixin) Mixing ChunkRendererRegionMixin from fabric-block-view-api-v2.client.mixins.json into net.minecraft.client.render.chunk.ChunkRendererRegion
[20:23:46] [Render thread/DEBUG] (FabricLoader/Mixin) Mixing ChunkRendererRegionMixin from fabric-renderer-indigo.mixins.json into net.minecraft.client.render.chunk.ChunkRendererRegion
[20:23:47] [Render thread/DEBUG] (com.mojang.blaze3d.systems.RenderSystem) Growing IndexBuffer: Old limit 0, new limit 312.
[20:23:47] [Render thread/DEBUG] (FabricLoader/Mixin) Mixing ServerRecipeManagerMixin from fabric-recipe-api-v1.mixins.json into net.minecraft.recipe.ServerRecipeManager
[20:23:47] [Render thread/DEBUG] (FabricLoader/Mixin) Mixing KeyedResourceReloadListenerMixin from fabric-resource-loader-v0.mixins.json into net.minecraft.recipe.ServerRecipeManager
[20:23:47] [Render thread/DEBUG] (FabricLoader/Mixin) Mixing ServerRecipeManagerMixin from fabric-resource-loader-v0.mixins.json into net.minecraft.recipe.ServerRecipeManager
[20:23:47] [Render thread/DEBUG] (FabricLoader/Mixin) Renaming @Unique field registriesLnet/minecraft/registry/RegistryWrapper$WrapperLookup; to fd24ae71$fabric-resource-loader-v0$registries$0 in fabric-resource-loader-v0.mixins.json:ServerRecipeManagerMixin from mod fabric-resource-loader-v0
[20:23:47] [Render thread/DEBUG] (FabricLoader/Mixin) fabric-resource-loader-v0.mixins.json:ServerRecipeManagerMixin from mod fabric-resource-loader-v0->@Inject::init(Lnet/minecraft/registry/RegistryWrapper$WrapperLookup;Lorg/spongepowered/asm/mixin/injection/callback/CallbackInfo;)V doesn't use it's CallbackInfo
[20:23:47] [Render thread/DEBUG] (FabricLoader/Mixin) fabric-resource-loader-v0.mixins.json:ServerRecipeManagerMixin from mod fabric-resource-loader-v0->@Inject::init(Lnet/minecraft/registry/RegistryWrapper$WrapperLookup;Lorg/spongepowered/asm/mixin/injection/callback/CallbackInfo;)V has 0 override(s) in child classes
[20:23:47] [Render thread/DEBUG] (FabricLoader/Mixin) fabric-resource-loader-v0.mixins.json:ServerRecipeManagerMixin from mod fabric-resource-loader-v0->@Inject::init(Lnet/minecraft/registry/RegistryWrapper$WrapperLookup;Lorg/spongepowered/asm/mixin/injection/callback/CallbackInfo;)V won't be passed a CallbackInfo as a result
[20:23:47] [Render thread/INFO] (net.minecraft.client.gui.hud.ChatHud) [System] [CHAT] Grim » mishanyakras12 failed MultiActionsC (x16) input
[20:23:47] [Render thread/INFO] (net.minecraft.client.gui.hud.ChatHud) [System] [CHAT] Grim » mishanyakras12 failed PacketOrderO* (x25) type=CLICK_WINDOW
[20:23:47] [Render thread/DEBUG] (FabricLoader/Mixin) Mixing LandPathNodeMakerMixin from fabric-content-registries-v0.mixins.json into net.minecraft.entity.ai.pathing.LandPathNodeMaker
[20:23:47] [Render thread/DEBUG] (FabricLoader/Mixin) fabric-content-registries-v0.mixins.json:LandPathNodeMakerMixin from mod fabric-content-registries-v0->@Inject::getCommonNodeType(Lnet/minecraft/world/BlockView;Lnet/minecraft/util/math/BlockPos;Lorg/spongepowered/asm/mixin/injection/callback/CallbackInfoReturnable;)V does use it's CallbackInfoReturnable
[20:23:47] [Render thread/INFO] (net.minecraft.client.gui.hud.ChatHud) [System] [CHAT] Grim » mishanyakras12 failed PacketOrderO* (x26) type=USE_ITEM
[20:23:47] [Render thread/DEBUG] (com.mojang.blaze3d.systems.RenderSystem) Growing IndexBuffer: Old limit 312, new limit 1092.
[20:23:47] [Render thread/INFO] (net.minecraft.client.gui.hud.ChatHud) [System] [CHAT] Grim » mishanyakras12 failed Post (x7) use item v1.21.4
[20:23:47] [Render thread/INFO] (net.minecraft.client.gui.hud.ChatHud) [System] [CHAT] Grim » mishanyakras12 failed BadPacketsJ (x3) 
[20:23:47] [Render thread/INFO] (net.minecraft.client.gui.hud.ChatHud) [System] [CHAT] Grim » mishanyakras12 failed PacketOrderO* (x27) type=CLICK_WINDOW
[20:23:47] [Render thread/INFO] (net.minecraft.client.gui.hud.ChatHud) [System] [CHAT] Grim » mishanyakras12 failed PacketOrderO* (x28) type=CLICK_WINDOW
[20:23:47] [Render thread/DEBUG] (FabricLoader/Mixin) Mixing client.ChatInputSuggestorMixin from vurstvisual.mixins.json into net.minecraft.client.gui.screen.ChatInputSuggestor
[20:23:47] [Render thread/DEBUG] (FabricLoader/Mixin) Renaming synthetic method lambda$refreshHook$0()V to md24ae71$vurstvisual$lambda$refreshHook$0$0 in vurstvisual.mixins.json:client.ChatInputSuggestorMixin from mod vurstvisual
[20:23:47] [Render thread/DEBUG] (FabricLoader/Mixin) vurstvisual.mixins.json:client.ChatInputSuggestorMixin from mod vurstvisual->@Inject::refreshHook(Lorg/spongepowered/asm/mixin/injection/callback/CallbackInfo;Ljava/lang/String;Lcom/mojang/brigadier/StringReader;)V does use it's CallbackInfo
[20:23:48] [Render thread/INFO] (net.minecraft.client.gui.hud.ChatHud) [System] [CHAT] Grim » mishanyakras12 failed PacketOrderO* (x29) type=USE_ITEM
[20:23:51] [Render thread/INFO] (net.minecraft.client.gui.hud.ChatHud) [System] [CHAT] Grim » Player529 failed BadPacketsL (x5) pos=0, 0, 0, face=SOUTH, sequence=0, action=drop_item_stack
[20:23:53] [Render thread/INFO] (net.minecraft.client.gui.hud.ChatHud) [System] [CHAT] Grim » mishanyakras12 failed MultiActionsC (x17) input
[20:23:53] [Render thread/INFO] (net.minecraft.client.gui.hud.ChatHud) [System] [CHAT] Grim » mishanyakras12 failed PacketOrderO* (x30) type=CLICK_WINDOW
[20:23:53] [Render thread/INFO] (net.minecraft.client.gui.hud.ChatHud) [System] [CHAT] Grim » mishanyakras12 failed PacketOrderO* (x31) type=USE_ITEM
[20:23:53] [Render thread/INFO] (net.minecraft.client.gui.hud.ChatHud) [System] [CHAT] Grim » mishanyakras12 failed MultiActionsC (x18) input
[20:23:53] [Render thread/INFO] (net.minecraft.client.gui.hud.ChatHud) [System] [CHAT] Grim » mishanyakras12 failed PacketOrderO* (x32) type=CLICK_WINDOW
[20:23:53] [Render thread/INFO] (net.minecraft.client.gui.hud.ChatHud) [System] [CHAT] Grim » mishanyakras12 failed MultiActionsC (x19) input
[20:23:53] [Render thread/INFO] (net.minecraft.client.gui.hud.ChatHud) [System] [CHAT] Grim » mishanyakras12 failed PacketOrderO* (x33) type=CLICK_WINDOW
[20:23:54] [Render thread/INFO] (net.minecraft.client.gui.hud.ChatHud) [System] [CHAT] Grim » Player529 failed BadPacketsL (x6) pos=0, 0, 0, face=EAST, sequence=0, action=drop_item_stack
[20:23:54] [Render thread/INFO] (net.minecraft.client.gui.hud.ChatHud) [System] [CHAT] Grim » Player529 failed PacketOrderG* (x5) action=drop, attacking=false, releasing=false, rightClicking=true, picking=false, digging=false
[20:23:54] [Render thread/INFO] (net.minecraft.client.gui.hud.ChatHud) [System] [CHAT] Grim » mishanyakras12 failed MultiActionsC (x20) input
[20:23:54] [Render thread/INFO] (net.minecraft.client.gui.hud.ChatHud) [System] [CHAT] Grim » mishanyakras12 failed PacketOrderO* (x34) type=CLICK_WINDOW
[20:23:54] [Render thread/INFO] (net.minecraft.client.gui.hud.ChatHud) [System] [CHAT] Grim » mishanyakras12 failed PacketOrderO* (x35) type=USE_ITEM
[20:23:54] [Render thread/INFO] (net.minecraft.client.gui.hud.ChatHud) [System] [CHAT] Grim » mishanyakras12 failed MultiActionsC (x21) input
[20:23:54] [Render thread/INFO] (net.minecraft.client.gui.hud.ChatHud) [System] [CHAT] Grim » mishanyakras12 failed PacketOrderO* (x36) type=CLICK_WINDOW
[20:23:54] [Render thread/INFO] (net.minecraft.client.gui.hud.ChatHud) [System] [CHAT] Grim » mishanyakras12 failed MultiActionsC (x22) input
[20:23:54] [Render thread/INFO] (net.minecraft.client.gui.hud.ChatHud) [System] [CHAT] Grim » mishanyakras12 failed PacketOrderO* (x37) type=CLICK_WINDOW
[20:23:55] [Render thread/INFO] (net.minecraft.client.gui.hud.ChatHud) [System] [CHAT] Grim » Player529 failed BadPacketsL (x7) pos=0, 0, 0, face=WEST, sequence=0, action=drop_item_stack
[20:23:55] [Render thread/INFO] (net.minecraft.client.gui.hud.ChatHud) [System] [CHAT] Grim » Player529 failed PacketOrderG* (x6) action=drop, attacking=false, releasing=false, rightClicking=true, picking=false, digging=false
[20:23:55] [Render thread/INFO] (net.minecraft.client.gui.hud.ChatHud) [System] [CHAT] Grim » mishanyakras12 failed MultiActionsC (x23) input
[20:23:55] [Render thread/INFO] (net.minecraft.client.gui.hud.ChatHud) [System] [CHAT] Grim » mishanyakras12 failed PacketOrderO* (x38) type=CLICK_WINDOW
[20:23:55] [Render thread/INFO] (net.minecraft.client.gui.hud.ChatHud) [System] [CHAT] Grim » mishanyakras12 failed PacketOrderO* (x39) type=USE_ITEM
[20:23:55] [Render thread/INFO] (net.minecraft.client.gui.hud.ChatHud) [System] [CHAT] Grim » mishanyakras12 failed Post (x8) use item v1.21.4
[20:23:55] [Render thread/INFO] (net.minecraft.client.gui.hud.ChatHud) [System] [CHAT] Grim » mishanyakras12 failed MultiActionsC (x24) input
[20:23:55] [Render thread/INFO] (net.minecraft.client.gui.hud.ChatHud) [System] [CHAT] Grim » mishanyakras12 failed PacketOrderO* (x40) type=CLICK_WINDOW
[20:23:55] [Render thread/INFO] (net.minecraft.client.gui.hud.ChatHud) [System] [CHAT] Grim » mishanyakras12 failed MultiActionsC (x25) input
[20:23:55] [Render thread/INFO] (net.minecraft.client.gui.hud.ChatHud) [System] [CHAT] Grim » mishanyakras12 failed PacketOrderO* (x41) type=CLICK_WINDOW
[20:23:56] [Render thread/INFO] (net.minecraft.client.gui.hud.ChatHud) [System] [CHAT] Grim » Player529 failed BadPacketsL (x8) pos=0, 0, 0, face=EAST, sequence=0, action=drop_item_stack
[20:23:56] [Render thread/INFO] (net.minecraft.client.gui.hud.ChatHud) [System] [CHAT] Grim » Player529 failed PacketOrderG* (x7) action=drop, attacking=false, releasing=false, rightClicking=true, picking=false, digging=false
[20:23:56] [Render thread/INFO] (net.minecraft.client.gui.hud.ChatHud) [System] [CHAT] Grim » Player529 failed BadPacketsL (x9) pos=0, 0, 0, face=EAST, sequence=0, action=drop_item_stack
[20:23:56] [Render thread/INFO] (net.minecraft.client.gui.hud.ChatHud) [System] [CHAT] Grim » Player529 failed PacketOrderG* (x8) action=drop, attacking=false, releasing=false, rightClicking=true, picking=false, digging=false
[20:23:57] [Render thread/INFO] (net.minecraft.client.gui.hud.ChatHud) [System] [CHAT] mishanyakras12 left the game
[20:23:57] [Render thread/INFO] (net.minecraft.client.gui.hud.ChatHud) [System] [CHAT] Grim » Player529 failed BadPacketsL (x10) pos=0, 0, 0, face=SOUTH, sequence=0, action=drop_item_stack
[20:23:57] [Render thread/INFO] (net.minecraft.client.gui.hud.ChatHud) [System] [CHAT] Grim » Player529 failed BadPacketsL (x11) pos=0, 0, 0, face=SOUTH, sequence=0, action=drop_item_stack
[20:24:06] [Render thread/INFO] (net.minecraft.client.gui.hud.ChatHud) [System] [CHAT] mishanyakras12 joined the game
[20:24:07] [Render thread/INFO] (net.minecraft.client.gui.hud.ChatHud) [System] [CHAT] Grim » mishanyakras12 failed Simulation (x1) 311.949478 /gl 102
[20:24:08] [Render thread/INFO] (net.minecraft.client.gui.hud.ChatHud) [System] [CHAT] Grim » mishanyakras12 failed Post (x1) use item v1.20
[20:24:09] [Render thread/INFO] (net.minecraft.client.gui.hud.ChatHud) [System] [CHAT] ItzMvl1xr left the game
[20:24:11] [Render thread/INFO] (net.minecraft.client.gui.hud.ChatHud) [System] [CHAT] Grim » mishanyakras12 failed Hitboxes (x1) type=end_crystal
[20:24:11] [Render thread/INFO] (net.minecraft.client.gui.hud.ChatHud) [System] [CHAT] Grim » mishanyakras12 failed PacketOrderB (x1) post-attack
[20:24:11] [Render thread/INFO] (net.minecraft.client.gui.hud.ChatHud) [System] [CHAT] Grim » mishanyakras12 failed Post (x2) interact entity v1.20
[20:24:11] [Render thread/INFO] (net.minecraft.client.gui.hud.ChatHud) [System] [CHAT] Grim » Player529 failed AirLiquidPlace (x1) 
[20:24:11] [Render thread/INFO] (net.minecraft.client.gui.hud.ChatHud) [System] [CHAT] mishanyakras12 left the game
[20:24:11] [Render thread/INFO] (net.minecraft.client.gui.hud.ChatHud) [System] [CHAT] MoKayiiDia was blown up by Player529
[20:24:11] [Render thread/INFO] (net.minecraft.client.gui.hud.ChatHud) [System] [CHAT] Grim » Player529 failed AirLiquidPlace (x2) 
[20:24:17] [Render thread/WARN] (net.minecraft.client.texture.TextureManager) Missing resource minecraft:textures/entity/elytra.png referenced from minecraft:textures/entity/elytra.png
[20:24:19] [Render thread/INFO] (net.minecraft.client.gui.hud.ChatHud) [System] [CHAT] mishanyakras12 joined the game
[20:24:26] [Render thread/INFO] (net.minecraft.client.gui.hud.ChatHud) [System] [CHAT] Grim » mishanyakras12 failed PacketOrderB (x1) post-attack
[20:24:26] [Render thread/INFO] (net.minecraft.client.gui.hud.ChatHud) [System] [CHAT] Grim » mishanyakras12 failed Hitboxes (x1) type=end_crystal
[20:24:26] [Render thread/INFO] (net.minecraft.client.gui.hud.ChatHud) [System] [CHAT] Grim » mishanyakras12 failed PacketOrderB (x2) pre-attack
[20:24:26] [Render thread/INFO] (net.minecraft.client.gui.hud.ChatHud) [System] [CHAT] Grim » mishanyakras12 failed Hitboxes (x2) type=end_crystal
[20:24:26] [Render thread/INFO] (net.minecraft.client.gui.hud.ChatHud) [System] [CHAT] Grim » mishanyakras12 failed Post (x1) interact entity v1.17.1
[20:24:26] [Render thread/INFO] (net.minecraft.client.gui.hud.ChatHud) [System] [CHAT] Grim » mishanyakras12 failed PacketOrderB (x3) pre-attack
[20:24:26] [Render thread/INFO] (net.minecraft.client.gui.hud.ChatHud) [System] [CHAT] Grim » mishanyakras12 failed Hitboxes (x3) type=end_crystal
[20:24:27] [Render thread/INFO] (net.minecraft.client.gui.hud.ChatHud) [System] [CHAT] Grim » mishanyakras12 failed PacketOrderB (x4) pre-attack
[20:24:27] [Render thread/INFO] (net.minecraft.client.gui.hud.ChatHud) [System] [CHAT] Grim » mishanyakras12 failed Hitboxes (x4) type=end_crystal
[20:24:27] [Render thread/INFO] (net.minecraft.client.gui.hud.ChatHud) [System] [CHAT] Grim » mishanyakras12 failed Post (x2) interact entity v1.17.1
[20:24:28] [Render thread/INFO] (net.minecraft.client.gui.hud.ChatHud) [System] [CHAT] Grim » mishanyakras12 failed PacketOrderB (x5) pre-attack
[20:24:28] [Render thread/INFO] (net.minecraft.client.gui.hud.ChatHud) [System] [CHAT] Grim » mishanyakras12 failed Post (x3) use item v1.17.1
[20:24:28] [Render thread/INFO] (net.minecraft.client.gui.hud.ChatHud) [System] [CHAT] Grim » mishanyakras12 failed PacketOrderI* (x1) type=attack, rightClicking=true, picking=false, releasing=false, digging=false
[20:24:28] [Render thread/INFO] (net.minecraft.client.gui.hud.ChatHud) [System] [CHAT] Grim » mishanyakras12 failed Hitboxes (x5) type=end_crystal
[20:24:28] [Render thread/INFO] (net.minecraft.client.gui.hud.ChatHud) [System] [CHAT] Grim » mishanyakras12 failed PacketOrderB (x6) pre-attack
[20:24:28] [Render thread/INFO] (net.minecraft.client.gui.hud.ChatHud) [System] [CHAT] Grim » mishanyakras12 failed Hitboxes (x6) type=end_crystal
[20:24:28] [Render thread/INFO] (net.minecraft.client.gui.hud.ChatHud) [System] [CHAT] Grim » mishanyakras12 failed Post (x4) interact entity v1.17.1
[20:24:28] [Render thread/INFO] (net.minecraft.client.gui.hud.ChatHud) [System] [CHAT] Grim » mishanyakras12 failed PacketOrderB (x7) pre-attack
[20:24:28] [Render thread/INFO] (net.minecraft.client.gui.hud.ChatHud) [System] [CHAT] Grim » mishanyakras12 failed Hitboxes (x7) type=end_crystal
[20:24:28] [Render thread/INFO] (net.minecraft.client.gui.hud.ChatHud) [System] [CHAT] Grim » mishanyakras12 failed Post (x5) interact entity v1.17.1
[20:24:28] [Render thread/INFO] (net.minecraft.client.gui.hud.ChatHud) [System] [CHAT] Grim » Player529 failed AirLiquidPlace (x3) 
[20:24:29] [Render thread/INFO] (net.minecraft.client.gui.hud.ChatHud) [System] [CHAT] Grim » mishanyakras12 failed PacketOrderB (x8) pre-attack
[20:24:29] [Render thread/INFO] (net.minecraft.client.gui.hud.ChatHud) [System] [CHAT] Grim » mishanyakras12 failed Hitboxes (x8) type=end_crystal
[20:24:29] [Render thread/INFO] (net.minecraft.client.gui.hud.ChatHud) [System] [CHAT] Grim » mishanyakras12 failed Post (x6) interact entity v1.17.1
[20:24:30] [Render thread/INFO] (net.minecraft.client.gui.hud.ChatHud) [System] [CHAT] Grim » mishanyakras12 failed Post (x7) use item v1.17.1
[20:24:30] [Render thread/INFO] (net.minecraft.client.gui.hud.ChatHud) [System] [CHAT] Grim » mishanyakras12 failed PacketOrderB (x9) pre-attack
[20:24:30] [Render thread/INFO] (net.minecraft.client.gui.hud.ChatHud) [System] [CHAT] Grim » mishanyakras12 failed Hitboxes (x9) type=end_crystal
[20:24:30] [Render thread/INFO] (net.minecraft.client.gui.hud.ChatHud) [System] [CHAT] Grim » mishanyakras12 failed Post (x8) interact entity v1.17.1
[20:24:31] [Render thread/INFO] (net.minecraft.client.gui.hud.ChatHud) [System] [CHAT] Grim » Player529 failed Simulation (x4) .050878 /gl 103
[20:24:31] [Render thread/INFO] (net.minecraft.client.gui.hud.ChatHud) [System] [CHAT] Grim » Player529 failed Simulation (x5) .132173 /gl 104
[20:24:46] [Render thread/INFO] (net.minecraft.client.gui.hud.ChatHud) [System] [CHAT] MoKayiiDia left the game
[20:24:48] [Render thread/INFO] (net.minecraft.client.gui.hud.ChatHud) [System] [CHAT] hsdzghfsddsdf joined the game
[20:24:49] [Render thread/INFO] (net.minecraft.client.gui.hud.ChatHud) [System] [CHAT] Grim » mishanyakras12 failed Post (x9) use item v1.17.1
[20:24:53] [Render thread/INFO] (net.minecraft.client.gui.hud.ChatHud) [System] [CHAT] Grim » Player529 failed MultiActionsF* (x1) dig
[20:24:53] [Render thread/INFO] (net.minecraft.client.gui.hud.ChatHud) [System] [CHAT] Grim » mishanyakras12 failed Hitboxes (x10) type=end_crystal
[20:24:53] [Render thread/INFO] (net.minecraft.client.gui.hud.ChatHud) [System] [CHAT] Grim » mishanyakras12 failed PacketOrderB (x10) post-attack
[20:24:53] [Render thread/INFO] (net.minecraft.client.gui.hud.ChatHud) [System] [CHAT] Grim » mishanyakras12 failed PacketOrderB (x11) pre-attack
[20:24:53] [Render thread/INFO] (net.minecraft.client.gui.hud.ChatHud) [System] [CHAT] Grim » mishanyakras12 failed Hitboxes (x11) type=end_crystal
[20:24:54] [Render thread/INFO] (net.minecraft.client.gui.hud.ChatHud) [System] [CHAT] Grim » mishanyakras12 failed PacketOrderB (x12) pre-attack
[20:24:54] [Render thread/INFO] (net.minecraft.client.gui.hud.ChatHud) [System] [CHAT] Grim » mishanyakras12 failed Hitboxes (x12) type=end_crystal
[20:24:54] [Render thread/INFO] (net.minecraft.client.gui.hud.ChatHud) [System] [CHAT] Grim » mishanyakras12 failed PacketOrderB (x13) pre-attack
[20:24:54] [Render thread/INFO] (net.minecraft.client.gui.hud.ChatHud) [System] [CHAT] Grim » mishanyakras12 failed Hitboxes (x13) type=end_crystal
[20:24:54] [Render thread/INFO] (net.minecraft.client.gui.hud.ChatHud) [System] [CHAT] Grim » mishanyakras12 failed PacketOrderB (x14) pre-attack
[20:24:54] [Render thread/INFO] (net.minecraft.client.gui.hud.ChatHud) [System] [CHAT] Grim » mishanyakras12 failed Hitboxes (x14) type=end_crystal
[20:24:55] [Render thread/INFO] (net.minecraft.client.gui.hud.ChatHud) [System] [CHAT] Grim » mishanyakras12 failed PacketOrderB (x15) pre-attack
[20:24:55] [Render thread/INFO] (net.minecraft.client.gui.hud.ChatHud) [System] [CHAT] Grim » mishanyakras12 failed Hitboxes (x15) type=end_crystal
[20:24:55] [Render thread/INFO] (net.minecraft.client.gui.hud.ChatHud) [System] [CHAT] Grim » mishanyakras12 failed PacketOrderB (x16) pre-attack
[20:24:55] [Render thread/INFO] (net.minecraft.client.gui.hud.ChatHud) [System] [CHAT] Grim » mishanyakras12 failed Hitboxes (x16) type=end_crystal
[20:24:55] [Render thread/INFO] (net.minecraft.client.gui.hud.ChatHud) [System] [CHAT] Grim » mishanyakras12 failed PacketOrderB (x17) pre-attack
[20:24:55] [Render thread/INFO] (net.minecraft.client.gui.hud.ChatHud) [System] [CHAT] Grim » mishanyakras12 failed Hitboxes (x17) type=end_crystal
[20:24:55] [Render thread/INFO] (net.minecraft.client.gui.hud.ChatHud) [System] [CHAT] Grim » mishanyakras12 failed PacketOrderB (x18) pre-attack
[20:24:55] [Render thread/INFO] (net.minecraft.client.gui.hud.ChatHud) [System] [CHAT] Grim » mishanyakras12 failed Hitboxes (x18) type=end_crystal
[20:24:55] [Render thread/INFO] (net.minecraft.client.gui.hud.ChatHud) [System] [CHAT] Grim » mishanyakras12 failed PacketOrderB (x19) pre-attack
[20:24:55] [Render thread/INFO] (net.minecraft.client.gui.hud.ChatHud) [System] [CHAT] Grim » mishanyakras12 failed Hitboxes (x19) type=end_crystal
[20:24:56] [Render thread/INFO] (net.minecraft.client.gui.hud.ChatHud) [System] [CHAT] Grim » mishanyakras12 failed PacketOrderB (x20) pre-attack
[20:24:56] [Render thread/INFO] (net.minecraft.client.gui.hud.ChatHud) [System] [CHAT] Grim » mishanyakras12 failed Hitboxes (x20) type=end_crystal
[20:24:56] [Render thread/INFO] (net.minecraft.client.gui.hud.ChatHud) [System] [CHAT] Grim » mishanyakras12 failed PacketOrderB (x21) pre-attack
[20:24:56] [Render thread/INFO] (net.minecraft.client.gui.hud.ChatHud) [System] [CHAT] Grim » mishanyakras12 failed Hitboxes (x21) type=end_crystal
[20:24:56] [Render thread/INFO] (net.minecraft.client.gui.hud.ChatHud) [System] [CHAT] Grim » mishanyakras12 failed PacketOrderB (x22) pre-attack
[20:24:56] [Render thread/INFO] (net.minecraft.client.gui.hud.ChatHud) [System] [CHAT] Grim » mishanyakras12 failed Hitboxes (x22) type=end_crystal
[20:24:56] [Render thread/INFO] (net.minecraft.client.gui.hud.ChatHud) [System] [CHAT] Grim » mishanyakras12 failed PacketOrderB (x23) pre-attack
[20:24:56] [Render thread/INFO] (net.minecraft.client.gui.hud.ChatHud) [System] [CHAT] Grim » mishanyakras12 failed Hitboxes (x23) type=end_crystal
[20:24:56] [Render thread/INFO] (net.minecraft.client.gui.hud.ChatHud) [System] [CHAT] Grim » mishanyakras12 failed PacketOrderB (x24) pre-attack
[20:24:56] [Render thread/INFO] (net.minecraft.client.gui.hud.ChatHud) [System] [CHAT] Grim » mishanyakras12 failed Hitboxes (x24) type=end_crystal
[20:24:57] [Render thread/INFO] (net.minecraft.client.gui.hud.ChatHud) [System] [CHAT] Grim » mishanyakras12 failed PacketOrderB (x25) pre-attack
[20:24:57] [Render thread/INFO] (net.minecraft.client.gui.hud.ChatHud) [System] [CHAT] Grim » Player529 failed MultiActionsF* (x2) place
[20:24:57] [Render thread/INFO] (net.minecraft.client.gui.hud.ChatHud) [System] [CHAT] Grim » mishanyakras12 failed Hitboxes (x25) type=end_crystal
[20:24:57] [Render thread/INFO] (net.minecraft.client.gui.hud.ChatHud) [System] [CHAT] Grim » mishanyakras12 failed PacketOrderB (x26) pre-attack
[20:24:57] [Render thread/INFO] (net.minecraft.client.gui.hud.ChatHud) [System] [CHAT] Grim » Player529 failed MultiActionsF* (x3) place
[20:24:57] [Render thread/INFO] (net.minecraft.client.gui.hud.ChatHud) [System] [CHAT] Grim » mishanyakras12 failed Hitboxes (x26) type=end_crystal
[20:24:57] [Render thread/INFO] (net.minecraft.client.gui.hud.ChatHud) [System] [CHAT] Grim » Player529 failed PacketOrderJ* (x1) 
[20:24:57] [Render thread/INFO] (net.minecraft.client.gui.hud.ChatHud) [System] [CHAT] Grim » Player529 failed MultiActionsF* (x4) place
[20:24:57] [Render thread/INFO] (net.minecraft.client.gui.hud.ChatHud) [System] [CHAT] Grim » Player529 failed PacketOrderJ* (x2) 
[20:24:57] [Render thread/INFO] (net.minecraft.client.gui.hud.ChatHud) [System] [CHAT] Grim » Player529 failed MultiActionsF* (x5) place
[20:24:57] [Render thread/INFO] (net.minecraft.client.gui.hud.ChatHud) [System] [CHAT] Grim » mishanyakras12 failed PacketOrderB (x27) pre-attack
[20:24:57] [Render thread/INFO] (net.minecraft.client.gui.hud.ChatHud) [System] [CHAT] Grim » mishanyakras12 failed Hitboxes (x27) type=end_crystal
[20:24:57] [Render thread/INFO] (net.minecraft.client.gui.hud.ChatHud) [System] [CHAT] Grim » Player529 failed PacketOrderJ* (x3) 
[20:24:57] [Render thread/INFO] (net.minecraft.client.gui.hud.ChatHud) [System] [CHAT] Grim » Player529 failed MultiActionsF* (x6) place
[20:24:57] [Render thread/INFO] (net.minecraft.client.gui.hud.ChatHud) [System] [CHAT] Grim » mishanyakras12 failed PacketOrderB (x28) pre-attack
[20:24:57] [Render thread/INFO] (net.minecraft.client.gui.hud.ChatHud) [System] [CHAT] Grim » mishanyakras12 failed Hitboxes (x28) type=end_crystal
[20:24:58] [Render thread/INFO] (net.minecraft.client.gui.hud.ChatHud) [System] [CHAT] Grim » Player529 failed PacketOrderJ* (x4) 
[20:24:58] [Render thread/INFO] (net.minecraft.client.gui.hud.ChatHud) [System] [CHAT] Grim » Player529 failed MultiActionsF* (x7) place
[20:24:58] [Render thread/INFO] (net.minecraft.client.gui.hud.ChatHud) [System] [CHAT] Grim » Player529 failed PacketOrderJ* (x5) 
[20:24:58] [Render thread/INFO] (net.minecraft.client.gui.hud.ChatHud) [System] [CHAT] Grim » Player529 failed MultiActionsF* (x8) place
[20:24:58] [Render thread/INFO] (net.minecraft.client.gui.hud.ChatHud) [System] [CHAT] Grim » mishanyakras12 failed PacketOrderB (x29) pre-attack
[20:24:58] [Render thread/INFO] (net.minecraft.client.gui.hud.ChatHud) [System] [CHAT] Grim » mishanyakras12 failed Hitboxes (x29) type=end_crystal
[20:24:58] [Render thread/INFO] (net.minecraft.client.gui.hud.ChatHud) [System] [CHAT] Grim » mishanyakras12 failed PacketOrderB (x30) pre-attack
[20:24:58] [Render thread/INFO] (net.minecraft.client.gui.hud.ChatHud) [System] [CHAT] Grim » mishanyakras12 failed Hitboxes (x30) type=end_crystal
[20:24:59] [Render thread/INFO] (net.minecraft.client.gui.hud.ChatHud) [System] [CHAT] Grim » mishanyakras12 failed PacketOrderB (x31) pre-attack
[20:24:59] [Render thread/INFO] (net.minecraft.client.gui.hud.ChatHud) [System] [CHAT] Grim » mishanyakras12 failed Hitboxes (x31) type=end_crystal
[20:24:59] [Render thread/INFO] (net.minecraft.client.gui.hud.ChatHud) [System] [CHAT] Grim » mishanyakras12 failed PacketOrderB (x32) pre-attack
[20:24:59] [Render thread/INFO] (net.minecraft.client.gui.hud.ChatHud) [System] [CHAT] Grim » mishanyakras12 failed Hitboxes (x32) type=end_crystal
[20:24:59] [Render thread/INFO] (net.minecraft.client.gui.hud.ChatHud) [System] [CHAT] Grim » mishanyakras12 failed PacketOrderB (x33) pre-attack
[20:24:59] [Render thread/INFO] (net.minecraft.client.gui.hud.ChatHud) [System] [CHAT] Grim » mishanyakras12 failed Hitboxes (x33) type=end_crystal
[20:24:59] [Render thread/INFO] (net.minecraft.client.gui.hud.ChatHud) [System] [CHAT] Grim » mishanyakras12 failed PacketOrderB (x34) pre-attack
[20:24:59] [Render thread/INFO] (net.minecraft.client.gui.hud.ChatHud) [System] [CHAT] Grim » mishanyakras12 failed Hitboxes (x34) type=end_crystal
[20:24:59] [Render thread/INFO] (net.minecraft.client.gui.hud.ChatHud) [System] [CHAT] Grim » mishanyakras12 failed PacketOrderB (x35) pre-attack
[20:25:00] [Render thread/INFO] (net.minecraft.client.gui.hud.ChatHud) [System] [CHAT] Grim » mishanyakras12 failed Hitboxes (x35) type=end_crystal
[20:25:00] [Render thread/INFO] (net.minecraft.client.gui.hud.ChatHud) [System] [CHAT] Grim » mishanyakras12 failed PacketOrderB (x36) pre-attack
[20:25:00] [Render thread/INFO] (net.minecraft.client.gui.hud.ChatHud) [System] [CHAT] Grim » mishanyakras12 failed Hitboxes (x36) type=end_crystal
[20:25:00] [Render thread/INFO] (net.minecraft.client.gui.hud.ChatHud) [System] [CHAT] Grim » mishanyakras12 failed PacketOrderB (x37) pre-attack
[20:25:00] [Render thread/INFO] (net.minecraft.client.gui.hud.ChatHud) [System] [CHAT] Grim » mishanyakras12 failed Hitboxes (x37) type=end_crystal
[20:25:00] [Render thread/INFO] (net.minecraft.client.gui.hud.ChatHud) [System] [CHAT] Grim » mishanyakras12 failed PacketOrderB (x38) pre-attack
[20:25:00] [Render thread/INFO] (net.minecraft.client.gui.hud.ChatHud) [System] [CHAT] Grim » mishanyakras12 failed Hitboxes (x38) type=end_crystal
[20:25:00] [Render thread/INFO] (net.minecraft.client.gui.hud.ChatHud) [System] [CHAT] Grim » mishanyakras12 failed PacketOrderB (x39) pre-attack
[20:25:00] [Render thread/INFO] (net.minecraft.client.gui.hud.ChatHud) [System] [CHAT] Grim » mishanyakras12 failed Hitboxes (x39) type=end_crystal
[20:25:04] [Render thread/INFO] (net.minecraft.client.gui.hud.ChatHud) [System] [CHAT] Grim » mishanyakras12 failed PacketOrderB (x40) pre-attack
[20:25:04] [Render thread/INFO] (net.minecraft.client.gui.hud.ChatHud) [System] [CHAT] Grim » mishanyakras12 failed Hitboxes (x40) type=end_crystal
[20:25:04] [Render thread/INFO] (net.minecraft.client.gui.hud.ChatHud) [System] [CHAT] Grim » mishanyakras12 failed PacketOrderB (x41) pre-attack
[20:25:04] [Render thread/INFO] (net.minecraft.client.gui.hud.ChatHud) [System] [CHAT] Grim » mishanyakras12 failed Hitboxes (x41) type=end_crystal
[20:25:05] [Render thread/INFO] (net.minecraft.client.gui.hud.ChatHud) [System] [CHAT] Grim » mishanyakras12 failed PacketOrderB (x42) pre-attack
[20:25:05] [Render thread/INFO] (net.minecraft.client.gui.hud.ChatHud) [System] [CHAT] Grim » mishanyakras12 failed Hitboxes (x42) type=end_crystal
[20:25:05] [Render thread/INFO] (net.minecraft.client.gui.hud.ChatHud) [System] [CHAT] Grim » mishanyakras12 failed PacketOrderB (x43) pre-attack
[20:25:05] [Render thread/INFO] (net.minecraft.client.gui.hud.ChatHud) [System] [CHAT] Grim » mishanyakras12 failed Hitboxes (x43) type=end_crystal
[20:25:06] [Render thread/INFO] (net.minecraft.client.gui.hud.ChatHud) [System] [CHAT] D0x0RSwaT left the game
[20:25:07] [Render thread/INFO] (net.minecraft.client.gui.hud.ChatHud) [System] [CHAT] RTqyiw left the game
[20:25:08] [Render thread/INFO] (net.minecraft.client.gui.hud.ChatHud) [System] [CHAT] mishanyakras12 left the game
[20:25:11] [Render thread/INFO] (net.minecraft.client.gui.hud.ChatHud) [System] [CHAT] Grim » Player529 failed PacketOrderJ* (x6) 
[20:25:11] [Render thread/INFO] (net.minecraft.client.gui.hud.ChatHud) [System] [CHAT] Grim » Player529 failed MultiActionsF* (x9) place
[20:25:11] [Render thread/INFO] (net.minecraft.client.gui.hud.ChatHud) [System] [CHAT] Grim » Player529 failed PacketOrderJ* (x7) 
[20:25:11] [Render thread/INFO] (net.minecraft.client.gui.hud.ChatHud) [System] [CHAT] Grim » Player529 failed MultiActionsF* (x10) place
[20:25:11] [Render thread/INFO] (net.minecraft.client.gui.hud.ChatHud) [System] [CHAT] Grim » Player529 failed PacketOrderJ* (x8) 
[20:25:11] [Render thread/INFO] (net.minecraft.client.gui.hud.ChatHud) [System] [CHAT] Grim » Player529 failed MultiActionsF* (x11) place
[20:25:11] [Render thread/INFO] (net.minecraft.client.gui.hud.ChatHud) [System] [CHAT] Grim » Player529 failed PacketOrderJ* (x9) 
[20:25:11] [Render thread/INFO] (net.minecraft.client.gui.hud.ChatHud) [System] [CHAT] Grim » Player529 failed PacketOrderJ* (x10) 
[20:25:11] [Render thread/INFO] (net.minecraft.client.gui.hud.ChatHud) [System] [CHAT] Grim » Player529 failed PacketOrderJ* (x11) 
[20:25:11] [Render thread/INFO] (net.minecraft.client.gui.hud.ChatHud) [System] [CHAT] Grim » Player529 failed MultiActionsF* (x12) place
[20:25:11] [Render thread/INFO] (net.minecraft.client.gui.hud.ChatHud) [System] [CHAT] Grim » Player529 failed MultiActionsF* (x13) place
[20:25:16] [Render thread/INFO] (net.minecraft.client.gui.hud.ChatHud) [System] [CHAT] mishanyakras12 joined the game
[20:25:18] [Render thread/INFO] (net.minecraft.client.gui.hud.ChatHud) [System] [CHAT] Grim » mishanyakras12 failed MultiActionsC (x1) input
[20:25:18] [Render thread/INFO] (net.minecraft.client.gui.hud.ChatHud) [System] [CHAT] Grim » mishanyakras12 failed PacketOrderO* (x1) type=CLICK_WINDOW
[20:25:18] [Render thread/INFO] (net.minecraft.client.gui.hud.ChatHud) [System] [CHAT] Grim » mishanyakras12 failed PacketOrderO* (x2) type=USE_ITEM
[20:25:18] [Render thread/INFO] (net.minecraft.client.gui.hud.ChatHud) [System] [CHAT] Grim » mishanyakras12 failed MultiActionsC (x2) input
[20:25:18] [Render thread/INFO] (net.minecraft.client.gui.hud.ChatHud) [System] [CHAT] Grim » mishanyakras12 failed PacketOrderO* (x3) type=CLICK_WINDOW
[20:25:18] [Render thread/INFO] (net.minecraft.client.gui.hud.ChatHud) [System] [CHAT] Grim » mishanyakras12 failed MultiActionsC (x3) input
[20:25:18] [Render thread/INFO] (net.minecraft.client.gui.hud.ChatHud) [System] [CHAT] Grim » mishanyakras12 failed PacketOrderO* (x4) type=CLICK_WINDOW
[20:25:18] [Render thread/INFO] (net.minecraft.client.gui.hud.ChatHud) [System] [CHAT] Grim » Player529 failed BadPacketsL (x12) pos=0, 0, 0, face=WEST, sequence=0, action=drop_item_stack
[20:25:18] [Render thread/INFO] (net.minecraft.client.gui.hud.ChatHud) [System] [CHAT] Grim » Player529 failed PacketOrderG* (x9) action=drop, attacking=false, releasing=false, rightClicking=true, picking=false, digging=false
[20:25:20] [Render thread/INFO] (net.minecraft.client.gui.hud.ChatHud) [System] [CHAT] Grim » Player529 failed BadPacketsL (x13) pos=0, 0, 0, face=WEST, sequence=0, action=drop_item_stack
[20:25:20] [Render thread/INFO] (net.minecraft.client.gui.hud.ChatHud) [System] [CHAT] Grim » Player529 failed PacketOrderG* (x10) action=drop, attacking=false, releasing=false, rightClicking=true, picking=false, digging=false
[20:25:20] [Render thread/INFO] (net.minecraft.client.gui.hud.ChatHud) [System] [CHAT] Grim » Player529 failed BadPacketsL (x14) pos=0, 0, 0, face=WEST, sequence=0, action=drop_item_stack
[20:25:20] [Render thread/INFO] (net.minecraft.client.gui.hud.ChatHud) [System] [CHAT] Grim » Player529 failed BadPacketsL (x15) pos=0, 0, 0, face=WEST, sequence=0, action=drop_item_stack
[20:25:20] [Render thread/INFO] (net.minecraft.client.gui.hud.ChatHud) [System] [CHAT] Grim » Player529 failed BadPacketsL (x16) pos=0, 0, 0, face=WEST, sequence=0, action=drop_item_stack
[20:25:20] [Render thread/INFO] (net.minecraft.client.gui.hud.ChatHud) [System] [CHAT] Grim » Player529 failed PacketOrderG* (x11) action=drop, attacking=false, releasing=false, rightClicking=true, picking=false, digging=false
[20:25:21] [Render thread/INFO] (net.minecraft.client.gui.hud.ChatHud) [System] [CHAT] Grim » Player529 failed BadPacketsL (x17) pos=0, 0, 0, face=WEST, sequence=0, action=drop_item_stack
[20:25:21] [Render thread/INFO] (net.minecraft.client.gui.hud.ChatHud) [System] [CHAT] Grim » Player529 failed PacketOrderG* (x12) action=drop, attacking=false, releasing=false, rightClicking=true, picking=false, digging=false
[20:25:22] [Render thread/INFO] (net.minecraft.client.gui.hud.ChatHud) [System] [CHAT] Grim » mishanyakras12 failed MultiActionsC (x4) input
[20:25:22] [Render thread/INFO] (net.minecraft.client.gui.hud.ChatHud) [System] [CHAT] Grim » mishanyakras12 failed PacketOrderO* (x5) type=CLICK_WINDOW
[20:25:22] [Render thread/INFO] (net.minecraft.client.gui.hud.ChatHud) [System] [CHAT] Grim » mishanyakras12 failed PacketOrderO* (x6) type=USE_ITEM
[20:25:22] [Render thread/INFO] (net.minecraft.client.gui.hud.ChatHud) [System] [CHAT] Grim » mishanyakras12 failed Post (x1) use item v1.21.4
[20:25:22] [Render thread/INFO] (net.minecraft.client.gui.hud.ChatHud) [System] [CHAT] Grim » mishanyakras12 failed MultiActionsC (x5) input
[20:25:22] [Render thread/INFO] (net.minecraft.client.gui.hud.ChatHud) [System] [CHAT] Grim » mishanyakras12 failed PacketOrderO* (x7) type=CLICK_WINDOW
[20:25:22] [Render thread/INFO] (net.minecraft.client.gui.hud.ChatHud) [System] [CHAT] Grim » mishanyakras12 failed MultiActionsC (x6) input
[20:25:22] [Render thread/INFO] (net.minecraft.client.gui.hud.ChatHud) [System] [CHAT] Grim » mishanyakras12 failed PacketOrderO* (x8) type=CLICK_WINDOW
[20:25:22] [Render thread/INFO] (net.minecraft.client.gui.hud.ChatHud) [System] [CHAT] Grim » Player529 failed BadPacketsL (x18) pos=0, 0, 0, face=WEST, sequence=0, action=drop_item_stack
[20:25:22] [Render thread/INFO] (net.minecraft.client.gui.hud.ChatHud) [System] [CHAT] Grim » Player529 failed PacketOrderG* (x13) action=drop, attacking=false, releasing=false, rightClicking=true, picking=false, digging=false
[20:25:23] [Render thread/INFO] (net.minecraft.client.gui.hud.ChatHud) [System] [CHAT] Grim » Player529 failed BadPacketsL (x19) pos=0, 0, 0, face=EAST, sequence=0, action=drop_item_stack
[20:25:23] [Render thread/INFO] (net.minecraft.client.gui.hud.ChatHud) [System] [CHAT] Grim » Player529 failed PacketOrderG* (x14) action=drop, attacking=false, releasing=false, rightClicking=true, picking=false, digging=false
[20:25:25] [Render thread/INFO] (net.minecraft.client.gui.hud.ChatHud) [System] [CHAT] Grim » Player529 failed BadPacketsL (x20) pos=0, 0, 0, face=EAST, sequence=0, action=drop_item_stack
[20:25:25] [Render thread/INFO] (net.minecraft.client.gui.hud.ChatHud) [System] [CHAT] Grim » Player529 failed PacketOrderG* (x15) action=drop, attacking=false, releasing=false, rightClicking=true, picking=false, digging=false
[20:25:26] [Render thread/INFO] (net.minecraft.client.gui.hud.ChatHud) [System] [CHAT] Grim » Player529 failed BadPacketsL (x20) pos=0, 0, 0, face=SOUTH, sequence=0, action=drop_item_stack
[20:25:26] [Render thread/INFO] (net.minecraft.client.gui.hud.ChatHud) [System] [CHAT] Grim » Player529 failed PacketOrderG* (x16) action=drop, attacking=false, releasing=false, rightClicking=true, picking=false, digging=false
[20:25:30] [Render thread/INFO] (net.minecraft.client.gui.hud.ChatHud) [System] [CHAT] Grim » mishanyakras12 failed Hitboxes (x1) type=end_crystal
[20:25:30] [Render thread/INFO] (net.minecraft.client.gui.hud.ChatHud) [System] [CHAT] Grim » mishanyakras12 failed PacketOrderB (x1) post-attack
[20:25:31] [Render thread/INFO] (net.minecraft.client.gui.hud.ChatHud) [System] [CHAT] Grim » mishanyakras12 failed PacketOrderB (x2) pre-attack
[20:25:31] [Render thread/INFO] (net.minecraft.client.gui.hud.ChatHud) [System] [CHAT] Grim » mishanyakras12 failed Hitboxes (x2) type=end_crystal
[20:25:31] [Render thread/INFO] (net.minecraft.client.gui.hud.ChatHud) [System] [CHAT] Grim » mishanyakras12 failed Post (x2) interact entity v1.21.4
[20:25:31] [Render thread/INFO] (net.minecraft.client.gui.hud.ChatHud) [System] [CHAT] Grim » mishanyakras12 failed PacketOrderB (x3) pre-attack
[20:25:31] [Render thread/INFO] (net.minecraft.client.gui.hud.ChatHud) [System] [CHAT] Grim » mishanyakras12 failed Hitboxes (x3) type=end_crystal
[20:25:31] [Render thread/INFO] (net.minecraft.client.gui.hud.ChatHud) [System] [CHAT] Grim » mishanyakras12 failed PacketOrderB (x4) pre-attack
[20:25:31] [Render thread/INFO] (net.minecraft.client.gui.hud.ChatHud) [System] [CHAT] Grim » mishanyakras12 failed Hitboxes (x4) type=end_crystal
[20:25:33] [Render thread/INFO] (net.minecraft.client.gui.hud.ChatHud) [System] [CHAT] Grim » Player529 failed PacketOrderJ* (x12) 
[20:25:33] [Render thread/INFO] (net.minecraft.client.gui.hud.ChatHud) [System] [CHAT] Grim » Player529 failed PacketOrderJ* (x13) 
[20:25:33] [Render thread/INFO] (net.minecraft.client.gui.hud.ChatHud) [System] [CHAT] Grim » mishanyakras12 failed PacketOrderB (x5) pre-attack
[20:25:33] [Render thread/INFO] (net.minecraft.client.gui.hud.ChatHud) [System] [CHAT] Grim » mishanyakras12 failed Hitboxes (x5) type=end_crystal
[20:25:33] [Render thread/INFO] (net.minecraft.client.gui.hud.ChatHud) [System] [CHAT] 1NeverCry joined the game
[20:25:34] [Render thread/INFO] (net.minecraft.client.gui.hud.ChatHud) [System] [CHAT] Player841 was blown up by Player529
[20:25:34] [Render thread/INFO] (net.minecraft.advancement.AdvancementManager) Loaded 45 advancements
[20:25:34] [Render thread/INFO] (net.minecraft.client.gui.hud.ChatHud) [System] [CHAT] Grim » mishanyakras12 failed PacketOrderB (x6) pre-attack
[20:25:34] [Render thread/INFO] (net.minecraft.client.gui.hud.ChatHud) [System] [CHAT] Grim » mishanyakras12 failed Hitboxes (x6) type=end_crystal
[20:25:34] [Render thread/INFO] (net.minecraft.client.gui.hud.ChatHud) [System] [CHAT] Grim » mishanyakras12 failed PacketOrderB (x7) pre-attack
[20:25:34] [Render thread/INFO] (net.minecraft.client.gui.hud.ChatHud) [System] [CHAT] Grim » mishanyakras12 failed Hitboxes (x7) type=end_crystal
[20:25:34] [Render thread/INFO] (net.minecraft.client.gui.hud.ChatHud) [System] [CHAT] Grim » mishanyakras12 failed PacketOrderB (x8) pre-attack
[20:25:34] [Render thread/INFO] (net.minecraft.client.gui.hud.ChatHud) [System] [CHAT] Grim » mishanyakras12 failed Hitboxes (x8) type=end_crystal
[20:25:34] [Render thread/INFO] (net.minecraft.client.gui.hud.ChatHud) [System] [CHAT] Grim » mishanyakras12 failed PacketOrderB (x9) pre-attack
[20:25:34] [Render thread/INFO] (net.minecraft.client.gui.hud.ChatHud) [System] [CHAT] Grim » mishanyakras12 failed Hitboxes (x9) type=end_crystal
[20:25:35] [Render thread/INFO] (net.minecraft.client.gui.hud.ChatHud) [System] [CHAT] Grim » mishanyakras12 failed PacketOrderB (x10) pre-attack
[20:25:35] [Render thread/INFO] (net.minecraft.client.gui.hud.ChatHud) [System] [CHAT] Grim » mishanyakras12 failed Hitboxes (x10) type=end_crystal
[20:25:35] [Render thread/INFO] (net.minecraft.client.gui.hud.ChatHud) [System] [CHAT] Grim » Player529 failed AirLiquidPlace (x4) 
[20:25:36] [Render thread/DEBUG] (FabricLoader/Mixin) Mixing CommandManagerMixin from fabric-networking-api-v1.mixins.json into net.minecraft.server.command.CommandManager
[20:25:36] [Render thread/DEBUG] (FabricLoader/Mixin) Mixing CommandManagerMixin from fabric-gametest-api-v1.mixins.json into net.minecraft.server.command.CommandManager
[20:25:36] [Render thread/DEBUG] (FabricLoader/Mixin) Mixing CommandManagerMixin from fabric-command-api-v2.mixins.json into net.minecraft.server.command.CommandManager
[20:25:36] [Render thread/DEBUG] (FabricLoader/Mixin) fabric-networking-api-v1.mixins.json:CommandManagerMixin from mod fabric-networking-api-v1->@Inject::init(Lnet/minecraft/server/command/CommandManager$RegistrationEnvironment;Lnet/minecraft/command/CommandRegistryAccess;Lorg/spongepowered/asm/mixin/injection/callback/CallbackInfo;)V doesn't use it's CallbackInfo
[20:25:36] [Render thread/DEBUG] (FabricLoader/Mixin) fabric-networking-api-v1.mixins.json:CommandManagerMixin from mod fabric-networking-api-v1->@Inject::init(Lnet/minecraft/server/command/CommandManager$RegistrationEnvironment;Lnet/minecraft/command/CommandRegistryAccess;Lorg/spongepowered/asm/mixin/injection/callback/CallbackInfo;)V has 0 override(s) in child classes
[20:25:36] [Render thread/DEBUG] (FabricLoader/Mixin) fabric-networking-api-v1.mixins.json:CommandManagerMixin from mod fabric-networking-api-v1->@Inject::init(Lnet/minecraft/server/command/CommandManager$RegistrationEnvironment;Lnet/minecraft/command/CommandRegistryAccess;Lorg/spongepowered/asm/mixin/injection/callback/CallbackInfo;)V won't be passed a CallbackInfo as a result
[20:25:36] [Render thread/DEBUG] (FabricLoader/Mixin) fabric-gametest-api-v1.mixins.json:CommandManagerMixin from mod fabric-gametest-api-v1->@Inject::construct(Lnet/minecraft/server/command/CommandManager$RegistrationEnvironment;Lnet/minecraft/command/CommandRegistryAccess;Lorg/spongepowered/asm/mixin/injection/callback/CallbackInfo;)V doesn't use it's CallbackInfo
[20:25:36] [Render thread/DEBUG] (FabricLoader/Mixin) fabric-gametest-api-v1.mixins.json:CommandManagerMixin from mod fabric-gametest-api-v1->@Inject::construct(Lnet/minecraft/server/command/CommandManager$RegistrationEnvironment;Lnet/minecraft/command/CommandRegistryAccess;Lorg/spongepowered/asm/mixin/injection/callback/CallbackInfo;)V has 0 override(s) in child classes
[20:25:36] [Render thread/DEBUG] (FabricLoader/Mixin) fabric-gametest-api-v1.mixins.json:CommandManagerMixin from mod fabric-gametest-api-v1->@Inject::construct(Lnet/minecraft/server/command/CommandManager$RegistrationEnvironment;Lnet/minecraft/command/CommandRegistryAccess;Lorg/spongepowered/asm/mixin/injection/callback/CallbackInfo;)V won't be passed a CallbackInfo as a result
[20:25:36] [Render thread/DEBUG] (FabricLoader/Mixin) fabric-command-api-v2.mixins.json:CommandManagerMixin from mod fabric-command-api-v2->@Inject::fabric_addCommands(Lnet/minecraft/server/command/CommandManager$RegistrationEnvironment;Lnet/minecraft/command/CommandRegistryAccess;Lorg/spongepowered/asm/mixin/injection/callback/CallbackInfo;)V doesn't use it's CallbackInfo
[20:25:36] [Render thread/DEBUG] (FabricLoader/Mixin) fabric-command-api-v2.mixins.json:CommandManagerMixin from mod fabric-command-api-v2->@Inject::fabric_addCommands(Lnet/minecraft/server/command/CommandManager$RegistrationEnvironment;Lnet/minecraft/command/CommandRegistryAccess;Lorg/spongepowered/asm/mixin/injection/callback/CallbackInfo;)V has 0 override(s) in child classes
[20:25:36] [Render thread/DEBUG] (FabricLoader/Mixin) fabric-command-api-v2.mixins.json:CommandManagerMixin from mod fabric-command-api-v2->@Inject::fabric_addCommands(Lnet/minecraft/server/command/CommandManager$RegistrationEnvironment;Lnet/minecraft/command/CommandRegistryAccess;Lorg/spongepowered/asm/mixin/injection/callback/CallbackInfo;)V won't be passed a CallbackInfo as a result
[20:25:36] [Render thread/INFO] (net.minecraft.client.gui.hud.ChatHud) [System] [CHAT] Grim » mishanyakras12 failed PacketOrderB (x11) pre-attack
[20:25:36] [Render thread/INFO] (net.minecraft.client.gui.hud.ChatHud) [System] [CHAT] Grim » mishanyakras12 failed Hitboxes (x11) type=end_crystal
[20:25:36] [Render thread/INFO] (net.minecraft.client.gui.hud.ChatHud) [System] [CHAT] Grim » Player529 failed AirLiquidPlace (x5) 
[20:25:36] [Render thread/INFO] (net.minecraft.client.gui.hud.ChatHud) [System] [CHAT] Grim » Player529 failed Simulation (x3) .067944 /gl 105
[20:25:36] [Render thread/INFO] (net.minecraft.client.gui.hud.ChatHud) [System] [CHAT] Grim » mishanyakras12 failed PacketOrderB (x12) pre-attack
[20:25:36] [Render thread/INFO] (net.minecraft.client.gui.hud.ChatHud) [System] [CHAT] Grim » mishanyakras12 failed Hitboxes (x12) type=end_crystal
[20:25:37] [Render thread/DEBUG] (net.fabricmc.fabric.impl.command.client.ClientCommandInternals) Syntax exception for client-sided command 'god'
com.mojang.brigadier.exceptions.CommandSyntaxException: Unknown or incomplete command, see below for error at position 0: <--[HERE]
[20:25:37] [Render thread/INFO] (net.minecraft.client.gui.hud.ChatHud) [System] [CHAT] You are now invulnerable
[20:25:38] [Render thread/INFO] (net.minecraft.client.gui.hud.ChatHud) [System] [CHAT] Grim » mishanyakras12 failed PacketOrderB (x13) pre-attack
[20:25:38] [Render thread/INFO] (net.minecraft.client.gui.hud.ChatHud) [System] [CHAT] Grim » mishanyakras12 failed Hitboxes (x13) type=end_crystal
[20:25:38] [Render thread/INFO] (net.minecraft.client.gui.hud.ChatHud) [System] [CHAT] Grim » mishanyakras12 failed Post (x3) interact entity v1.21.4
[20:25:40] [Render thread/INFO] (net.minecraft.client.gui.hud.ChatHud) [System] [CHAT] D0x0RSwaT joined the game
[20:25:54] [Render thread/INFO] (net.minecraft.client.gui.hud.ChatHud) [System] [CHAT] hsdzghfsddsdf left the game
[20:25:58] [Render thread/INFO] (net.minecraft.client.gui.hud.ChatHud) [System] [CHAT] Grim » Player529 failed PacketOrderJ* (x14) 
[20:25:58] [Render thread/INFO] (net.minecraft.client.gui.hud.ChatHud) [System] [CHAT] Grim » Player529 failed MultiActionsF* (x14) place
[20:25:58] [Render thread/INFO] (net.minecraft.client.gui.hud.ChatHud) [System] [CHAT] Grim » mishanyakras12 failed PacketOrderB (x14) pre-attack
[20:25:58] [Render thread/INFO] (net.minecraft.client.gui.hud.ChatHud) [System] [CHAT] Grim » mishanyakras12 failed Hitboxes (x14) type=end_crystal
[20:25:58] [Render thread/INFO] (net.minecraft.client.gui.hud.ChatHud) [System] [CHAT] Grim » Player529 failed PacketOrderJ* (x15) 
[20:25:58] [Render thread/INFO] (net.minecraft.client.gui.hud.ChatHud) [System] [CHAT] Grim » Player529 failed MultiActionsF* (x15) place
[20:25:58] [Render thread/INFO] (net.minecraft.client.gui.hud.ChatHud) [System] [CHAT] Grim » Player529 failed PacketOrderJ* (x16) 
[20:25:58] [Render thread/INFO] (net.minecraft.client.gui.hud.ChatHud) [System] [CHAT] Grim » Player529 failed MultiActionsF* (x16) place
[20:25:58] [Render thread/INFO] (net.minecraft.client.gui.hud.ChatHud) [System] [CHAT] Grim » mishanyakras12 failed PacketOrderB (x15) pre-attack
[20:25:58] [Render thread/INFO] (net.minecraft.client.gui.hud.ChatHud) [System] [CHAT] Grim » mishanyakras12 failed Hitboxes (x15) type=end_crystal
[20:25:59] [Render thread/INFO] (net.minecraft.client.gui.hud.ChatHud) [System] [CHAT] Grim » Player529 failed PacketOrderJ* (x17) 
[20:25:59] [Render thread/INFO] (net.minecraft.client.gui.hud.ChatHud) [System] [CHAT] Grim » Player529 failed MultiActionsF* (x17) place
[20:25:59] [Render thread/INFO] (net.minecraft.client.gui.hud.ChatHud) [System] [CHAT] Grim » mishanyakras12 failed Post (x4) interact entity v1.21.4
[20:25:59] [Render thread/INFO] (net.minecraft.client.gui.hud.ChatHud) [System] [CHAT] Grim » Player529 failed PacketOrderJ* (x18) 
[20:25:59] [Render thread/INFO] (net.minecraft.client.gui.hud.ChatHud) [System] [CHAT] Grim » Player529 failed MultiActionsF* (x18) place
[20:25:59] [Render thread/INFO] (net.minecraft.client.gui.hud.ChatHud) [System] [CHAT] Grim » mishanyakras12 failed PacketOrderB (x16) pre-attack
[20:25:59] [Render thread/INFO] (net.minecraft.client.gui.hud.ChatHud) [System] [CHAT] Grim » mishanyakras12 failed Hitboxes (x16) type=end_crystal
[20:25:59] [Render thread/INFO] (net.minecraft.client.gui.hud.ChatHud) [System] [CHAT] Grim » Player529 failed PacketOrderJ* (x19) 
[20:25:59] [Render thread/INFO] (net.minecraft.client.gui.hud.ChatHud) [System] [CHAT] Grim » Player529 failed MultiActionsF* (x19) place
[20:25:59] [Render thread/INFO] (net.minecraft.client.gui.hud.ChatHud) [System] [CHAT] Grim » Player529 failed PacketOrderJ* (x20) 
[20:25:59] [Render thread/INFO] (net.minecraft.client.gui.hud.ChatHud) [System] [CHAT] Grim » Player529 failed MultiActionsF* (x20) place
[20:25:59] [Render thread/INFO] (net.minecraft.client.gui.hud.ChatHud) [System] [CHAT] Grim » mishanyakras12 failed PacketOrderB (x17) pre-attack
[20:25:59] [Render thread/INFO] (net.minecraft.client.gui.hud.ChatHud) [System] [CHAT] Grim » mishanyakras12 failed Hitboxes (x17) type=end_crystal
[20:25:59] [Render thread/INFO] (net.minecraft.client.gui.hud.ChatHud) [System] [CHAT] Grim » mishanyakras12 failed PacketOrderB (x18) pre-attack
[20:25:59] [Render thread/INFO] (net.minecraft.client.gui.hud.ChatHud) [System] [CHAT] Grim » mishanyakras12 failed Hitboxes (x18) type=end_crystal
[20:26:01] [Render thread/INFO] (net.minecraft.client.gui.hud.ChatHud) [System] [CHAT] Grim » mishanyakras12 failed PacketOrderB (x19) pre-attack
[20:26:01] [Render thread/INFO] (net.minecraft.client.gui.hud.ChatHud) [System] [CHAT] Grim » mishanyakras12 failed Hitboxes (x19) type=end_crystal
[20:26:01] [Render thread/INFO] (net.minecraft.client.gui.hud.ChatHud) [System] [CHAT] Grim » mishanyakras12 failed PacketOrderB (x20) pre-attack
[20:26:01] [Render thread/INFO] (net.minecraft.client.gui.hud.ChatHud) [System] [CHAT] Grim » mishanyakras12 failed Hitboxes (x20) type=end_crystal
[20:26:01] [Render thread/INFO] (net.minecraft.client.gui.hud.ChatHud) [System] [CHAT] Grim » mishanyakras12 failed PacketOrderB (x21) pre-attack
[20:26:01] [Render thread/INFO] (net.minecraft.client.gui.hud.ChatHud) [System] [CHAT] Grim » mishanyakras12 failed Hitboxes (x21) type=end_crystal
[20:26:02] [Render thread/INFO] (net.minecraft.client.gui.hud.ChatHud) [System] [CHAT] Grim » mishanyakras12 failed Post (x5) interact entity v1.21.4
[20:26:02] [Render thread/INFO] (net.minecraft.client.gui.hud.ChatHud) [System] [CHAT] Grim » mishanyakras12 failed Post (x6) interact entity v1.21.4
[20:26:02] [Render thread/INFO] (net.minecraft.client.gui.hud.ChatHud) [System] [CHAT] Grim » mishanyakras12 failed Post (x7) interact entity v1.21.4
[20:26:35] [Render thread/INFO] (net.minecraft.client.gui.hud.ChatHud) [System] [CHAT] Grim » mishanyakras12 failed PacketOrderO* (x9) type=USE_ITEM
[20:26:35] [Render thread/INFO] (net.minecraft.client.gui.hud.ChatHud) [System] [CHAT] Grim » mishanyakras12 failed Post (x8) use item v1.21.4
[20:26:37] [Render thread/INFO] (net.minecraft.client.gui.hud.ChatHud) [System] [CHAT] Grim » mishanyakras12 failed PacketOrderO* (x10) type=USE_ITEM
[20:26:37] [Render thread/INFO] (net.minecraft.client.gui.hud.ChatHud) [System] [CHAT] Grim » mishanyakras12 failed Post (x9) use item v1.21.4
[20:26:38] [Render thread/INFO] (net.minecraft.client.MinecraftClient) Stopping!
