[20:12:03] [main/WARN] (FabricLoader/Knot) Class path entries reference missing files: C:\Users\0pcho\Downloads\ZXVXZ\Vurst-Visual-CRACKED\build\classes\java\main, C:\Users\0pcho\Downloads\ZXVXZ\Vurst-Visual-CRACKED\build\resources\main - the game may not load properly!
[20:12:03] [main/INFO] (FabricLoader/GameProvider) Loading Minecraft 1.21.4 with Fabric Loader 0.16.14
[20:12:03] [main/INFO] (FabricLoader) Loading 55 mods:
	- fabric-api 0.119.4+1.21.4
	- fabric-api-base 0.4.54+b47eab6b04
	- fabric-api-lookup-api-v1 1.6.86+b1caf1e904
	- fabric-biome-api-v1 15.0.6+b1c29d8e04
	- fabric-block-api-v1 1.0.31+7feeb73304
	- fabric-block-view-api-v2 1.0.20+9c49cc8c04
	- fabric-blockrenderlayer-v1 2.0.8+7feeb73304
	- fabric-client-gametest-api-v1 4.1.1+6816ccd404
	- fabric-client-tags-api-v1 1.1.29+20ea1e2304
	- fabric-command-api-v1 1.2.62+f71b366f04
	- fabric-command-api-v2 2.2.41+e496eb1504
	- fabric-commands-v0 0.2.79+df3654b304
	- fabric-content-registries-v0 9.1.19+25d1a67604
	- fabric-convention-tags-v1 2.1.20+7f945d5b04
	- fabric-convention-tags-v2 2.14.1+aebda09404
	- fabric-crash-report-info-v1 0.3.6+7feeb73304
	- fabric-data-attachment-api-v1 1.6.2+e99da0f704
	- fabric-data-generation-api-v1 22.3.1+0f4e5f5504
	- fabric-dimensions-v1 4.0.10+7feeb73304
	- fabric-entity-events-v1 2.0.15+62245bef04
	- fabric-events-interaction-v0 4.0.4+a4eebcf004
	- fabric-game-rule-api-v1 1.0.63+7d48d43904
	- fabric-gametest-api-v1 2.0.26+7feeb73304
	- fabric-item-api-v1 11.4.0+189dd6fe04
	- fabric-item-group-api-v1 4.2.2+fcb9601404
	- fabric-key-binding-api-v1 1.0.57+7d48d43904
	- fabric-keybindings-v0 0.2.55+df3654b304
	- fabric-lifecycle-events-v1 2.5.4+bf2a60eb04
	- fabric-loot-api-v2 3.0.38+3f89f5a504
	- fabric-loot-api-v3 1.0.26+203e6b2304
	- fabric-message-api-v1 6.0.26+238a33c004
	- fabric-model-loading-api-v1 4.3.0+ae23723504
	- fabric-networking-api-v1 4.4.0+db5e668204
	- fabric-object-builder-api-v1 18.0.14+38b0d59804
	- fabric-particles-v1 4.0.14+7feeb73304
	- fabric-recipe-api-v1 8.1.1+640e77ae04
	- fabric-registry-sync-v0 6.1.11+4a9c1ece04
	- fabric-renderer-api-v1 5.0.3+50f0feb204
	- fabric-renderer-indigo 2.0.3+50f0feb204
	- fabric-rendering-data-attachment-v1 0.3.58+73761d2e04
	- fabric-rendering-fluids-v1 3.1.19+7feeb73304
	- fabric-rendering-v1 10.2.1+0d31b09f04
	- fabric-resource-conditions-api-v1 5.0.13+203e6b2304
	- fabric-resource-loader-v0 3.1.1+360374ac04
	- fabric-screen-api-v1 2.0.38+7feeb73304
	- fabric-screen-handler-api-v1 1.3.118+7feeb73304
	- fabric-sound-api-v1 1.0.32+7feeb73304
	- fabric-tag-api-v1 1.0.7+7d48d43904
	- fabric-transfer-api-v1 5.4.9+efa825c904
	- fabric-transitive-access-wideners-v1 6.3.2+56e78b9b04
	- fabricloader 0.16.14
	- java 21
	- minecraft 1.21.4
	- mixinextras 0.4.1
	- vurstvisual 1.0-SNAPSHOT
[20:12:06] [main/INFO] (FabricLoader/Mixin) SpongePowered MIXIN Subsystem Version=0.8.7 Source=file:/C:/Users/0pcho/.gradle/caches/modules-2/files-2.1/net.fabricmc/sponge-mixin/0.15.5+mixin.0.8.7/22f9eb729e216a091673a574a5906dc1b9027fb3/sponge-mixin-0.15.5+mixin.0.8.7.jar Service=Knot/Fabric Env=CLIENT
[20:12:06] [main/INFO] (FabricLoader/Mixin) Loaded Fabric development mappings for mixin remapper!
[20:12:06] [main/INFO] (FabricLoader/Mixin) Compatibility level set to JAVA_21
[20:12:08] [main/INFO] (FabricLoader/MixinExtras|Service) Initializing MixinExtras via com.llamalad7.mixinextras.service.MixinExtrasServiceImpl(version=0.4.1).
[20:12:09] [Datafixer Bootstrap/INFO] (Minecraft) 243 Datafixer optimizations took 299 milliseconds
[20:12:15] [Render thread/INFO] (Minecraft) Environment: Environment[sessionHost=https://sessionserver.mojang.com, servicesHost=https://api.minecraftservices.com, name=PROD]
[20:12:15] [Render thread/INFO] (Minecraft) Setting user: Player841
[20:12:15] [Render thread/INFO] (Indigo) [Indigo] Registering Indigo renderer!
[20:12:16] [Render thread/INFO] (Minecraft) Backend library: LWJGL version 3.3.3-snapshot
[20:12:17] [Render thread/INFO] (Minecraft) Reloading ResourceManager: vanilla, fabric, fabric-api, fabric-api-base, fabric-api-lookup-api-v1, fabric-biome-api-v1, fabric-block-api-v1, fabric-block-view-api-v2, fabric-blockrenderlayer-v1, fabric-client-gametest-api-v1, fabric-client-tags-api-v1, fabric-command-api-v1, fabric-command-api-v2, fabric-commands-v0, fabric-content-registries-v0, fabric-convention-tags-v1, fabric-convention-tags-v2, fabric-crash-report-info-v1, fabric-data-attachment-api-v1, fabric-data-generation-api-v1, fabric-dimensions-v1, fabric-entity-events-v1, fabric-events-interaction-v0, fabric-game-rule-api-v1, fabric-gametest-api-v1, fabric-item-api-v1, fabric-item-group-api-v1, fabric-key-binding-api-v1, fabric-keybindings-v0, fabric-lifecycle-events-v1, fabric-loot-api-v2, fabric-loot-api-v3, fabric-message-api-v1, fabric-model-loading-api-v1, fabric-networking-api-v1, fabric-object-builder-api-v1, fabric-particles-v1, fabric-recipe-api-v1, fabric-registry-sync-v0, fabric-renderer-api-v1, fabric-renderer-indigo, fabric-rendering-data-attachment-v1, fabric-rendering-fluids-v1, fabric-rendering-v1, fabric-resource-conditions-api-v1, fabric-resource-loader-v0, fabric-screen-api-v1, fabric-screen-handler-api-v1, fabric-sound-api-v1, fabric-tag-api-v1, fabric-transfer-api-v1, fabric-transitive-access-wideners-v1, fabricloader, vurstvisual
[20:12:17] [Worker-Main-2/INFO] (Minecraft) Found unifont_all_no_pua-16.0.01.hex, loading
[20:12:17] [Worker-Main-7/INFO] (Minecraft) Found unifont_jp_patch-16.0.01.hex, loading
[20:12:17] [Worker-Main-8/WARN] (Minecraft) File minecraft:sounds/headshot_spotted1.ogg does not exist, cannot add it to event vurstvisual:hitsound.headshot
[20:12:17] [Worker-Main-8/WARN] (Minecraft) File minecraft:sounds/job_done.ogg does not exist, cannot add it to event vurstvisual:hitsound.jobdone
[20:12:17] [Worker-Main-8/WARN] (Minecraft) File minecraft:sounds/knob.ogg does not exist, cannot add it to event vurstvisual:hitsound.knob
[20:12:17] [Worker-Main-8/WARN] (Minecraft) File minecraft:sounds/light.ogg does not exist, cannot add it to event vurstvisual:hitsound.light
[20:12:17] [Worker-Main-8/WARN] (Minecraft) File minecraft:sounds/anime_female_short.ogg does not exist, cannot add it to event vurstvisual:hitsound.anime_female_short
[20:12:17] [Worker-Main-8/WARN] (Minecraft) File minecraft:sounds/cod_hitmarker.ogg does not exist, cannot add it to event vurstvisual:hitsound.cod_hitmarker
[20:12:17] [Worker-Main-8/WARN] (Minecraft) File minecraft:sounds/click1.ogg does not exist, cannot add it to event vurstvisual:hitsound.click1
[20:12:17] [Worker-Main-8/WARN] (Minecraft) File minecraft:sounds/click3.ogg does not exist, cannot add it to event vurstvisual:hitsound.click3
[20:12:17] [Worker-Main-8/WARN] (Minecraft) File minecraft:sounds/nyashka.ogg does not exist, cannot add it to event vurstvisual:hitsound.nyashka
[20:12:17] [Worker-Main-8/WARN] (Minecraft) File minecraft:sounds/hitsounds/abmiss.ogg does not exist, cannot add it to event vurstvisual:kill_effect.abmiss
[20:12:18] [Render thread/INFO] (Minecraft) OpenAL initialized on device OpenAL Soft on Headset Earphone (G435 SE Wireless Gaming Headset)
[20:12:18] [Render thread/INFO] (Minecraft) Sound engine started
[20:12:18] [Render thread/INFO] (Minecraft) Created: 1024x512x4 minecraft:textures/atlas/blocks.png-atlas
[20:12:18] [Render thread/INFO] (Minecraft) Created: 256x256x4 minecraft:textures/atlas/signs.png-atlas
[20:12:18] [Render thread/INFO] (Minecraft) Created: 512x512x4 minecraft:textures/atlas/shield_patterns.png-atlas
[20:12:18] [Render thread/INFO] (Minecraft) Created: 512x512x4 minecraft:textures/atlas/banner_patterns.png-atlas
[20:12:18] [Render thread/INFO] (Minecraft) Created: 2048x1024x4 minecraft:textures/atlas/armor_trims.png-atlas
[20:12:18] [Render thread/INFO] (Minecraft) Created: 128x64x4 minecraft:textures/atlas/decorated_pot.png-atlas
[20:12:18] [Render thread/INFO] (Minecraft) Created: 256x256x4 minecraft:textures/atlas/chest.png-atlas
[20:12:18] [Render thread/INFO] (Minecraft) Created: 512x256x4 minecraft:textures/atlas/shulker_boxes.png-atlas
[20:12:18] [Render thread/INFO] (Minecraft) Created: 512x256x4 minecraft:textures/atlas/beds.png-atlas
[20:12:18] [Render thread/INFO] (Minecraft) Created: 64x64x0 minecraft:textures/atlas/map_decorations.png-atlas
[20:12:19] [Render thread/INFO] (Minecraft) Created: 512x256x0 minecraft:textures/atlas/particles.png-atlas
[20:12:19] [Render thread/INFO] (Minecraft) Created: 512x256x0 minecraft:textures/atlas/paintings.png-atlas
[20:12:19] [Render thread/INFO] (Minecraft) Created: 256x128x0 minecraft:textures/atlas/mob_effects.png-atlas
[20:12:19] [Render thread/INFO] (Minecraft) Created: 1024x512x0 minecraft:textures/atlas/gui.png-atlas
[20:12:39] [Render thread/INFO] (Minecraft) Reloading ResourceManager: vanilla, fabric, fabric-api, fabric-api-base, fabric-api-lookup-api-v1, fabric-biome-api-v1, fabric-block-api-v1, fabric-block-view-api-v2, fabric-blockrenderlayer-v1, fabric-client-gametest-api-v1, fabric-client-tags-api-v1, fabric-command-api-v1, fabric-command-api-v2, fabric-commands-v0, fabric-content-registries-v0, fabric-convention-tags-v1, fabric-convention-tags-v2, fabric-crash-report-info-v1, fabric-data-attachment-api-v1, fabric-data-generation-api-v1, fabric-dimensions-v1, fabric-entity-events-v1, fabric-events-interaction-v0, fabric-game-rule-api-v1, fabric-gametest-api-v1, fabric-item-api-v1, fabric-item-group-api-v1, fabric-key-binding-api-v1, fabric-keybindings-v0, fabric-lifecycle-events-v1, fabric-loot-api-v2, fabric-loot-api-v3, fabric-message-api-v1, fabric-model-loading-api-v1, fabric-networking-api-v1, fabric-object-builder-api-v1, fabric-particles-v1, fabric-recipe-api-v1, fabric-registry-sync-v0, fabric-renderer-api-v1, fabric-renderer-indigo, fabric-rendering-data-attachment-v1, fabric-rendering-fluids-v1, fabric-rendering-v1, fabric-resource-conditions-api-v1, fabric-resource-loader-v0, fabric-screen-api-v1, fabric-screen-handler-api-v1, fabric-sound-api-v1, fabric-tag-api-v1, fabric-transfer-api-v1, fabric-transitive-access-wideners-v1, fabricloader, vurstvisual
[20:12:39] [Worker-Main-9/INFO] (Minecraft) Found unifont_all_no_pua-16.0.01.hex, loading
[20:12:39] [Worker-Main-2/WARN] (Minecraft) File minecraft:sounds/headshot_spotted1.ogg does not exist, cannot add it to event vurstvisual:hitsound.headshot
[20:12:39] [Worker-Main-2/WARN] (Minecraft) File minecraft:sounds/job_done.ogg does not exist, cannot add it to event vurstvisual:hitsound.jobdone
[20:12:39] [Worker-Main-2/WARN] (Minecraft) File minecraft:sounds/knob.ogg does not exist, cannot add it to event vurstvisual:hitsound.knob
[20:12:39] [Worker-Main-2/WARN] (Minecraft) File minecraft:sounds/light.ogg does not exist, cannot add it to event vurstvisual:hitsound.light
[20:12:39] [Worker-Main-2/WARN] (Minecraft) File minecraft:sounds/anime_female_short.ogg does not exist, cannot add it to event vurstvisual:hitsound.anime_female_short
[20:12:39] [Worker-Main-2/WARN] (Minecraft) File minecraft:sounds/cod_hitmarker.ogg does not exist, cannot add it to event vurstvisual:hitsound.cod_hitmarker
[20:12:39] [Worker-Main-2/WARN] (Minecraft) File minecraft:sounds/click1.ogg does not exist, cannot add it to event vurstvisual:hitsound.click1
[20:12:39] [Worker-Main-2/WARN] (Minecraft) File minecraft:sounds/click3.ogg does not exist, cannot add it to event vurstvisual:hitsound.click3
[20:12:39] [Worker-Main-2/WARN] (Minecraft) File minecraft:sounds/nyashka.ogg does not exist, cannot add it to event vurstvisual:hitsound.nyashka
[20:12:39] [Worker-Main-2/WARN] (Minecraft) File minecraft:sounds/hitsounds/abmiss.ogg does not exist, cannot add it to event vurstvisual:kill_effect.abmiss
[20:12:39] [Worker-Main-2/INFO] (Minecraft) Found unifont_jp_patch-16.0.01.hex, loading
[20:12:40] [Render thread/INFO] (Minecraft) OpenAL initialized on device OpenAL Soft on Headset Earphone (G435 SE Wireless Gaming Headset)
[20:12:40] [Render thread/INFO] (Minecraft) Sound engine started
[20:12:40] [Render thread/INFO] (Minecraft) Created: 1024x512x4 minecraft:textures/atlas/blocks.png-atlas
[20:12:40] [Render thread/INFO] (Minecraft) Created: 256x256x4 minecraft:textures/atlas/signs.png-atlas
[20:12:40] [Render thread/INFO] (Minecraft) Created: 512x512x4 minecraft:textures/atlas/shield_patterns.png-atlas
[20:12:40] [Render thread/INFO] (Minecraft) Created: 512x512x4 minecraft:textures/atlas/banner_patterns.png-atlas
[20:12:40] [Render thread/INFO] (Minecraft) Created: 2048x1024x4 minecraft:textures/atlas/armor_trims.png-atlas
[20:12:40] [Render thread/INFO] (Minecraft) Created: 128x64x4 minecraft:textures/atlas/decorated_pot.png-atlas
[20:12:40] [Render thread/INFO] (Minecraft) Created: 256x256x4 minecraft:textures/atlas/chest.png-atlas
[20:12:40] [Render thread/INFO] (Minecraft) Created: 512x256x4 minecraft:textures/atlas/shulker_boxes.png-atlas
[20:12:40] [Render thread/INFO] (Minecraft) Created: 512x256x4 minecraft:textures/atlas/beds.png-atlas
[20:12:40] [Render thread/INFO] (Minecraft) Created: 64x64x0 minecraft:textures/atlas/map_decorations.png-atlas
[20:12:40] [Render thread/INFO] (Minecraft) Created: 512x256x0 minecraft:textures/atlas/particles.png-atlas
[20:12:40] [Render thread/INFO] (Minecraft) Created: 512x256x0 minecraft:textures/atlas/paintings.png-atlas
[20:12:40] [Render thread/INFO] (Minecraft) Created: 256x128x0 minecraft:textures/atlas/mob_effects.png-atlas
[20:12:40] [Render thread/INFO] (Minecraft) Created: 1024x512x0 minecraft:textures/atlas/gui.png-atlas
[20:14:23] [Render thread/INFO] (Minecraft) Connecting to pvp.mioclient.me, 25565
[20:14:24] [Render thread/INFO] (Minecraft) [System] [CHAT] Player841 joined the game
[20:14:24] [Render thread/INFO] (Minecraft) Loaded 7 advancements
[20:14:25] [Render thread/INFO] (Minecraft) [System] [CHAT] Grim » Alerts enabled
[20:14:25] [Render thread/INFO] (Minecraft) [System] [CHAT] Grim » Verbose enabled
[20:14:25] [Render thread/INFO] (Minecraft) [System] [CHAT] Открылся новый пиратский тест сервер! Переходи туда: pvp.thunderhack.pw
[20:14:25] [Render thread/INFO] (Minecraft) [System] [CHAT] Grim » ReymyPidor failed PacketOrderO* (x60) type=PONG
[20:14:25] [Render thread/INFO] (Minecraft) [System] [CHAT] Grim » ReymyPidor failed PacketOrderO* (x61) type=PONG
[20:14:25] [Render thread/INFO] (Minecraft) [System] [CHAT] Grim » ReymyPidor failed PacketOrderO* (x62) type=PONG
[20:14:25] [Render thread/INFO] (Minecraft) [System] [CHAT] Grim » ReymyPidor failed PacketOrderO* (x63) type=PONG
[20:14:25] [Render thread/INFO] (Minecraft) [System] [CHAT] Grim » ReymyPidor failed PacketOrderO* (x64) type=PONG
[20:14:25] [Render thread/INFO] (Minecraft) [System] [CHAT] Grim » ReymyPidor failed TickTimer (x3) type=flying, packets=3
[20:14:25] [Render thread/INFO] (Minecraft) [System] [CHAT] Grim » ReymyPidor failed PacketOrderO* (x65) type=PONG
[20:14:25] [Render thread/INFO] (Minecraft) [System] [CHAT] Grim » ReymyPidor failed PacketOrderO* (x66) type=PONG
[20:14:26] [Render thread/INFO] (Minecraft) [System] [CHAT] Grim » ReymyPidor failed PacketOrderO* (x67) type=PONG
[20:14:26] [Render thread/INFO] (Minecraft) [System] [CHAT] Grim » ReymyPidor failed PacketOrderO* (x68) type=TELEPORT_CONFIRM
[20:14:26] [Render thread/INFO] (Minecraft) [System] [CHAT] Grim » ReymyPidor failed PacketOrderO* (x69) type=PLAYER_POSITION_AND_ROTATION
[20:14:26] [Render thread/INFO] (Minecraft) [System] [CHAT] Grim » ReymyPidor failed PacketOrderO* (x70) type=PONG
[20:14:26] [Render thread/INFO] (Minecraft) [System] [CHAT] Grim » ReymyPidor failed PacketOrderO* (x71) type=PONG
[20:14:26] [Render thread/INFO] (Minecraft) [System] [CHAT] Grim » ReymyPidor failed PacketOrderO* (x72) type=PONG
[20:14:26] [Render thread/INFO] (Minecraft) [System] [CHAT] Grim » ReymyPidor failed PacketOrderO* (x73) type=PONG
[20:14:26] [Render thread/INFO] (Minecraft) [System] [CHAT] The scaffold area has been cleared
[20:14:43] [Render thread/INFO] (Minecraft) [System] [CHAT] d10_brand0 left the game
[20:14:50] [Render thread/INFO] (Minecraft) [System] [CHAT] fungetx left the game
[20:14:56] [Render thread/INFO] (Minecraft) [System] [CHAT] ReymyPidor left the game
[20:15:21] [Render thread/INFO] (Minecraft) [System] [CHAT] ReymyPidor joined the game
[20:15:21] [Render thread/INFO] (Minecraft) [System] [CHAT] dsfauweaf joined the game
[20:15:24] [Render thread/INFO] (Minecraft) [System] [CHAT] Grim » Player398 failed NegativeTimer* (x1) -1550
[20:15:24] [Render thread/INFO] (Minecraft) [System] [CHAT] Grim » Player398 failed NegativeTimer* (x2) -1500
[20:15:24] [Render thread/INFO] (Minecraft) [System] [CHAT] Grim » Player398 failed NegativeTimer* (x3) -1450
[20:15:24] [Render thread/INFO] (Minecraft) [System] [CHAT] Grim » Player398 failed NegativeTimer* (x4) -1399
[20:15:24] [Render thread/INFO] (Minecraft) [System] [CHAT] Grim » Player398 failed NegativeTimer* (x5) -1349
[20:15:24] [Render thread/INFO] (Minecraft) [System] [CHAT] Grim » ReymyPidor failed BadPacketsV* (x1) delta=0.0
[20:15:24] [Render thread/INFO] (Minecraft) [System] [CHAT] Grim » ReymyPidor failed PacketOrderO* (x1) type=PONG
[20:15:24] [Render thread/INFO] (Minecraft) [System] [CHAT] Grim » ReymyPidor failed PacketOrderO* (x1) type=PONG
[20:15:24] [Render thread/INFO] (Minecraft) [System] [CHAT] Grim » ReymyPidor failed PacketOrderO* (x2) type=PONG
[20:15:24] [Render thread/INFO] (Minecraft) [System] [CHAT] Grim » ReymyPidor failed PacketOrderO* (x3) type=PONG
[20:15:24] [Render thread/INFO] (Minecraft) [System] [CHAT] Grim » ReymyPidor failed PacketOrderO* (x4) type=PONG
[20:15:24] [Render thread/INFO] (Minecraft) [System] [CHAT] Grim » ReymyPidor failed PacketOrderO* (x5) type=PONG
[20:15:24] [Render thread/INFO] (Minecraft) [System] [CHAT] Grim » ReymyPidor failed PacketOrderO* (x6) type=PONG
[20:15:24] [Render thread/INFO] (Minecraft) [System] [CHAT] Grim » ReymyPidor failed PacketOrderO* (x7) type=PONG
[20:15:24] [Render thread/INFO] (Minecraft) [System] [CHAT] Grim » ReymyPidor failed PacketOrderO* (x8) type=PONG
[20:15:24] [Render thread/INFO] (Minecraft) [System] [CHAT] Grim » ReymyPidor failed PacketOrderO* (x9) type=PONG
[20:15:25] [Render thread/INFO] (Minecraft) [System] [CHAT] Grim » ReymyPidor failed PacketOrderO* (x10) type=PONG
[20:15:25] [Render thread/INFO] (Minecraft) [System] [CHAT] Grim » ReymyPidor failed PacketOrderO* (x11) type=PONG
[20:15:25] [Render thread/INFO] (Minecraft) [System] [CHAT] Grim » ReymyPidor failed PacketOrderO* (x12) type=PONG
[20:15:25] [Render thread/INFO] (Minecraft) [System] [CHAT] Grim » ReymyPidor failed PacketOrderO* (x13) type=PONG
[20:15:25] [Render thread/INFO] (Minecraft) [System] [CHAT] Grim » ReymyPidor failed PacketOrderO* (x14) type=PONG
[20:15:25] [Render thread/INFO] (Minecraft) [System] [CHAT] Grim » ReymyPidor failed PacketOrderO* (x15) type=PONG
[20:15:25] [Render thread/INFO] (Minecraft) [System] [CHAT] Grim » ReymyPidor failed PacketOrderO* (x16) type=PONG
[20:15:25] [Render thread/INFO] (Minecraft) [System] [CHAT] Grim » ReymyPidor failed PacketOrderO* (x17) type=PONG
[20:15:25] [Render thread/INFO] (Minecraft) [System] [CHAT] Grim » ReymyPidor failed PacketOrderO* (x18) type=PONG
[20:15:25] [Render thread/INFO] (Minecraft) [System] [CHAT] Grim » ReymyPidor failed PacketOrderO* (x19) type=PONG
[20:15:25] [Render thread/INFO] (Minecraft) [System] [CHAT] Grim » ReymyPidor failed TickTimer (x1) type=flying, packets=1
[20:15:25] [Render thread/INFO] (Minecraft) [System] [CHAT] Grim » ReymyPidor failed BadPacketsV* (x2) delta=0.0
[20:15:25] [Render thread/INFO] (Minecraft) [System] [CHAT] Grim » ReymyPidor failed PacketOrderO* (x20) type=PONG
[20:15:25] [Render thread/INFO] (Minecraft) [System] [CHAT] Grim » ReymyPidor failed PacketOrderO* (x21) type=PONG
[20:15:25] [Render thread/INFO] (Minecraft) [System] [CHAT] Grim » ReymyPidor failed PacketOrderO* (x22) type=PONG
[20:15:25] [Render thread/INFO] (Minecraft) [System] [CHAT] Grim » ReymyPidor failed PacketOrderO* (x23) type=PONG
[20:15:25] [Render thread/INFO] (Minecraft) [System] [CHAT] Grim » ReymyPidor failed PacketOrderO* (x24) type=PONG
[20:15:25] [Render thread/INFO] (Minecraft) [System] [CHAT] Grim » ReymyPidor failed PacketOrderO* (x25) type=PONG
[20:15:25] [Render thread/INFO] (Minecraft) [System] [CHAT] Grim » ReymyPidor failed PacketOrderO* (x26) type=PONG
[20:15:25] [Render thread/INFO] (Minecraft) [System] [CHAT] Grim » ReymyPidor failed PacketOrderO* (x27) type=PONG
[20:15:25] [Render thread/INFO] (Minecraft) [System] [CHAT] Grim » ReymyPidor failed PacketOrderO* (x28) type=PONG
[20:15:26] [Render thread/INFO] (Minecraft) [System] [CHAT] Grim » ReymyPidor failed PacketOrderO* (x29) type=PONG
[20:15:26] [Render thread/INFO] (Minecraft) [System] [CHAT] Grim » ReymyPidor failed PacketOrderO* (x30) type=PONG
[20:15:26] [Render thread/INFO] (Minecraft) [System] [CHAT] Grim » ReymyPidor failed PacketOrderO* (x31) type=PONG
[20:15:26] [Render thread/INFO] (Minecraft) [System] [CHAT] Grim » ReymyPidor failed PacketOrderO* (x32) type=PONG
[20:15:26] [Render thread/INFO] (Minecraft) [System] [CHAT] Grim » ReymyPidor failed PacketOrderO* (x33) type=PONG
[20:15:26] [Render thread/INFO] (Minecraft) [System] [CHAT] Grim » ReymyPidor failed PacketOrderO* (x34) type=PONG
[20:15:26] [Render thread/INFO] (Minecraft) [System] [CHAT] Grim » ReymyPidor failed PacketOrderO* (x35) type=PONG
[20:15:26] [Render thread/INFO] (Minecraft) [System] [CHAT] Grim » ReymyPidor failed PacketOrderO* (x35) type=PONG
[20:15:26] [Render thread/INFO] (Minecraft) [System] [CHAT] Grim » ReymyPidor failed TickTimer (x2) type=flying, packets=2
[20:15:26] [Render thread/INFO] (Minecraft) [System] [CHAT] Grim » ReymyPidor failed BadPacketsV* (x3) delta=0.0
[20:15:26] [Render thread/INFO] (Minecraft) [System] [CHAT] Grim » ReymyPidor failed PacketOrderO* (x36) type=PONG
[20:15:26] [Render thread/INFO] (Minecraft) [System] [CHAT] Grim » ReymyPidor failed PacketOrderO* (x36) type=TELEPORT_CONFIRM
[20:15:26] [Render thread/INFO] (Minecraft) [System] [CHAT] Grim » ReymyPidor failed PacketOrderO* (x37) type=PLAYER_POSITION_AND_ROTATION
[20:15:26] [Render thread/INFO] (Minecraft) [System] [CHAT] Grim » ReymyPidor failed PacketOrderO* (x38) type=PONG
[20:15:26] [Render thread/INFO] (Minecraft) [System] [CHAT] Grim » ReymyPidor failed PacketOrderO* (x38) type=PONG
[20:15:26] [Render thread/INFO] (Minecraft) [System] [CHAT] Grim » ReymyPidor failed PacketOrderO* (x39) type=PONG
[20:15:26] [Render thread/INFO] (Minecraft) [System] [CHAT] Grim » ReymyPidor failed PacketOrderO* (x40) type=PONG
[20:15:26] [Render thread/INFO] (Minecraft) [System] [CHAT] Grim » ReymyPidor failed PacketOrderO* (x41) type=PONG
[20:15:26] [Render thread/INFO] (Minecraft) [System] [CHAT] Grim » ReymyPidor failed PacketOrderO* (x42) type=PONG
[20:15:26] [Render thread/INFO] (Minecraft) [System] [CHAT] Grim » ReymyPidor failed PacketOrderO* (x43) type=PONG
[20:15:26] [Render thread/INFO] (Minecraft) [System] [CHAT] Grim » ReymyPidor failed PacketOrderO* (x44) type=PONG
[20:15:26] [Render thread/INFO] (Minecraft) [System] [CHAT] Grim » ReymyPidor failed PacketOrderO* (x45) type=PONG
[20:15:27] [Render thread/INFO] (Minecraft) [System] [CHAT] Grim » ReymyPidor failed PacketOrderO* (x46) type=PONG
[20:15:27] [Render thread/INFO] (Minecraft) [System] [CHAT] Grim » ReymyPidor failed PacketOrderO* (x47) type=PONG
[20:15:27] [Render thread/INFO] (Minecraft) [System] [CHAT] Grim » ReymyPidor failed PacketOrderO* (x48) type=PONG
[20:15:27] [Render thread/INFO] (Minecraft) [System] [CHAT] Grim » ReymyPidor failed PacketOrderO* (x49) type=PONG
[20:15:27] [Render thread/INFO] (Minecraft) [System] [CHAT] Grim » ReymyPidor failed PacketOrderO* (x50) type=PONG
[20:15:27] [Render thread/INFO] (Minecraft) [System] [CHAT] Grim » ReymyPidor failed PacketOrderO* (x51) type=PONG
[20:15:27] [Render thread/INFO] (Minecraft) [System] [CHAT] Grim » ReymyPidor failed PacketOrderO* (x52) type=PONG
[20:15:27] [Render thread/INFO] (Minecraft) [System] [CHAT] Grim » ReymyPidor failed PacketOrderO* (x53) type=PONG
[20:15:27] [Render thread/INFO] (Minecraft) [System] [CHAT] Grim » ReymyPidor failed TickTimer (x3) type=flying, packets=3
[20:15:27] [Render thread/INFO] (Minecraft) [System] [CHAT] Grim » ReymyPidor failed PacketOrderO* (x54) type=PONG
[20:15:27] [Render thread/INFO] (Minecraft) [System] [CHAT] Grim » ReymyPidor failed PacketOrderO* (x55) type=PONG
[20:15:27] [Render thread/INFO] (Minecraft) [System] [CHAT] Grim » ReymyPidor failed PacketOrderO* (x56) type=PONG
[20:15:27] [Render thread/INFO] (Minecraft) [System] [CHAT] Grim » ReymyPidor failed PacketOrderO* (x57) type=TELEPORT_CONFIRM
[20:15:27] [Render thread/INFO] (Minecraft) [System] [CHAT] Grim » ReymyPidor failed PacketOrderO* (x58) type=PLAYER_POSITION_AND_ROTATION
[20:15:27] [Render thread/INFO] (Minecraft) [System] [CHAT] Grim » ReymyPidor failed PacketOrderO* (x59) type=PONG
[20:15:27] [Render thread/INFO] (Minecraft) [System] [CHAT] Grim » ReymyPidor failed PacketOrderO* (x60) type=PONG
[20:15:27] [Render thread/INFO] (Minecraft) [System] [CHAT] Grim » ReymyPidor failed PacketOrderO* (x61) type=PONG
[20:15:27] [Render thread/INFO] (Minecraft) [System] [CHAT] Grim » ReymyPidor failed PacketOrderO* (x62) type=PONG
[20:15:27] [Render thread/INFO] (Minecraft) [System] [CHAT] Grim » ReymyPidor failed PacketOrderO* (x63) type=PONG
[20:15:27] [Render thread/INFO] (Minecraft) [System] [CHAT] Grim » ReymyPidor failed PacketOrderO* (x64) type=PONG
[20:15:27] [Render thread/INFO] (Minecraft) [System] [CHAT] Grim » ReymyPidor failed PacketOrderO* (x65) type=PONG
[20:15:27] [Render thread/INFO] (Minecraft) [System] [CHAT] Grim » ReymyPidor failed PacketOrderO* (x66) type=PONG
[20:15:27] [Render thread/INFO] (Minecraft) [System] [CHAT] Grim » ReymyPidor failed PacketOrderO* (x67) type=PONG
[20:15:27] [Render thread/INFO] (Minecraft) [System] [CHAT] Grim » ReymyPidor failed PacketOrderO* (x68) type=PONG
[20:15:28] [Render thread/INFO] (Minecraft) [System] [CHAT] Grim » ReymyPidor failed PacketOrderO* (x69) type=PONG
[20:15:28] [Render thread/INFO] (Minecraft) [System] [CHAT] Grim » ReymyPidor failed PacketOrderO* (x70) type=PONG
[20:15:28] [Render thread/INFO] (Minecraft) [System] [CHAT] Grim » ReymyPidor failed PacketOrderO* (x71) type=PONG
[20:15:28] [Render thread/INFO] (Minecraft) [System] [CHAT] Grim » ReymyPidor failed PacketOrderO* (x72) type=PONG
[20:15:28] [Render thread/INFO] (Minecraft) [System] [CHAT] Grim » ReymyPidor failed PacketOrderO* (x73) type=PONG
[20:15:28] [Render thread/INFO] (Minecraft) [System] [CHAT] Grim » ReymyPidor failed PacketOrderO* (x74) type=PONG
[20:15:28] [Render thread/INFO] (Minecraft) [System] [CHAT] Grim » ReymyPidor failed PacketOrderO* (x75) type=PONG
[20:15:28] [Render thread/INFO] (Minecraft) [System] [CHAT] Grim » ReymyPidor failed PacketOrderO* (x76) type=PONG
[20:15:28] [Render thread/INFO] (Minecraft) [System] [CHAT] Grim » ReymyPidor failed TickTimer (x4) type=flying, packets=4
[20:15:28] [Render thread/INFO] (Minecraft) [System] [CHAT] Grim » ReymyPidor failed PacketOrderO* (x77) type=PONG
[20:15:28] [Render thread/INFO] (Minecraft) [System] [CHAT] Grim » ReymyPidor failed PacketOrderO* (x78) type=PONG
[20:15:28] [Render thread/INFO] (Minecraft) [System] [CHAT] Grim » ReymyPidor failed PacketOrderO* (x79) type=TELEPORT_CONFIRM
[20:15:28] [Render thread/INFO] (Minecraft) [System] [CHAT] Grim » ReymyPidor failed PacketOrderO* (x79) type=PLAYER_POSITION_AND_ROTATION
[20:15:28] [Render thread/INFO] (Minecraft) [System] [CHAT] Grim » ReymyPidor failed PacketOrderO* (x79) type=PONG
[20:15:28] [Render thread/INFO] (Minecraft) [System] [CHAT] Grim » ReymyPidor failed PacketOrderO* (x80) type=PONG
[20:15:28] [Render thread/INFO] (Minecraft) [System] [CHAT] Grim » ReymyPidor failed PacketOrderO* (x81) type=PONG
[20:15:28] [Render thread/INFO] (Minecraft) [System] [CHAT] Grim » ReymyPidor failed PacketOrderO* (x82) type=PONG
[20:15:28] [Render thread/INFO] (Minecraft) [System] [CHAT] Grim » ReymyPidor failed PacketOrderO* (x83) type=PONG
[20:15:28] [Render thread/INFO] (Minecraft) [System] [CHAT] Grim » ReymyPidor failed PacketOrderO* (x84) type=PONG
[20:15:28] [Render thread/INFO] (Minecraft) [System] [CHAT] Grim » ReymyPidor failed PacketOrderO* (x85) type=PONG
[20:15:29] [Render thread/INFO] (Minecraft) [System] [CHAT] Grim » ReymyPidor failed PacketOrderO* (x86) type=PONG
[20:15:29] [Render thread/INFO] (Minecraft) [System] [CHAT] Grim » ReymyPidor failed PacketOrderO* (x87) type=PONG
[20:15:29] [Render thread/INFO] (Minecraft) [System] [CHAT] Grim » ReymyPidor failed PacketOrderO* (x88) type=PONG
[20:15:29] [Render thread/INFO] (Minecraft) [System] [CHAT] Grim » ReymyPidor failed PacketOrderO* (x89) type=PONG
[20:15:29] [Render thread/INFO] (Minecraft) [System] [CHAT] Grim » ReymyPidor failed PacketOrderO* (x90) type=PONG
[20:15:29] [Render thread/INFO] (Minecraft) [System] [CHAT] Grim » ReymyPidor failed PacketOrderO* (x91) type=PONG
[20:15:29] [Render thread/INFO] (Minecraft) [System] [CHAT] Grim » ReymyPidor failed PacketOrderO* (x92) type=PONG
[20:15:29] [Render thread/INFO] (Minecraft) [System] [CHAT] Grim » ReymyPidor failed PacketOrderO* (x93) type=PONG
[20:15:29] [Render thread/INFO] (Minecraft) [System] [CHAT] Grim » ReymyPidor failed TickTimer (x5) type=flying, packets=5
[20:15:29] [Render thread/INFO] (Minecraft) [System] [CHAT] Grim » ReymyPidor failed PacketOrderO* (x94) type=PONG
[20:15:29] [Render thread/INFO] (Minecraft) [System] [CHAT] Grim » ReymyPidor failed PacketOrderO* (x95) type=PONG
[20:15:29] [Render thread/INFO] (Minecraft) [System] [CHAT] Grim » ReymyPidor failed PacketOrderO* (x96) type=PONG
[20:15:29] [Render thread/INFO] (Minecraft) [System] [CHAT] Grim » ReymyPidor failed PacketOrderO* (x97) type=TELEPORT_CONFIRM
[20:15:29] [Render thread/INFO] (Minecraft) [System] [CHAT] Grim » ReymyPidor failed PacketOrderO* (x98) type=PLAYER_POSITION_AND_ROTATION
[20:15:29] [Render thread/INFO] (Minecraft) [System] [CHAT] Grim » ReymyPidor failed PacketOrderO* (x99) type=PONG
[20:15:29] [Render thread/INFO] (Minecraft) [System] [CHAT] Grim » ReymyPidor failed PacketOrderO* (x100) type=PONG
[20:15:29] [Render thread/INFO] (Minecraft) [System] [CHAT] Grim » ReymyPidor failed PacketOrderO* (x101) type=PONG
[20:15:29] [Render thread/INFO] (Minecraft) [System] [CHAT] Grim » ReymyPidor failed PacketOrderO* (x102) type=PONG
[20:15:29] [Render thread/INFO] (Minecraft) [System] [CHAT] Grim » ReymyPidor failed PacketOrderO* (x103) type=PONG
[20:15:29] [Render thread/INFO] (Minecraft) [System] [CHAT] Grim » ReymyPidor failed PacketOrderO* (x104) type=PONG
[20:15:29] [Render thread/INFO] (Minecraft) [System] [CHAT] Grim » ReymyPidor failed PacketOrderO* (x105) type=PONG
[20:15:29] [Render thread/INFO] (Minecraft) [System] [CHAT] Grim » ReymyPidor failed PacketOrderO* (x106) type=PONG
[20:15:30] [Render thread/INFO] (Minecraft) [System] [CHAT] Grim » ReymyPidor failed PacketOrderO* (x107) type=PONG
[20:15:30] [Render thread/INFO] (Minecraft) [System] [CHAT] Grim » ReymyPidor failed PacketOrderO* (x108) type=PONG
[20:15:30] [Render thread/INFO] (Minecraft) [System] [CHAT] Grim » ReymyPidor failed PacketOrderO* (x109) type=PONG
[20:15:30] [Render thread/INFO] (Minecraft) [System] [CHAT] Grim » ReymyPidor failed PacketOrderO* (x110) type=PONG
[20:15:30] [Render thread/INFO] (Minecraft) [System] [CHAT] Grim » ReymyPidor failed PacketOrderO* (x111) type=PONG
[20:15:30] [Render thread/INFO] (Minecraft) [System] [CHAT] Grim » ReymyPidor failed PacketOrderO* (x112) type=PONG
[20:15:30] [Render thread/INFO] (Minecraft) [System] [CHAT] Grim » ReymyPidor failed PacketOrderO* (x113) type=PONG
[20:15:30] [Render thread/INFO] (Minecraft) [System] [CHAT] Grim » ReymyPidor failed PacketOrderO* (x114) type=PONG
[20:15:30] [Render thread/INFO] (Minecraft) [System] [CHAT] Grim » ReymyPidor failed TickTimer (x6) type=flying, packets=6
[20:15:30] [Render thread/INFO] (Minecraft) [System] [CHAT] Grim » ReymyPidor failed NegativeTimer* (x1) -2599
[20:15:30] [Render thread/INFO] (Minecraft) [System] [CHAT] Grim » ReymyPidor failed PacketOrderO* (x115) type=PONG
[20:15:30] [Render thread/INFO] (Minecraft) [System] [CHAT] Grim » ReymyPidor failed PacketOrderO* (x116) type=PONG
[20:15:30] [Render thread/INFO] (Minecraft) [System] [CHAT] Grim » ReymyPidor failed PacketOrderO* (x117) type=PONG
[20:15:30] [Render thread/INFO] (Minecraft) [System] [CHAT] Grim » ReymyPidor failed PacketOrderO* (x118) type=TELEPORT_CONFIRM
[20:15:30] [Render thread/INFO] (Minecraft) [System] [CHAT] Grim » ReymyPidor failed PacketOrderO* (x119) type=PLAYER_POSITION_AND_ROTATION
[20:15:30] [Render thread/INFO] (Minecraft) [System] [CHAT] Grim » ReymyPidor failed PacketOrderO* (x120) type=PONG
[20:15:30] [Render thread/INFO] (Minecraft) [System] [CHAT] Grim » ReymyPidor failed PacketOrderO* (x121) type=PONG
[20:15:30] [Render thread/INFO] (Minecraft) [System] [CHAT] Grim » ReymyPidor failed PacketOrderO* (x122) type=PONG
[20:15:30] [Render thread/INFO] (Minecraft) [System] [CHAT] Grim » ReymyPidor failed PacketOrderO* (x123) type=PONG
[20:15:30] [Render thread/INFO] (Minecraft) [System] [CHAT] Grim » ReymyPidor failed PacketOrderO* (x124) type=PONG
[20:15:30] [Render thread/INFO] (Minecraft) [System] [CHAT] Grim » ReymyPidor failed PacketOrderO* (x125) type=PONG
[20:15:30] [Render thread/INFO] (Minecraft) [System] [CHAT] Grim » ReymyPidor failed PacketOrderO* (x126) type=PONG
[20:15:30] [Render thread/INFO] (Minecraft) [System] [CHAT] Grim » ReymyPidor failed PacketOrderO* (x127) type=PONG
[20:15:30] [Render thread/INFO] (Minecraft) [System] [CHAT] Grim » ReymyPidor failed TickTimer (x7) type=end, packets=7
[20:15:35] [Render thread/INFO] (Minecraft) [System] [CHAT] Grim » Player398 failed BadPacketsV* (x6) delta=0.0
[20:15:35] [Render thread/INFO] (Minecraft) [System] [CHAT] Grim » ReymyPidor failed TickTimer (x8) type=flying, packets=1
[20:15:35] [Render thread/INFO] (Minecraft) [System] [CHAT] Grim » ReymyPidor failed TickTimer (x9) type=flying, packets=2
[20:15:35] [Render thread/INFO] (Minecraft) [System] [CHAT] Grim » ReymyPidor failed PacketOrderO* (x128) type=PONG
[20:15:35] [Render thread/INFO] (Minecraft) [System] [CHAT] Grim » ReymyPidor failed PacketOrderO* (x129) type=PONG
[20:15:35] [Render thread/INFO] (Minecraft) [System] [CHAT] Grim » ReymyPidor failed PacketOrderO* (x130) type=PONG
[20:15:35] [Render thread/INFO] (Minecraft) [System] [CHAT] Grim » ReymyPidor failed PacketOrderO* (x131) type=TELEPORT_CONFIRM
[20:15:35] [Render thread/INFO] (Minecraft) [System] [CHAT] Grim » ReymyPidor failed PacketOrderO* (x132) type=PLAYER_POSITION_AND_ROTATION
[20:15:35] [Render thread/INFO] (Minecraft) [System] [CHAT] Grim » ReymyPidor failed PacketOrderO* (x133) type=PONG
[20:15:35] [Render thread/INFO] (Minecraft) [System] [CHAT] Grim » ReymyPidor failed PacketOrderO* (x134) type=PONG
[20:15:35] [Render thread/INFO] (Minecraft) [System] [CHAT] Grim » ReymyPidor failed PacketOrderO* (x135) type=PONG
[20:15:35] [Render thread/INFO] (Minecraft) [System] [CHAT] Grim » ReymyPidor failed PacketOrderO* (x136) type=PONG
[20:15:35] [Render thread/INFO] (Minecraft) [System] [CHAT] Grim » ReymyPidor failed PacketOrderO* (x137) type=PONG
[20:15:35] [Render thread/INFO] (Minecraft) [System] [CHAT] Grim » ReymyPidor failed TickTimer (x10) type=flying, packets=3
[20:15:35] [Render thread/INFO] (Minecraft) [System] [CHAT] Grim » ReymyPidor failed Simulation (x1) .007015 /gl 82
[20:15:35] [Render thread/INFO] (Minecraft) [System] [CHAT] Grim » ReymyPidor failed TickTimer (x11) type=flying, packets=4
[20:15:35] [Render thread/INFO] (Minecraft) [System] [CHAT] Grim » ReymyPidor failed Simulation (x2) .005612 /gl 83
[20:15:35] [Render thread/INFO] (Minecraft) [System] [CHAT] Grim » ReymyPidor failed PacketOrderO* (x138) type=PONG
[20:15:35] [Render thread/INFO] (Minecraft) [System] [CHAT] Grim » ReymyPidor failed PacketOrderO* (x139) type=PONG
[20:15:35] [Render thread/INFO] (Minecraft) [System] [CHAT] Grim » ReymyPidor failed PacketOrderO* (x140) type=TELEPORT_CONFIRM
[20:15:35] [Render thread/INFO] (Minecraft) [System] [CHAT] Grim » ReymyPidor failed PacketOrderO* (x141) type=PLAYER_POSITION_AND_ROTATION
[20:15:35] [Render thread/INFO] (Minecraft) [System] [CHAT] Grim » ReymyPidor failed PacketOrderO* (x142) type=PONG
[20:15:35] [Render thread/INFO] (Minecraft) [System] [CHAT] Grim » ReymyPidor failed PacketOrderO* (x142) type=PONG
[20:15:35] [Render thread/INFO] (Minecraft) [System] [CHAT] Grim » ReymyPidor failed PacketOrderO* (x143) type=PONG
[20:15:35] [Render thread/INFO] (Minecraft) [System] [CHAT] Grim » ReymyPidor failed TickTimer (x12) type=flying, packets=5
[20:15:35] [Render thread/INFO] (Minecraft) [System] [CHAT] Grim » ReymyPidor failed TickTimer (x13) type=flying, packets=6
[20:15:35] [Render thread/INFO] (Minecraft) [System] [CHAT] Grim » ReymyPidor failed PacketOrderO* (x144) type=PONG
[20:15:35] [Render thread/INFO] (Minecraft) [System] [CHAT] Grim » ReymyPidor failed PacketOrderO* (x145) type=TELEPORT_CONFIRM
[20:15:35] [Render thread/INFO] (Minecraft) [System] [CHAT] Grim » ReymyPidor failed PacketOrderO* (x146) type=PLAYER_POSITION_AND_ROTATION
[20:15:35] [Render thread/INFO] (Minecraft) [System] [CHAT] Grim » ReymyPidor failed PacketOrderO* (x147) type=PONG
[20:15:35] [Render thread/INFO] (Minecraft) [System] [CHAT] Grim » ReymyPidor failed PacketOrderO* (x148) type=PONG
[20:15:35] [Render thread/INFO] (Minecraft) [System] [CHAT] Grim » ReymyPidor failed PacketOrderO* (x149) type=PONG
[20:15:35] [Render thread/INFO] (Minecraft) [System] [CHAT] Grim » ReymyPidor failed TickTimer (x14) type=flying, packets=7
[20:15:35] [Render thread/INFO] (Minecraft) [System] [CHAT] Grim » ReymyPidor failed Simulation (x3) .007016 /gl 84
[20:15:35] [Render thread/INFO] (Minecraft) [System] [CHAT] Grim » ReymyPidor failed PacketOrderO* (x150) type=PONG
[20:15:35] [Render thread/INFO] (Minecraft) [System] [CHAT] Grim » ReymyPidor failed TickTimer (x15) type=flying, packets=8
[20:15:35] [Render thread/INFO] (Minecraft) [System] [CHAT] Grim » ReymyPidor failed Simulation (x4) .005613 /gl 85
[20:15:36] [Render thread/INFO] (Minecraft) [System] [CHAT] Grim » ReymyPidor failed PacketOrderO* (x151) type=PONG
[20:15:36] [Render thread/INFO] (Minecraft) [System] [CHAT] Grim » ReymyPidor failed PacketOrderO* (x152) type=TELEPORT_CONFIRM
[20:15:36] [Render thread/INFO] (Minecraft) [System] [CHAT] Grim » ReymyPidor failed PacketOrderO* (x153) type=PLAYER_POSITION_AND_ROTATION
[20:15:36] [Render thread/INFO] (Minecraft) [System] [CHAT] Grim » ReymyPidor failed PacketOrderO* (x154) type=PONG
[20:15:36] [Render thread/INFO] (Minecraft) [System] [CHAT] Grim » ReymyPidor failed PacketOrderO* (x155) type=PONG
[20:15:36] [Render thread/INFO] (Minecraft) [System] [CHAT] Grim » ReymyPidor failed PacketOrderO* (x156) type=PONG
[20:15:36] [Render thread/INFO] (Minecraft) [System] [CHAT] Grim » ReymyPidor failed TickTimer (x16) type=flying, packets=9
[20:15:36] [Render thread/INFO] (Minecraft) [System] [CHAT] Grim » ReymyPidor failed TickTimer (x17) type=flying, packets=10
[20:15:36] [Render thread/INFO] (Minecraft) [System] [CHAT] Grim » ReymyPidor failed PacketOrderO* (x157) type=PONG
[20:15:36] [Render thread/INFO] (Minecraft) [System] [CHAT] Grim » ReymyPidor failed PacketOrderO* (x158) type=TELEPORT_CONFIRM
[20:15:36] [Render thread/INFO] (Minecraft) [System] [CHAT] Grim » ReymyPidor failed PacketOrderO* (x158) type=PLAYER_POSITION_AND_ROTATION
[20:15:36] [Render thread/INFO] (Minecraft) [System] [CHAT] Grim » ReymyPidor failed PacketOrderO* (x159) type=PONG
[20:15:36] [Render thread/INFO] (Minecraft) [System] [CHAT] Grim » ReymyPidor failed PacketOrderO* (x159) type=PONG
[20:15:36] [Render thread/INFO] (Minecraft) [System] [CHAT] Grim » ReymyPidor failed PacketOrderO* (x160) type=PONG
[20:15:36] [Render thread/INFO] (Minecraft) [System] [CHAT] Grim » ReymyPidor failed PacketOrderO* (x161) type=PONG
[20:15:36] [Render thread/INFO] (Minecraft) [System] [CHAT] Grim » ReymyPidor failed TickTimer (x18) type=flying, packets=11
[20:15:36] [Render thread/INFO] (Minecraft) [System] [CHAT] Grim » ReymyPidor failed Simulation (x5) .007017 /gl 86
[20:15:36] [Render thread/INFO] (Minecraft) [System] [CHAT] Grim » ReymyPidor failed TickTimer (x19) type=flying, packets=12
[20:15:36] [Render thread/INFO] (Minecraft) [System] [CHAT] Grim » ReymyPidor failed Simulation (x6) .005613 /gl 87
[20:15:36] [Render thread/INFO] (Minecraft) [System] [CHAT] Grim » ReymyPidor failed PacketOrderO* (x162) type=PONG
[20:15:36] [Render thread/INFO] (Minecraft) [System] [CHAT] Grim » ReymyPidor failed PacketOrderO* (x163) type=PONG
[20:15:36] [Render thread/INFO] (Minecraft) [System] [CHAT] Grim » ReymyPidor failed PacketOrderO* (x164) type=TELEPORT_CONFIRM
[20:15:36] [Render thread/INFO] (Minecraft) [System] [CHAT] Grim » ReymyPidor failed PacketOrderO* (x165) type=PLAYER_POSITION_AND_ROTATION
[20:15:36] [Render thread/INFO] (Minecraft) [System] [CHAT] Grim » ReymyPidor failed PacketOrderO* (x166) type=PONG
[20:15:36] [Render thread/INFO] (Minecraft) [System] [CHAT] Grim » ReymyPidor failed PacketOrderO* (x167) type=PONG
[20:15:36] [Render thread/INFO] (Minecraft) [System] [CHAT] Grim » ReymyPidor failed TickTimer (x20) type=flying, packets=13
[20:15:36] [Render thread/INFO] (Minecraft) [System] [CHAT] Grim » ReymyPidor failed PacketOrderO* (x168) type=PONG
[20:15:36] [Render thread/INFO] (Minecraft) [System] [CHAT] Grim » ReymyPidor failed PacketOrderO* (x169) type=PONG
[20:15:36] [Render thread/INFO] (Minecraft) [System] [CHAT] Grim » ReymyPidor failed TickTimer (x21) type=flying, packets=14
[20:15:36] [Render thread/INFO] (Minecraft) [System] [CHAT] Grim » ReymyPidor failed PacketOrderO* (x170) type=PONG
[20:15:36] [Render thread/INFO] (Minecraft) [System] [CHAT] Grim » ReymyPidor failed PacketOrderO* (x171) type=PONG
[20:15:36] [Render thread/INFO] (Minecraft) [System] [CHAT] Grim » ReymyPidor failed PacketOrderO* (x171) type=TELEPORT_CONFIRM
[20:15:36] [Render thread/INFO] (Minecraft) [System] [CHAT] Grim » ReymyPidor failed PacketOrderO* (x172) type=PLAYER_POSITION_AND_ROTATION
[20:15:36] [Render thread/INFO] (Minecraft) [System] [CHAT] Grim » ReymyPidor failed PacketOrderO* (x173) type=PONG
[20:15:36] [Render thread/INFO] (Minecraft) [System] [CHAT] Grim » ReymyPidor failed PacketOrderO* (x173) type=PONG
[20:15:36] [Render thread/INFO] (Minecraft) [System] [CHAT] Grim » ReymyPidor failed PacketOrderO* (x174) type=PONG
[20:15:36] [Render thread/INFO] (Minecraft) [System] [CHAT] Grim » ReymyPidor failed TickTimer (x22) type=flying, packets=15
[20:15:36] [Render thread/INFO] (Minecraft) [System] [CHAT] Grim » ReymyPidor failed Simulation (x7) .007017 /gl 88
[20:15:36] [Render thread/INFO] (Minecraft) [System] [CHAT] Grim » ReymyPidor failed TickTimer (x23) type=flying, packets=16
[20:15:36] [Render thread/INFO] (Minecraft) [System] [CHAT] Grim » ReymyPidor failed Simulation (x8) .005614 /gl 89
[20:15:36] [Render thread/INFO] (Minecraft) [System] [CHAT] Grim » ReymyPidor failed PacketOrderO* (x175) type=PONG
[20:15:36] [Render thread/INFO] (Minecraft) [System] [CHAT] Grim » ReymyPidor failed PacketOrderO* (x176) type=PONG
[20:15:36] [Render thread/INFO] (Minecraft) [System] [CHAT] Grim » ReymyPidor failed PacketOrderO* (x177) type=TELEPORT_CONFIRM
[20:15:36] [Render thread/INFO] (Minecraft) [System] [CHAT] Grim » ReymyPidor failed PacketOrderO* (x178) type=PLAYER_POSITION_AND_ROTATION
[20:15:36] [Render thread/INFO] (Minecraft) [System] [CHAT] Grim » ReymyPidor failed PacketOrderO* (x178) type=PONG
[20:15:36] [Render thread/INFO] (Minecraft) [System] [CHAT] Grim » ReymyPidor failed PacketOrderO* (x178) type=PONG
[20:15:36] [Render thread/INFO] (Minecraft) [System] [CHAT] Grim » ReymyPidor failed TickTimer (x24) type=flying, packets=17
[20:15:36] [Render thread/INFO] (Minecraft) [System] [CHAT] Grim » ReymyPidor failed PacketOrderO* (x179) type=PONG
[20:15:36] [Render thread/INFO] (Minecraft) [System] [CHAT] Grim » ReymyPidor failed PacketOrderO* (x180) type=PONG
[20:15:36] [Render thread/INFO] (Minecraft) [System] [CHAT] Grim » ReymyPidor failed TickTimer (x25) type=flying, packets=18
[20:15:36] [Render thread/INFO] (Minecraft) [System] [CHAT] Grim » ReymyPidor failed PacketOrderO* (x181) type=PONG
[20:15:36] [Render thread/INFO] (Minecraft) [System] [CHAT] Grim » ReymyPidor failed PacketOrderO* (x181) type=TELEPORT_CONFIRM
[20:15:36] [Render thread/INFO] (Minecraft) [System] [CHAT] Grim » ReymyPidor failed PacketOrderO* (x182) type=PLAYER_POSITION_AND_ROTATION
[20:15:36] [Render thread/INFO] (Minecraft) [System] [CHAT] Grim » ReymyPidor failed PacketOrderO* (x183) type=PONG
[20:15:36] [Render thread/INFO] (Minecraft) [System] [CHAT] Grim » ReymyPidor failed PacketOrderO* (x183) type=PONG
[20:15:36] [Render thread/INFO] (Minecraft) [System] [CHAT] Grim » ReymyPidor failed PacketOrderO* (x184) type=PONG
[20:15:36] [Render thread/INFO] (Minecraft) [System] [CHAT] Grim » ReymyPidor failed TickTimer (x26) type=flying, packets=19
[20:15:36] [Render thread/INFO] (Minecraft) [System] [CHAT] Grim » ReymyPidor failed Simulation (x9) .007017 /gl 90
[20:15:36] [Render thread/INFO] (Minecraft) [System] [CHAT] Grim » ReymyPidor failed PacketOrderO* (x185) type=PONG
[20:15:36] [Render thread/INFO] (Minecraft) [System] [CHAT] Grim » ReymyPidor failed TickTimer (x27) type=flying, packets=20
[20:15:36] [Render thread/INFO] (Minecraft) [System] [CHAT] Grim » ReymyPidor failed Simulation (x10) .005614 /gl 91
[20:15:36] [Render thread/INFO] (Minecraft) [System] [CHAT] Grim » ReymyPidor failed PacketOrderO* (x186) type=PONG
[20:15:36] [Render thread/INFO] (Minecraft) [System] [CHAT] Grim » ReymyPidor failed PacketOrderO* (x187) type=PONG
[20:15:36] [Render thread/INFO] (Minecraft) [System] [CHAT] Grim » ReymyPidor failed PacketOrderO* (x188) type=TELEPORT_CONFIRM
[20:15:36] [Render thread/INFO] (Minecraft) [System] [CHAT] Grim » ReymyPidor failed PacketOrderO* (x189) type=PLAYER_POSITION_AND_ROTATION
[20:15:36] [Render thread/INFO] (Minecraft) [System] [CHAT] Grim » ReymyPidor failed PacketOrderO* (x190) type=PONG
[20:15:36] [Render thread/INFO] (Minecraft) [System] [CHAT] Grim » ReymyPidor failed PacketOrderO* (x191) type=PONG
[20:15:36] [Render thread/INFO] (Minecraft) [System] [CHAT] Grim » ReymyPidor failed PacketOrderO* (x192) type=PONG
[20:15:36] [Render thread/INFO] (Minecraft) [System] [CHAT] Grim » ReymyPidor failed TickTimer (x28) type=flying, packets=21
[20:15:36] [Render thread/INFO] (Minecraft) [System] [CHAT] Grim » ReymyPidor failed TickTimer (x29) type=flying, packets=22
[20:15:36] [Render thread/INFO] (Minecraft) [System] [CHAT] Grim » ReymyPidor failed PacketOrderO* (x193) type=PONG
[20:15:36] [Render thread/INFO] (Minecraft) [System] [CHAT] Grim » ReymyPidor failed PacketOrderO* (x194) type=TELEPORT_CONFIRM
[20:15:36] [Render thread/INFO] (Minecraft) [System] [CHAT] Grim » ReymyPidor failed PacketOrderO* (x195) type=PLAYER_POSITION_AND_ROTATION
[20:15:36] [Render thread/INFO] (Minecraft) [System] [CHAT] Grim » ReymyPidor failed PacketOrderO* (x196) type=PONG
[20:15:36] [Render thread/INFO] (Minecraft) [System] [CHAT] Grim » ReymyPidor failed PacketOrderO* (x197) type=PONG
[20:15:36] [Render thread/INFO] (Minecraft) [System] [CHAT] Grim » ReymyPidor failed PacketOrderO* (x198) type=PONG
[20:15:36] [Render thread/INFO] (Minecraft) [System] [CHAT] Grim » ReymyPidor failed PacketOrderO* (x199) type=PONG
[20:15:36] [Render thread/INFO] (Minecraft) [System] [CHAT] Grim » ReymyPidor failed TickTimer (x30) type=flying, packets=23
[20:15:36] [Render thread/INFO] (Minecraft) [System] [CHAT] Grim » ReymyPidor failed Simulation (x11) .007018 /gl 92
[20:15:36] [Render thread/INFO] (Minecraft) [System] [CHAT] Grim » ReymyPidor failed TickTimer (x31) type=flying, packets=24
[20:15:36] [Render thread/INFO] (Minecraft) [System] [CHAT] Grim » ReymyPidor failed Simulation (x12) .005614 /gl 93
[20:15:37] [Render thread/INFO] (Minecraft) [System] [CHAT] Grim » ReymyPidor failed PacketOrderO* (x200) type=PONG
[20:15:37] [Render thread/INFO] (Minecraft) [System] [CHAT] Grim » ReymyPidor failed PacketOrderO* (x201) type=TELEPORT_CONFIRM
[20:15:37] [Render thread/INFO] (Minecraft) [System] [CHAT] Grim » ReymyPidor failed PacketOrderO* (x202) type=PLAYER_POSITION_AND_ROTATION
[20:15:37] [Render thread/INFO] (Minecraft) [System] [CHAT] Grim » ReymyPidor failed PacketOrderO* (x202) type=PONG
[20:15:37] [Render thread/INFO] (Minecraft) [System] [CHAT] Grim » ReymyPidor failed PacketOrderO* (x203) type=PONG
[20:15:37] [Render thread/INFO] (Minecraft) [System] [CHAT] Grim » ReymyPidor failed TickTimer (x32) type=flying, packets=25
[20:15:37] [Render thread/INFO] (Minecraft) [System] [CHAT] Grim » ReymyPidor failed PacketOrderO* (x204) type=PONG
[20:15:37] [Render thread/INFO] (Minecraft) [System] [CHAT] Grim » ReymyPidor failed TickTimer (x33) type=flying, packets=26
[20:15:37] [Render thread/INFO] (Minecraft) [System] [CHAT] Grim » ReymyPidor failed PacketOrderO* (x205) type=PONG
[20:15:37] [Render thread/INFO] (Minecraft) [System] [CHAT] Grim » ReymyPidor failed PacketOrderO* (x206) type=TELEPORT_CONFIRM
[20:15:37] [Render thread/INFO] (Minecraft) [System] [CHAT] Grim » ReymyPidor failed PacketOrderO* (x207) type=PLAYER_POSITION_AND_ROTATION
[20:15:37] [Render thread/INFO] (Minecraft) [System] [CHAT] Grim » ReymyPidor failed PacketOrderO* (x208) type=PONG
[20:15:37] [Render thread/INFO] (Minecraft) [System] [CHAT] Grim » ReymyPidor failed PacketOrderO* (x208) type=PONG
[20:15:37] [Render thread/INFO] (Minecraft) [System] [CHAT] Grim » ReymyPidor failed PacketOrderO* (x209) type=PONG
[20:15:37] [Render thread/INFO] (Minecraft) [System] [CHAT] Grim » ReymyPidor failed PacketOrderO* (x210) type=PONG
[20:15:37] [Render thread/INFO] (Minecraft) [System] [CHAT] Grim » ReymyPidor failed TickTimer (x34) type=flying, packets=27
[20:15:37] [Render thread/INFO] (Minecraft) [System] [CHAT] Grim » ReymyPidor failed Simulation (x13) .007018 /gl 94
[20:15:37] [Render thread/INFO] (Minecraft) [System] [CHAT] Grim » ReymyPidor failed PacketOrderO* (x211) type=PONG
[20:15:37] [Render thread/INFO] (Minecraft) [System] [CHAT] Grim » ReymyPidor failed TickTimer (x35) type=flying, packets=28
[20:15:37] [Render thread/INFO] (Minecraft) [System] [CHAT] Grim » ReymyPidor failed Simulation (x14) .005614 /gl 95
[20:15:37] [Render thread/INFO] (Minecraft) [System] [CHAT] Grim » ReymyPidor failed PacketOrderO* (x212) type=PONG
[20:15:37] [Render thread/INFO] (Minecraft) [System] [CHAT] Grim » ReymyPidor failed PacketOrderO* (x213) type=TELEPORT_CONFIRM
[20:15:37] [Render thread/INFO] (Minecraft) [System] [CHAT] Grim » ReymyPidor failed PacketOrderO* (x214) type=PLAYER_POSITION_AND_ROTATION
[20:15:37] [Render thread/INFO] (Minecraft) [System] [CHAT] Grim » ReymyPidor failed PacketOrderO* (x215) type=PONG
[20:15:37] [Render thread/INFO] (Minecraft) [System] [CHAT] Grim » ReymyPidor failed PacketOrderO* (x216) type=PONG
[20:15:37] [Render thread/INFO] (Minecraft) [System] [CHAT] Grim » ReymyPidor failed PacketOrderO* (x217) type=PONG
[20:15:37] [Render thread/INFO] (Minecraft) [System] [CHAT] Grim » ReymyPidor failed PacketOrderO* (x218) type=PONG
[20:15:37] [Render thread/INFO] (Minecraft) [System] [CHAT] Grim » ReymyPidor failed TickTimer (x36) type=flying, packets=29
[20:15:37] [Render thread/INFO] (Minecraft) [System] [CHAT] Grim » ReymyPidor failed TickTimer (x37) type=flying, packets=30
[20:15:37] [Render thread/INFO] (Minecraft) [System] [CHAT] Grim » ReymyPidor failed PacketOrderO* (x219) type=PONG
[20:15:37] [Render thread/INFO] (Minecraft) [System] [CHAT] Grim » ReymyPidor failed PacketOrderO* (x220) type=PONG
[20:15:37] [Render thread/INFO] (Minecraft) [System] [CHAT] Grim » ReymyPidor failed PacketOrderO* (x221) type=TELEPORT_CONFIRM
[20:15:37] [Render thread/INFO] (Minecraft) [System] [CHAT] Grim » ReymyPidor failed PacketOrderO* (x222) type=PLAYER_POSITION_AND_ROTATION
[20:15:37] [Render thread/INFO] (Minecraft) [System] [CHAT] Grim » ReymyPidor failed PacketOrderO* (x223) type=PONG
[20:15:37] [Render thread/INFO] (Minecraft) [System] [CHAT] Grim » ReymyPidor failed PacketOrderO* (x224) type=PONG
[20:15:37] [Render thread/INFO] (Minecraft) [System] [CHAT] Grim » ReymyPidor failed PacketOrderO* (x225) type=PONG
[20:15:37] [Render thread/INFO] (Minecraft) [System] [CHAT] Grim » ReymyPidor failed TickTimer (x38) type=flying, packets=31
[20:15:37] [Render thread/INFO] (Minecraft) [System] [CHAT] Grim » ReymyPidor failed Simulation (x15) .007018 /gl 96
[20:15:37] [Render thread/INFO] (Minecraft) [System] [CHAT] Grim » ReymyPidor failed TickTimer (x39) type=flying, packets=32
[20:15:37] [Render thread/INFO] (Minecraft) [System] [CHAT] Grim » ReymyPidor failed Simulation (x16) .005614 /gl 97
[20:15:37] [Render thread/INFO] (Minecraft) [System] [CHAT] Grim » ReymyPidor failed PacketOrderO* (x226) type=PONG
[20:15:37] [Render thread/INFO] (Minecraft) [System] [CHAT] Grim » ReymyPidor failed PacketOrderO* (x227) type=PONG
[20:15:37] [Render thread/INFO] (Minecraft) [System] [CHAT] Grim » ReymyPidor failed PacketOrderO* (x228) type=PONG
[20:15:37] [Render thread/INFO] (Minecraft) [System] [CHAT] Grim » ReymyPidor failed PacketOrderO* (x229) type=TELEPORT_CONFIRM
[20:15:37] [Render thread/INFO] (Minecraft) [System] [CHAT] Grim » ReymyPidor failed PacketOrderO* (x230) type=PLAYER_POSITION_AND_ROTATION
[20:15:37] [Render thread/INFO] (Minecraft) [System] [CHAT] Grim » ReymyPidor failed PacketOrderO* (x230) type=PONG
[20:15:37] [Render thread/INFO] (Minecraft) [System] [CHAT] Grim » ReymyPidor failed PacketOrderO* (x231) type=PONG
[20:15:37] [Render thread/INFO] (Minecraft) [System] [CHAT] Grim » ReymyPidor failed PacketOrderO* (x232) type=PONG
[20:15:37] [Render thread/INFO] (Minecraft) [System] [CHAT] Grim » ReymyPidor failed PacketOrderO* (x233) type=PONG
[20:15:37] [Render thread/INFO] (Minecraft) [System] [CHAT] Grim » ReymyPidor failed TickTimer (x40) type=flying, packets=33
[20:15:37] [Render thread/INFO] (Minecraft) [System] [CHAT] Grim » ReymyPidor failed TickTimer (x41) type=flying, packets=34
[20:15:37] [Render thread/INFO] (Minecraft) [System] [CHAT] Grim » ReymyPidor failed PacketOrderO* (x234) type=PONG
[20:15:37] [Render thread/INFO] (Minecraft) [System] [CHAT] Grim » ReymyPidor failed PacketOrderO* (x235) type=TELEPORT_CONFIRM
[20:15:37] [Render thread/INFO] (Minecraft) [System] [CHAT] Grim » ReymyPidor failed PacketOrderO* (x235) type=PLAYER_POSITION_AND_ROTATION
[20:15:37] [Render thread/INFO] (Minecraft) [System] [CHAT] Grim » ReymyPidor failed PacketOrderO* (x236) type=PONG
[20:15:37] [Render thread/INFO] (Minecraft) [System] [CHAT] Grim » ReymyPidor failed PacketOrderO* (x236) type=PONG
[20:15:37] [Render thread/INFO] (Minecraft) [System] [CHAT] Grim » ReymyPidor failed PacketOrderO* (x237) type=PONG
[20:15:37] [Render thread/INFO] (Minecraft) [System] [CHAT] Grim » ReymyPidor failed TickTimer (x42) type=end, packets=35
[20:15:37] [Render thread/INFO] (Minecraft) [System] [CHAT] Grim » ReymyPidor failed Simulation (x17) .007018 /gl 98
[20:15:39] [Render thread/INFO] (Minecraft) [System] [CHAT] evolutiongream joined the game
[20:16:00] [Render thread/INFO] (Minecraft) [System] [CHAT] MlPancake joined the game
[20:16:17] [Render thread/INFO] (Minecraft) [System] [CHAT] DaysArion joined the game
[20:16:27] [Render thread/INFO] (Minecraft) [System] [CHAT] N2ne_7252 left the game
[20:16:55] [Render thread/INFO] (Minecraft) [System] [CHAT] DaysArion left the game
[20:17:05] [Render thread/INFO] (Minecraft) [System] [CHAT] Player398 left the game
[20:17:05] [Render thread/INFO] (Minecraft) [System] [CHAT] ReymyPidor left the game
[20:17:40] [Render thread/INFO] (Minecraft) [System] [CHAT] Player529 joined the game
[20:18:06] [Render thread/INFO] (Minecraft) [System] [CHAT] ReymyPidor joined the game
[20:18:10] [Render thread/INFO] (Minecraft) [System] [CHAT] Grim » ReymyPidor failed SprintG* (x1) 
[20:18:13] [Render thread/INFO] (Minecraft) [System] [CHAT] Grim » ReymyPidor failed BadPacketsV* (x1) delta=0.0
[20:18:13] [Render thread/INFO] (Minecraft) [System] [CHAT] Grim » ReymyPidor failed PacketOrderO* (x1) type=PONG
[20:18:13] [Render thread/INFO] (Minecraft) [System] [CHAT] Grim » ReymyPidor failed PacketOrderO* (x2) type=PONG
[20:18:13] [Render thread/INFO] (Minecraft) [System] [CHAT] Grim » ReymyPidor failed PacketOrderO* (x3) type=PONG
[20:18:13] [Render thread/INFO] (Minecraft) [System] [CHAT] Grim » ReymyPidor failed PacketOrderO* (x4) type=PONG
[20:18:13] [Render thread/INFO] (Minecraft) [System] [CHAT] Grim » ReymyPidor failed PacketOrderO* (x5) type=PONG
[20:18:13] [Render thread/INFO] (Minecraft) [System] [CHAT] Grim » ReymyPidor failed PacketOrderO* (x6) type=PONG
[20:18:13] [Render thread/INFO] (Minecraft) [System] [CHAT] Grim » ReymyPidor failed PacketOrderO* (x7) type=PONG
[20:18:13] [Render thread/INFO] (Minecraft) [System] [CHAT] Grim » ReymyPidor failed PacketOrderO* (x8) type=PONG
[20:18:13] [Render thread/INFO] (Minecraft) [System] [CHAT] Grim » ReymyPidor failed PacketOrderO* (x9) type=PONG
[20:18:13] [Render thread/INFO] (Minecraft) [System] [CHAT] Grim » ReymyPidor failed PacketOrderO* (x10) type=PONG
[20:18:13] [Render thread/INFO] (Minecraft) [System] [CHAT] Grim » ReymyPidor failed PacketOrderO* (x11) type=PONG
[20:18:13] [Render thread/INFO] (Minecraft) [System] [CHAT] Grim » ReymyPidor failed PacketOrderO* (x12) type=PONG
[20:18:13] [Render thread/INFO] (Minecraft) [System] [CHAT] Grim » ReymyPidor failed PacketOrderO* (x13) type=PONG
[20:18:14] [Render thread/INFO] (Minecraft) [System] [CHAT] Grim » ReymyPidor failed PacketOrderO* (x14) type=PONG
[20:18:14] [Render thread/INFO] (Minecraft) [System] [CHAT] Grim » ReymyPidor failed PacketOrderO* (x14) type=PONG
[20:18:14] [Render thread/INFO] (Minecraft) [System] [CHAT] Grim » ReymyPidor failed PacketOrderO* (x15) type=PONG
[20:18:14] [Render thread/INFO] (Minecraft) [System] [CHAT] Grim » ReymyPidor failed TickTimer (x1) type=flying, packets=1
[20:18:14] [Render thread/INFO] (Minecraft) [System] [CHAT] Grim » ReymyPidor failed BadPacketsV* (x2) delta=0.0
[20:18:14] [Render thread/INFO] (Minecraft) [System] [CHAT] Grim » ReymyPidor failed PacketOrderO* (x16) type=PONG
[20:18:14] [Render thread/INFO] (Minecraft) [System] [CHAT] Grim » ReymyPidor failed PacketOrderO* (x17) type=PONG
[20:18:14] [Render thread/INFO] (Minecraft) [System] [CHAT] Grim » ReymyPidor failed PacketOrderO* (x18) type=PONG
[20:18:14] [Render thread/INFO] (Minecraft) [System] [CHAT] Grim » ReymyPidor failed PacketOrderO* (x19) type=PONG
[20:18:14] [Render thread/INFO] (Minecraft) [System] [CHAT] Grim » ReymyPidor failed PacketOrderO* (x20) type=PONG
[20:18:14] [Render thread/INFO] (Minecraft) [System] [CHAT] Grim » ReymyPidor failed PacketOrderO* (x21) type=PONG
[20:18:14] [Render thread/INFO] (Minecraft) [System] [CHAT] Grim » ReymyPidor failed PacketOrderO* (x22) type=PONG
[20:18:14] [Render thread/INFO] (Minecraft) [System] [CHAT] Grim » ReymyPidor failed PacketOrderO* (x23) type=PONG
[20:18:14] [Render thread/INFO] (Minecraft) [System] [CHAT] Grim » ReymyPidor failed PacketOrderO* (x24) type=PONG
[20:18:14] [Render thread/INFO] (Minecraft) [System] [CHAT] Grim » ReymyPidor failed PacketOrderO* (x25) type=PONG
[20:18:14] [Render thread/INFO] (Minecraft) [System] [CHAT] Grim » ReymyPidor failed PacketOrderO* (x26) type=PONG
[20:18:14] [Render thread/INFO] (Minecraft) [System] [CHAT] Grim » ReymyPidor failed PacketOrderO* (x27) type=PONG
[20:18:14] [Render thread/INFO] (Minecraft) [System] [CHAT] Grim » ReymyPidor failed PacketOrderO* (x28) type=PONG
[20:18:14] [Render thread/INFO] (Minecraft) [System] [CHAT] Grim » ReymyPidor failed PacketOrderO* (x28) type=PONG
[20:18:14] [Render thread/INFO] (Minecraft) [System] [CHAT] Grim » ReymyPidor failed PacketOrderO* (x29) type=PONG
[20:18:14] [Render thread/INFO] (Minecraft) [System] [CHAT] Grim » ReymyPidor failed PacketOrderO* (x30) type=PONG
[20:18:14] [Render thread/INFO] (Minecraft) [System] [CHAT] Grim » ReymyPidor failed PacketOrderO* (x31) type=PONG
[20:18:15] [Render thread/INFO] (Minecraft) [System] [CHAT] Grim » ReymyPidor failed PacketOrderO* (x32) type=PONG
[20:18:15] [Render thread/INFO] (Minecraft) [System] [CHAT] Grim » ReymyPidor failed TickTimer (x2) type=flying, packets=2
[20:18:15] [Render thread/INFO] (Minecraft) [System] [CHAT] Grim » ReymyPidor failed BadPacketsV* (x3) delta=0.0
[20:18:15] [Render thread/INFO] (Minecraft) [System] [CHAT] Grim » ReymyPidor failed PacketOrderO* (x33) type=PONG
[20:18:15] [Render thread/INFO] (Minecraft) [System] [CHAT] Grim » ReymyPidor failed PacketOrderO* (x34) type=PONG
[20:18:15] [Render thread/INFO] (Minecraft) [System] [CHAT] Grim » ReymyPidor failed PacketOrderO* (x35) type=TELEPORT_CONFIRM
[20:18:15] [Render thread/INFO] (Minecraft) [System] [CHAT] Grim » ReymyPidor failed PacketOrderO* (x36) type=PLAYER_POSITION_AND_ROTATION
[20:18:15] [Render thread/INFO] (Minecraft) [System] [CHAT] Grim » ReymyPidor failed PacketOrderO* (x36) type=PONG
[20:18:15] [Render thread/INFO] (Minecraft) [System] [CHAT] Grim » ReymyPidor failed PacketOrderO* (x37) type=PONG
[20:18:15] [Render thread/INFO] (Minecraft) [System] [CHAT] Grim » ReymyPidor failed PacketOrderO* (x38) type=PONG
[20:18:15] [Render thread/INFO] (Minecraft) [System] [CHAT] Grim » ReymyPidor failed PacketOrderO* (x39) type=PONG
[20:18:15] [Render thread/INFO] (Minecraft) [System] [CHAT] Grim » ReymyPidor failed PacketOrderO* (x40) type=PONG
[20:18:15] [Render thread/INFO] (Minecraft) [System] [CHAT] Grim » ReymyPidor failed PacketOrderO* (x41) type=PONG
[20:18:15] [Render thread/INFO] (Minecraft) [System] [CHAT] Grim » ReymyPidor failed PacketOrderO* (x42) type=PONG
[20:18:15] [Render thread/INFO] (Minecraft) [System] [CHAT] Grim » ReymyPidor failed PacketOrderO* (x43) type=PONG
[20:18:15] [Render thread/INFO] (Minecraft) [System] [CHAT] Grim » ReymyPidor failed PacketOrderO* (x44) type=PONG
[20:18:15] [Render thread/INFO] (Minecraft) [System] [CHAT] Grim » ReymyPidor failed PacketOrderO* (x45) type=PONG
[20:18:15] [Render thread/INFO] (Minecraft) [System] [CHAT] Grim » ReymyPidor failed PacketOrderO* (x46) type=PONG
[20:18:15] [Render thread/INFO] (Minecraft) [System] [CHAT] Grim » ReymyPidor failed PacketOrderO* (x47) type=PONG
[20:18:15] [Render thread/INFO] (Minecraft) [System] [CHAT] Grim » ReymyPidor failed PacketOrderO* (x48) type=PONG
[20:18:15] [Render thread/INFO] (Minecraft) [System] [CHAT] Grim » ReymyPidor failed PacketOrderO* (x48) type=PONG
[20:18:16] [Render thread/INFO] (Minecraft) [System] [CHAT] Grim » ReymyPidor failed TickTimer (x3) type=flying, packets=3
[20:18:16] [Render thread/INFO] (Minecraft) [System] [CHAT] Grim » ReymyPidor failed PacketOrderO* (x49) type=PONG
[20:18:16] [Render thread/INFO] (Minecraft) [System] [CHAT] Grim » ReymyPidor failed PacketOrderO* (x50) type=PONG
[20:18:16] [Render thread/INFO] (Minecraft) [System] [CHAT] Grim » ReymyPidor failed PacketOrderO* (x51) type=TELEPORT_CONFIRM
[20:18:16] [Render thread/INFO] (Minecraft) [System] [CHAT] Grim » ReymyPidor failed PacketOrderO* (x52) type=PLAYER_POSITION_AND_ROTATION
[20:18:16] [Render thread/INFO] (Minecraft) [System] [CHAT] Grim » ReymyPidor failed PacketOrderO* (x53) type=PONG
[20:18:16] [Render thread/INFO] (Minecraft) [System] [CHAT] Grim » ReymyPidor failed PacketOrderO* (x53) type=PONG
[20:18:16] [Render thread/INFO] (Minecraft) [System] [CHAT] Grim » ReymyPidor failed PacketOrderO* (x54) type=PONG
[20:18:16] [Render thread/INFO] (Minecraft) [System] [CHAT] Grim » ReymyPidor failed PacketOrderO* (x55) type=PONG
[20:18:16] [Render thread/INFO] (Minecraft) [System] [CHAT] Grim » ReymyPidor failed PacketOrderO* (x55) type=PONG
[20:18:16] [Render thread/INFO] (Minecraft) [System] [CHAT] Grim » ReymyPidor failed PacketOrderO* (x56) type=PONG
[20:18:16] [Render thread/INFO] (Minecraft) [System] [CHAT] Grim » ReymyPidor failed PacketOrderO* (x57) type=PONG
[20:18:16] [Render thread/INFO] (Minecraft) [System] [CHAT] Grim » ReymyPidor failed PacketOrderO* (x58) type=PONG
[20:18:16] [Render thread/INFO] (Minecraft) [System] [CHAT] Grim » ReymyPidor failed PacketOrderO* (x59) type=PONG
[20:18:16] [Render thread/INFO] (Minecraft) [System] [CHAT] Grim » ReymyPidor failed PacketOrderO* (x60) type=PONG
[20:18:16] [Render thread/INFO] (Minecraft) [System] [CHAT] Grim » ReymyPidor failed TickTimer (x4) type=end, packets=4
[20:18:23] [Render thread/INFO] (Minecraft) [System] [CHAT] Grim » ReymyPidor failed BadPacketsV* (x4) delta=0.0
[20:18:23] [Render thread/INFO] (Minecraft) [System] [CHAT] Grim » ReymyPidor failed PacketOrderO* (x61) type=PONG
[20:18:23] [Render thread/INFO] (Minecraft) [System] [CHAT] Grim » ReymyPidor failed PacketOrderO* (x62) type=PONG
[20:18:23] [Render thread/INFO] (Minecraft) [System] [CHAT] Grim » ReymyPidor failed PacketOrderO* (x63) type=PONG
[20:18:23] [Render thread/INFO] (Minecraft) [System] [CHAT] Grim » ReymyPidor failed PacketOrderO* (x64) type=PONG
[20:18:23] [Render thread/INFO] (Minecraft) [System] [CHAT] Grim » ReymyPidor failed PacketOrderO* (x65) type=PONG
[20:18:23] [Render thread/INFO] (Minecraft) [System] [CHAT] Grim » ReymyPidor failed PacketOrderO* (x66) type=PONG
[20:18:23] [Render thread/INFO] (Minecraft) [System] [CHAT] Grim » ReymyPidor failed PacketOrderO* (x67) type=PONG
[20:18:23] [Render thread/INFO] (Minecraft) [System] [CHAT] Grim » ReymyPidor failed PacketOrderO* (x68) type=PONG
[20:18:23] [Render thread/INFO] (Minecraft) [System] [CHAT] Grim » ReymyPidor failed PacketOrderO* (x69) type=PONG
[20:18:23] [Render thread/INFO] (Minecraft) [System] [CHAT] Grim » ReymyPidor failed PacketOrderO* (x70) type=PONG
[20:18:23] [Render thread/INFO] (Minecraft) [System] [CHAT] Grim » ReymyPidor failed PacketOrderO* (x71) type=PONG
[20:18:23] [Render thread/INFO] (Minecraft) [System] [CHAT] Grim » ReymyPidor failed PacketOrderO* (x72) type=PONG
[20:18:23] [Render thread/INFO] (Minecraft) [System] [CHAT] Grim » ReymyPidor failed PacketOrderO* (x73) type=PONG
[20:18:24] [Render thread/INFO] (Minecraft) [System] [CHAT] Grim » ReymyPidor failed PacketOrderO* (x74) type=PONG
[20:18:24] [Render thread/INFO] (Minecraft) [System] [CHAT] Grim » ReymyPidor failed PacketOrderO* (x75) type=PONG
[20:18:24] [Render thread/INFO] (Minecraft) [System] [CHAT] Grim » ReymyPidor failed TickTimer (x5) type=flying, packets=1
[20:18:24] [Render thread/INFO] (Minecraft) [System] [CHAT] Grim » ReymyPidor failed BadPacketsV* (x5) delta=0.0
[20:18:24] [Render thread/INFO] (Minecraft) [System] [CHAT] Grim » ReymyPidor failed PacketOrderO* (x76) type=PONG
[20:18:24] [Render thread/INFO] (Minecraft) [System] [CHAT] Grim » ReymyPidor failed PacketOrderO* (x76) type=PONG
[20:18:24] [Render thread/INFO] (Minecraft) [System] [CHAT] Grim » ReymyPidor failed PacketOrderO* (x77) type=PONG
[20:18:24] [Render thread/INFO] (Minecraft) [System] [CHAT] Grim » ReymyPidor failed PacketOrderO* (x77) type=TELEPORT_CONFIRM
[20:18:24] [Render thread/INFO] (Minecraft) [System] [CHAT] Grim » ReymyPidor failed PacketOrderO* (x78) type=PLAYER_POSITION_AND_ROTATION
[20:18:24] [Render thread/INFO] (Minecraft) [System] [CHAT] Grim » ReymyPidor failed PacketOrderO* (x79) type=PONG
[20:18:24] [Render thread/INFO] (Minecraft) [System] [CHAT] Grim » ReymyPidor failed PacketOrderO* (x79) type=PONG
[20:18:24] [Render thread/INFO] (Minecraft) [System] [CHAT] Grim » ReymyPidor failed PacketOrderO* (x80) type=PONG
[20:18:24] [Render thread/INFO] (Minecraft) [System] [CHAT] Grim » ReymyPidor failed PacketOrderO* (x80) type=PONG
[20:18:24] [Render thread/INFO] (Minecraft) [System] [CHAT] Grim » ReymyPidor failed PacketOrderO* (x81) type=PONG
[20:18:24] [Render thread/INFO] (Minecraft) [System] [CHAT] Grim » ReymyPidor failed PacketOrderO* (x82) type=PONG
[20:18:24] [Render thread/INFO] (Minecraft) [System] [CHAT] Grim » ReymyPidor failed PacketOrderO* (x83) type=PONG
[20:18:24] [Render thread/INFO] (Minecraft) [System] [CHAT] Grim » ReymyPidor failed PacketOrderO* (x84) type=PONG
[20:18:24] [Render thread/INFO] (Minecraft) [System] [CHAT] Grim » ReymyPidor failed PacketOrderO* (x85) type=PONG
[20:18:24] [Render thread/INFO] (Minecraft) [System] [CHAT] Grim » ReymyPidor failed PacketOrderO* (x86) type=PONG
[20:18:24] [Render thread/INFO] (Minecraft) [System] [CHAT] Grim » ReymyPidor failed PacketOrderO* (x87) type=PONG
[20:18:24] [Render thread/INFO] (Minecraft) [System] [CHAT] Grim » ReymyPidor failed PacketOrderO* (x88) type=PONG
[20:18:24] [Render thread/INFO] (Minecraft) [System] [CHAT] Grim » ReymyPidor failed PacketOrderO* (x89) type=PONG
[20:18:24] [Render thread/INFO] (Minecraft) [System] [CHAT] Grim » ReymyPidor failed PacketOrderO* (x90) type=PONG
[20:18:24] [Render thread/INFO] (Minecraft) [System] [CHAT] Grim » ReymyPidor failed PacketOrderO* (x91) type=PONG
[20:18:24] [Render thread/INFO] (Minecraft) [System] [CHAT] Grim » ReymyPidor failed PacketOrderO* (x92) type=PONG
[20:18:24] [Render thread/INFO] (Minecraft) [System] [CHAT] Grim » ReymyPidor failed PacketOrderO* (x93) type=PONG
[20:18:24] [Render thread/INFO] (Minecraft) [System] [CHAT] Grim » ReymyPidor failed PacketOrderO* (x94) type=PONG
[20:18:24] [Render thread/INFO] (Minecraft) [System] [CHAT] Player529 left the game
[20:18:24] [Render thread/INFO] (Minecraft) [System] [CHAT] Grim » ReymyPidor failed PacketOrderO* (x95) type=PONG
[20:18:25] [Render thread/INFO] (Minecraft) [System] [CHAT] Grim » ReymyPidor failed PacketOrderO* (x96) type=PONG
[20:18:25] [Render thread/INFO] (Minecraft) [System] [CHAT] ReymyPidor left the game
[20:18:27] [Render thread/INFO] (Minecraft) [System] [CHAT] Player529 joined the game
[20:18:41] [Render thread/INFO] (Minecraft) [System] [CHAT] ReymyPidoras joined the game
[20:18:44] [Render thread/INFO] (Minecraft) [System] [CHAT] ReymyPidoras left the game
[20:18:44] [Render thread/INFO] (Minecraft) [System] [CHAT] Grim » Player529 failed BadPacketsV* (x1) delta=0.0
[20:18:47] [Render thread/INFO] (Minecraft) [System] [CHAT] ReymyPidoras joined the game
[20:18:51] [Render thread/INFO] (Minecraft) [System] [CHAT] Grim » ReymyPidoras failed BadPacketsV* (x1) delta=0.0
[20:18:51] [Render thread/INFO] (Minecraft) [System] [CHAT] Grim » ReymyPidoras failed PacketOrderO* (x1) type=PONG
[20:18:51] [Render thread/INFO] (Minecraft) [System] [CHAT] Grim » ReymyPidoras failed PacketOrderO* (x2) type=PONG
[20:18:51] [Render thread/INFO] (Minecraft) [System] [CHAT] Grim » ReymyPidoras failed PacketOrderO* (x3) type=PONG
[20:18:51] [Render thread/INFO] (Minecraft) [System] [CHAT] Grim » ReymyPidoras failed PacketOrderO* (x4) type=PONG
[20:18:51] [Render thread/INFO] (Minecraft) [System] [CHAT] Grim » ReymyPidoras failed PacketOrderO* (x5) type=PONG
[20:18:51] [Render thread/INFO] (Minecraft) [System] [CHAT] Grim » ReymyPidoras failed PacketOrderO* (x6) type=PONG
[20:18:51] [Render thread/INFO] (Minecraft) [System] [CHAT] Grim » ReymyPidoras failed PacketOrderO* (x7) type=PONG
[20:18:51] [Render thread/INFO] (Minecraft) [System] [CHAT] Grim » ReymyPidoras failed PacketOrderO* (x8) type=PONG
[20:18:52] [Render thread/INFO] (Minecraft) [System] [CHAT] Grim » ReymyPidoras failed PacketOrderO* (x9) type=PONG
[20:18:52] [Render thread/INFO] (Minecraft) [System] [CHAT] Grim » ReymyPidoras failed PacketOrderO* (x10) type=PONG
[20:18:52] [Render thread/INFO] (Minecraft) [System] [CHAT] Grim » ReymyPidoras failed PacketOrderO* (x11) type=PONG
[20:18:52] [Render thread/INFO] (Minecraft) [System] [CHAT] Grim » ReymyPidoras failed PacketOrderO* (x12) type=PONG
[20:18:52] [Render thread/INFO] (Minecraft) [System] [CHAT] Grim » ReymyPidoras failed PacketOrderO* (x13) type=PONG
[20:18:52] [Render thread/INFO] (Minecraft) [System] [CHAT] Grim » ReymyPidoras failed PacketOrderO* (x14) type=PONG
[20:18:52] [Render thread/INFO] (Minecraft) [System] [CHAT] Player358 left the game
[20:18:52] [Render thread/INFO] (Minecraft) [System] [CHAT] Grim » ReymyPidoras failed PacketOrderO* (x15) type=PONG
[20:18:52] [Render thread/INFO] (Minecraft) [System] [CHAT] Grim » ReymyPidoras failed PacketOrderO* (x16) type=PONG
[20:18:52] [Render thread/INFO] (Minecraft) [System] [CHAT] Grim » ReymyPidoras failed PacketOrderO* (x17) type=PONG
[20:18:52] [Render thread/INFO] (Minecraft) [System] [CHAT] Grim » ReymyPidoras failed PacketOrderO* (x18) type=PONG
[20:18:52] [Render thread/INFO] (Minecraft) [System] [CHAT] Grim » ReymyPidoras failed PacketOrderO* (x19) type=PONG
[20:18:52] [Render thread/INFO] (Minecraft) [System] [CHAT] Grim » ReymyPidoras failed PacketOrderO* (x20) type=PONG
[20:18:52] [Render thread/INFO] (Minecraft) [System] [CHAT] Grim » ReymyPidoras failed TickTimer (x1) type=flying, packets=1
[20:18:52] [Render thread/INFO] (Minecraft) [System] [CHAT] Grim » ReymyPidoras failed BadPacketsV* (x2) delta=0.0
[20:18:52] [Render thread/INFO] (Minecraft) [System] [CHAT] Grim » ReymyPidoras failed PacketOrderO* (x21) type=PONG
[20:18:52] [Render thread/INFO] (Minecraft) [System] [CHAT] Grim » ReymyPidoras failed PacketOrderO* (x22) type=PONG
[20:18:52] [Render thread/INFO] (Minecraft) [System] [CHAT] Grim » ReymyPidoras failed PacketOrderO* (x23) type=PONG
[20:18:52] [Render thread/INFO] (Minecraft) [System] [CHAT] Grim » ReymyPidoras failed PacketOrderO* (x24) type=PONG
[20:18:52] [Render thread/INFO] (Minecraft) [System] [CHAT] Grim » ReymyPidoras failed PacketOrderO* (x25) type=PONG
[20:18:52] [Render thread/INFO] (Minecraft) [System] [CHAT] Grim » ReymyPidoras failed PacketOrderO* (x26) type=PONG
[20:18:52] [Render thread/INFO] (Minecraft) [System] [CHAT] Grim » ReymyPidoras failed PacketOrderO* (x27) type=PONG
[20:18:52] [Render thread/INFO] (Minecraft) [System] [CHAT] Grim » ReymyPidoras failed PacketOrderO* (x28) type=PONG
[20:18:53] [Render thread/INFO] (Minecraft) [System] [CHAT] Grim » ReymyPidoras failed PacketOrderO* (x29) type=PONG
[20:18:53] [Render thread/INFO] (Minecraft) [System] [CHAT] Grim » ReymyPidoras failed PacketOrderO* (x30) type=PONG
[20:18:53] [Render thread/INFO] (Minecraft) [System] [CHAT] Grim » ReymyPidoras failed PacketOrderO* (x31) type=PONG
[20:18:53] [Render thread/INFO] (Minecraft) [System] [CHAT] Grim » ReymyPidoras failed PacketOrderO* (x32) type=PONG
[20:18:53] [Render thread/INFO] (Minecraft) [System] [CHAT] Grim » ReymyPidoras failed PacketOrderO* (x33) type=PONG
[20:18:53] [Render thread/INFO] (Minecraft) [System] [CHAT] Grim » ReymyPidoras failed PacketOrderO* (x34) type=PONG
[20:18:53] [Render thread/INFO] (Minecraft) [System] [CHAT] Grim » ReymyPidoras failed PacketOrderO* (x35) type=PONG
[20:18:53] [Render thread/INFO] (Minecraft) [System] [CHAT] Grim » ReymyPidoras failed PacketOrderO* (x36) type=PONG
[20:18:53] [Render thread/INFO] (Minecraft) [System] [CHAT] Grim » ReymyPidoras failed PacketOrderO* (x37) type=PONG
[20:18:53] [Render thread/INFO] (Minecraft) [System] [CHAT] Grim » ReymyPidoras failed PacketOrderO* (x38) type=PONG
[20:18:53] [Render thread/INFO] (Minecraft) [System] [CHAT] Grim » ReymyPidoras failed PacketOrderO* (x39) type=PONG
[20:18:53] [Render thread/INFO] (Minecraft) [System] [CHAT] Grim » ReymyPidoras failed PacketOrderO* (x40) type=PONG
[20:18:53] [Render thread/INFO] (Minecraft) [System] [CHAT] Grim » ReymyPidoras failed TickTimer (x2) type=flying, packets=2
[20:18:53] [Render thread/INFO] (Minecraft) [System] [CHAT] Grim » ReymyPidoras failed BadPacketsV* (x3) delta=0.0
[20:18:53] [Render thread/INFO] (Minecraft) [System] [CHAT] Grim » ReymyPidoras failed PacketOrderO* (x41) type=PONG
[20:18:53] [Render thread/INFO] (Minecraft) [System] [CHAT] Grim » ReymyPidoras failed PacketOrderO* (x42) type=PONG
[20:18:53] [Render thread/INFO] (Minecraft) [System] [CHAT] Grim » ReymyPidoras failed PacketOrderO* (x43) type=TELEPORT_CONFIRM
[20:18:53] [Render thread/INFO] (Minecraft) [System] [CHAT] Grim » ReymyPidoras failed PacketOrderO* (x44) type=PLAYER_POSITION_AND_ROTATION
[20:18:53] [Render thread/INFO] (Minecraft) [System] [CHAT] Grim » ReymyPidoras failed PacketOrderO* (x45) type=PONG
[20:18:53] [Render thread/INFO] (Minecraft) [System] [CHAT] Grim » ReymyPidoras failed PacketOrderO* (x46) type=PONG
[20:18:53] [Render thread/INFO] (Minecraft) [System] [CHAT] Grim » ReymyPidoras failed PacketOrderO* (x47) type=PONG
[20:18:53] [Render thread/INFO] (Minecraft) [System] [CHAT] Grim » ReymyPidoras failed PacketOrderO* (x48) type=PONG
[20:18:53] [Render thread/INFO] (Minecraft) [System] [CHAT] Grim » ReymyPidoras failed PacketOrderO* (x49) type=PONG
[20:18:53] [Render thread/INFO] (Minecraft) [System] [CHAT] Grim » ReymyPidoras failed PacketOrderO* (x50) type=PONG
[20:18:53] [Render thread/INFO] (Minecraft) [System] [CHAT] Grim » ReymyPidoras failed PacketOrderO* (x51) type=PONG
[20:18:53] [Render thread/INFO] (Minecraft) [System] [CHAT] Grim » ReymyPidoras failed PacketOrderO* (x52) type=PONG
[20:18:53] [Render thread/INFO] (Minecraft) [System] [CHAT] Grim » ReymyPidoras failed PacketOrderO* (x53) type=PONG
[20:18:53] [Render thread/INFO] (Minecraft) [System] [CHAT] Grim » ReymyPidoras failed PacketOrderO* (x54) type=PONG
[20:18:53] [Render thread/INFO] (Minecraft) [System] [CHAT] Grim » ReymyPidoras failed PacketOrderO* (x55) type=PONG
[20:18:54] [Render thread/INFO] (Minecraft) [System] [CHAT] Grim » ReymyPidoras failed PacketOrderO* (x56) type=PONG
[20:18:54] [Render thread/INFO] (Minecraft) [System] [CHAT] Grim » ReymyPidoras failed PacketOrderO* (x57) type=PONG
[20:18:54] [Render thread/INFO] (Minecraft) [System] [CHAT] Grim » ReymyPidoras failed PacketOrderO* (x58) type=PONG
[20:18:54] [Render thread/INFO] (Minecraft) [System] [CHAT] Grim » ReymyPidoras failed PacketOrderO* (x59) type=PONG
[20:18:54] [Render thread/INFO] (Minecraft) [System] [CHAT] Grim » ReymyPidoras failed PacketOrderO* (x60) type=PONG
[20:18:54] [Render thread/INFO] (Minecraft) [System] [CHAT] Grim » ReymyPidoras failed PacketOrderO* (x61) type=PONG
[20:18:54] [Render thread/INFO] (Minecraft) [System] [CHAT] Grim » ReymyPidoras failed PacketOrderO* (x62) type=PONG
[20:18:54] [Render thread/INFO] (Minecraft) [System] [CHAT] Grim » ReymyPidoras failed PacketOrderO* (x63) type=PONG
[20:18:54] [Render thread/INFO] (Minecraft) [System] [CHAT] Grim » ReymyPidoras failed PacketOrderO* (x64) type=PONG
[20:18:54] [Render thread/INFO] (Minecraft) [System] [CHAT] Grim » ReymyPidoras failed PacketOrderO* (x65) type=PONG
[20:18:54] [Render thread/INFO] (Minecraft) [System] [CHAT] Grim » ReymyPidoras failed PacketOrderO* (x66) type=PONG
[20:18:54] [Render thread/INFO] (Minecraft) [System] [CHAT] Grim » ReymyPidoras failed PacketOrderO* (x67) type=PONG
[20:18:54] [Render thread/INFO] (Minecraft) [System] [CHAT] Grim » ReymyPidoras failed TickTimer (x3) type=flying, packets=3
[20:18:54] [Render thread/INFO] (Minecraft) [System] [CHAT] Grim » ReymyPidoras failed PacketOrderO* (x68) type=PONG
[20:18:54] [Render thread/INFO] (Minecraft) [System] [CHAT] Grim » ReymyPidoras failed PacketOrderO* (x69) type=PONG
[20:18:54] [Render thread/INFO] (Minecraft) [System] [CHAT] Grim » ReymyPidoras failed PacketOrderO* (x70) type=TELEPORT_CONFIRM
[20:18:54] [Render thread/INFO] (Minecraft) [System] [CHAT] Grim » ReymyPidoras failed PacketOrderO* (x71) type=PLAYER_POSITION_AND_ROTATION
[20:18:54] [Render thread/INFO] (Minecraft) [System] [CHAT] Grim » ReymyPidoras failed PacketOrderO* (x71) type=PONG
[20:18:54] [Render thread/INFO] (Minecraft) [System] [CHAT] Grim » ReymyPidoras failed PacketOrderO* (x72) type=PONG
[20:18:54] [Render thread/INFO] (Minecraft) [System] [CHAT] Grim » ReymyPidoras failed PacketOrderO* (x73) type=PONG
[20:18:54] [Render thread/INFO] (Minecraft) [System] [CHAT] Grim » ReymyPidoras failed PacketOrderO* (x74) type=PONG
[20:18:54] [Render thread/INFO] (Minecraft) [System] [CHAT] Grim » ReymyPidoras failed PacketOrderO* (x75) type=PONG
[20:18:54] [Render thread/INFO] (Minecraft) [System] [CHAT] Grim » ReymyPidoras failed PacketOrderO* (x76) type=PONG
[20:18:54] [Render thread/INFO] (Minecraft) [System] [CHAT] Grim » ReymyPidoras failed PacketOrderO* (x77) type=PONG
[20:18:54] [Render thread/INFO] (Minecraft) [System] [CHAT] Grim » ReymyPidoras failed PacketOrderO* (x78) type=PONG
[20:18:54] [Render thread/INFO] (Minecraft) [System] [CHAT] Grim » ReymyPidoras failed PacketOrderO* (x79) type=PONG
[20:18:54] [Render thread/INFO] (Minecraft) [System] [CHAT] Grim » ReymyPidoras failed PacketOrderO* (x80) type=PONG
[20:18:55] [Render thread/INFO] (Minecraft) [System] [CHAT] Grim » ReymyPidoras failed PacketOrderO* (x81) type=PONG
[20:18:55] [Render thread/INFO] (Minecraft) [System] [CHAT] Grim » ReymyPidoras failed PacketOrderO* (x82) type=PONG
[20:18:55] [Render thread/INFO] (Minecraft) [System] [CHAT] Grim » ReymyPidoras failed PacketOrderO* (x83) type=PONG
[20:18:55] [Render thread/INFO] (Minecraft) [System] [CHAT] Grim » ReymyPidoras failed PacketOrderO* (x84) type=PONG
[20:18:55] [Render thread/INFO] (Minecraft) [System] [CHAT] Grim » ReymyPidoras failed PacketOrderO* (x85) type=PONG
[20:18:55] [Render thread/INFO] (Minecraft) [System] [CHAT] Grim » ReymyPidoras failed PacketOrderO* (x86) type=PONG
[20:18:55] [Render thread/INFO] (Minecraft) [System] [CHAT] Grim » ReymyPidoras failed PacketOrderO* (x87) type=PONG
[20:18:55] [Render thread/INFO] (Minecraft) [System] [CHAT] Grim » ReymyPidoras failed PacketOrderO* (x88) type=PONG
[20:18:55] [Render thread/INFO] (Minecraft) [System] [CHAT] Grim » ReymyPidoras failed PacketOrderO* (x89) type=PONG
[20:18:55] [Render thread/INFO] (Minecraft) [System] [CHAT] Grim » ReymyPidoras failed PacketOrderO* (x90) type=PONG
[20:18:55] [Render thread/INFO] (Minecraft) [System] [CHAT] Grim » ReymyPidoras failed PacketOrderO* (x91) type=PONG
[20:18:55] [Render thread/INFO] (Minecraft) [System] [CHAT] Grim » ReymyPidoras failed PacketOrderO* (x92) type=PONG
[20:18:55] [Render thread/INFO] (Minecraft) [System] [CHAT] Grim » ReymyPidoras failed TickTimer (x4) type=flying, packets=4
[20:18:55] [Render thread/INFO] (Minecraft) [System] [CHAT] Grim » ReymyPidoras failed PacketOrderO* (x93) type=PONG
[20:18:55] [Render thread/INFO] (Minecraft) [System] [CHAT] Grim » ReymyPidoras failed PacketOrderO* (x94) type=PONG
[20:18:55] [Render thread/INFO] (Minecraft) [System] [CHAT] Grim » ReymyPidoras failed PacketOrderO* (x94) type=TELEPORT_CONFIRM
[20:18:55] [Render thread/INFO] (Minecraft) [System] [CHAT] Grim » ReymyPidoras failed PacketOrderO* (x95) type=PLAYER_POSITION_AND_ROTATION
[20:18:55] [Render thread/INFO] (Minecraft) [System] [CHAT] Grim » ReymyPidoras failed PacketOrderO* (x95) type=PONG
[20:18:55] [Render thread/INFO] (Minecraft) [System] [CHAT] Grim » ReymyPidoras failed PacketOrderO* (x96) type=PONG
[20:18:55] [Render thread/INFO] (Minecraft) [System] [CHAT] Grim » ReymyPidoras failed PacketOrderO* (x97) type=PONG
[20:18:55] [Render thread/INFO] (Minecraft) [System] [CHAT] Grim » ReymyPidoras failed PacketOrderO* (x98) type=PONG
[20:18:55] [Render thread/INFO] (Minecraft) [System] [CHAT] Grim » ReymyPidoras failed PacketOrderO* (x99) type=PONG
[20:18:55] [Render thread/INFO] (Minecraft) [System] [CHAT] Grim » ReymyPidoras failed PacketOrderO* (x100) type=PONG
[20:18:55] [Render thread/INFO] (Minecraft) [System] [CHAT] Grim » ReymyPidoras failed PacketOrderO* (x101) type=PONG
[20:18:55] [Render thread/INFO] (Minecraft) [System] [CHAT] Grim » ReymyPidoras failed PacketOrderO* (x102) type=PONG
[20:18:55] [Render thread/INFO] (Minecraft) [System] [CHAT] Grim » ReymyPidoras failed PacketOrderO* (x103) type=PONG
[20:18:55] [Render thread/INFO] (Minecraft) [System] [CHAT] Grim » ReymyPidoras failed PacketOrderO* (x104) type=PONG
[20:18:56] [Render thread/INFO] (Minecraft) [System] [CHAT] Grim » ReymyPidoras failed PacketOrderO* (x105) type=PONG
[20:18:56] [Render thread/INFO] (Minecraft) [System] [CHAT] Grim » ReymyPidoras failed PacketOrderO* (x106) type=PONG
[20:18:56] [Render thread/INFO] (Minecraft) [System] [CHAT] Grim » ReymyPidoras failed PacketOrderO* (x107) type=PONG
[20:18:56] [Render thread/INFO] (Minecraft) [System] [CHAT] Grim » ReymyPidoras failed PacketOrderO* (x108) type=PONG
[20:18:56] [Render thread/INFO] (Minecraft) [System] [CHAT] Grim » ReymyPidoras failed PacketOrderO* (x109) type=PONG
[20:18:56] [Render thread/INFO] (Minecraft) [System] [CHAT] Grim » ReymyPidoras failed PacketOrderO* (x110) type=PONG
[20:18:56] [Render thread/INFO] (Minecraft) [System] [CHAT] Grim » ReymyPidoras failed PacketOrderO* (x111) type=PONG
[20:18:56] [Render thread/INFO] (Minecraft) [System] [CHAT] Grim » ReymyPidoras failed PacketOrderO* (x112) type=PONG
[20:18:56] [Render thread/INFO] (Minecraft) [System] [CHAT] Grim » ReymyPidoras failed PacketOrderO* (x113) type=PONG
[20:18:56] [Render thread/INFO] (Minecraft) [System] [CHAT] Grim » ReymyPidoras failed PacketOrderO* (x114) type=PONG
[20:18:56] [Render thread/INFO] (Minecraft) [System] [CHAT] Grim » ReymyPidoras failed PacketOrderO* (x115) type=PONG
[20:18:56] [Render thread/INFO] (Minecraft) [System] [CHAT] Grim » ReymyPidoras failed PacketOrderO* (x116) type=PONG
[20:18:56] [Render thread/INFO] (Minecraft) [System] [CHAT] Grim » ReymyPidoras failed TickTimer (x5) type=flying, packets=5
[20:18:56] [Render thread/INFO] (Minecraft) [System] [CHAT] Grim » ReymyPidoras failed PacketOrderO* (x117) type=PONG
[20:18:56] [Render thread/INFO] (Minecraft) [System] [CHAT] Grim » ReymyPidoras failed PacketOrderO* (x118) type=PONG
[20:18:56] [Render thread/INFO] (Minecraft) [System] [CHAT] Grim » ReymyPidoras failed PacketOrderO* (x119) type=TELEPORT_CONFIRM
[20:18:56] [Render thread/INFO] (Minecraft) [System] [CHAT] Grim » ReymyPidoras failed PacketOrderO* (x120) type=PLAYER_POSITION_AND_ROTATION
[20:18:56] [Render thread/INFO] (Minecraft) [System] [CHAT] Grim » ReymyPidoras failed PacketOrderO* (x121) type=PONG
[20:18:56] [Render thread/INFO] (Minecraft) [System] [CHAT] Grim » ReymyPidoras failed PacketOrderO* (x121) type=PONG
[20:18:56] [Render thread/INFO] (Minecraft) [System] [CHAT] Grim » ReymyPidoras failed PacketOrderO* (x122) type=PONG
[20:18:56] [Render thread/INFO] (Minecraft) [System] [CHAT] Grim » ReymyPidoras failed PacketOrderO* (x123) type=PONG
[20:18:56] [Render thread/INFO] (Minecraft) [System] [CHAT] Grim » ReymyPidoras failed PacketOrderO* (x124) type=PONG
[20:18:56] [Render thread/INFO] (Minecraft) [System] [CHAT] Grim » ReymyPidoras failed PacketOrderO* (x125) type=PONG
[20:18:56] [Render thread/INFO] (Minecraft) [System] [CHAT] Grim » ReymyPidoras failed PacketOrderO* (x126) type=PONG
[20:18:56] [Render thread/INFO] (Minecraft) [System] [CHAT] Grim » ReymyPidoras failed PacketOrderO* (x127) type=PONG
[20:18:56] [Render thread/INFO] (Minecraft) [System] [CHAT] Grim » ReymyPidoras failed PacketOrderO* (x128) type=PONG
[20:18:56] [Render thread/INFO] (Minecraft) [System] [CHAT] Grim » ReymyPidoras failed PacketOrderO* (x129) type=PONG
[20:18:57] [Render thread/INFO] (Minecraft) [System] [CHAT] Grim » ReymyPidoras failed PacketOrderO* (x130) type=PONG
[20:18:57] [Render thread/INFO] (Minecraft) [System] [CHAT] Grim » ReymyPidoras failed PacketOrderO* (x131) type=PONG
[20:18:57] [Render thread/INFO] (Minecraft) [System] [CHAT] Grim » ReymyPidoras failed PacketOrderO* (x132) type=PONG
[20:18:57] [Render thread/INFO] (Minecraft) [System] [CHAT] Grim » ReymyPidoras failed PacketOrderO* (x133) type=PONG
[20:18:57] [Render thread/INFO] (Minecraft) [System] [CHAT] Grim » ReymyPidoras failed PacketOrderO* (x134) type=PONG
[20:18:57] [Render thread/INFO] (Minecraft) [System] [CHAT] Grim » ReymyPidoras failed PacketOrderO* (x135) type=PONG
[20:18:57] [Render thread/INFO] (Minecraft) [System] [CHAT] Grim » ReymyPidoras failed PacketOrderO* (x136) type=PONG
[20:18:57] [Render thread/INFO] (Minecraft) [System] [CHAT] Grim » ReymyPidoras failed PacketOrderO* (x137) type=PONG
[20:18:57] [Render thread/INFO] (Minecraft) [System] [CHAT] Grim » ReymyPidoras failed PacketOrderO* (x138) type=PONG
[20:18:57] [Render thread/INFO] (Minecraft) [System] [CHAT] Grim » ReymyPidoras failed PacketOrderO* (x139) type=PONG
[20:18:57] [Render thread/INFO] (Minecraft) [System] [CHAT] Grim » ReymyPidoras failed PacketOrderO* (x140) type=PONG
[20:18:57] [Render thread/INFO] (Minecraft) [System] [CHAT] Grim » ReymyPidoras failed PacketOrderO* (x141) type=PONG
[20:18:57] [Render thread/INFO] (Minecraft) [System] [CHAT] Grim » ReymyPidoras failed TickTimer (x6) type=flying, packets=6
[20:18:57] [Render thread/INFO] (Minecraft) [System] [CHAT] Grim » ReymyPidoras failed NegativeTimer* (x1) -2598
[20:18:57] [Render thread/INFO] (Minecraft) [System] [CHAT] Grim » ReymyPidoras failed PacketOrderO* (x142) type=PONG
[20:18:57] [Render thread/INFO] (Minecraft) [System] [CHAT] Grim » ReymyPidoras failed PacketOrderO* (x143) type=PONG
[20:18:57] [Render thread/INFO] (Minecraft) [System] [CHAT] Grim » ReymyPidoras failed PacketOrderO* (x144) type=TELEPORT_CONFIRM
[20:18:57] [Render thread/INFO] (Minecraft) [System] [CHAT] Grim » ReymyPidoras failed PacketOrderO* (x145) type=PLAYER_POSITION_AND_ROTATION
[20:18:57] [Render thread/INFO] (Minecraft) [System] [CHAT] Grim » ReymyPidoras failed PacketOrderO* (x146) type=PONG
[20:18:57] [Render thread/INFO] (Minecraft) [System] [CHAT] Grim » ReymyPidoras failed PacketOrderO* (x146) type=PONG
[20:18:57] [Render thread/INFO] (Minecraft) [System] [CHAT] Grim » ReymyPidoras failed PacketOrderO* (x147) type=PONG
[20:18:57] [Render thread/INFO] (Minecraft) [System] [CHAT] Grim » ReymyPidoras failed PacketOrderO* (x148) type=PONG
[20:18:57] [Render thread/INFO] (Minecraft) [System] [CHAT] Grim » ReymyPidoras failed PacketOrderO* (x149) type=PONG
[20:18:57] [Render thread/INFO] (Minecraft) [System] [CHAT] Grim » ReymyPidoras failed PacketOrderO* (x150) type=PONG
[20:18:57] [Render thread/INFO] (Minecraft) [System] [CHAT] Grim » ReymyPidoras failed PacketOrderO* (x151) type=PONG
[20:18:57] [Render thread/INFO] (Minecraft) [System] [CHAT] Grim » ReymyPidoras failed PacketOrderO* (x152) type=PONG
[20:18:57] [Render thread/INFO] (Minecraft) [System] [CHAT] Grim » ReymyPidoras failed PacketOrderO* (x153) type=PONG
[20:18:57] [Render thread/INFO] (Minecraft) [System] [CHAT] Grim » ReymyPidoras failed PacketOrderO* (x154) type=PONG
[20:18:58] [Render thread/INFO] (Minecraft) [System] [CHAT] Grim » ReymyPidoras failed PacketOrderO* (x155) type=PONG
[20:18:58] [Render thread/INFO] (Minecraft) [System] [CHAT] Grim » ReymyPidoras failed PacketOrderO* (x156) type=PONG
[20:18:58] [Render thread/INFO] (Minecraft) [System] [CHAT] Grim » ReymyPidoras failed PacketOrderO* (x157) type=PONG
[20:18:58] [Render thread/INFO] (Minecraft) [System] [CHAT] Grim » ReymyPidoras failed PacketOrderO* (x158) type=PONG
[20:18:58] [Render thread/INFO] (Minecraft) [System] [CHAT] Grim » ReymyPidoras failed PacketOrderO* (x159) type=PONG
[20:18:58] [Render thread/INFO] (Minecraft) [System] [CHAT] Grim » ReymyPidoras failed PacketOrderO* (x160) type=PONG
[20:18:58] [Render thread/INFO] (Minecraft) [System] [CHAT] Grim » ReymyPidoras failed PacketOrderO* (x161) type=PONG
[20:18:58] [Render thread/INFO] (Minecraft) [System] [CHAT] Grim » ReymyPidoras failed PacketOrderO* (x162) type=PONG
[20:18:58] [Render thread/INFO] (Minecraft) [System] [CHAT] Grim » ReymyPidoras failed PacketOrderO* (x163) type=PONG
[20:18:58] [Render thread/INFO] (Minecraft) [System] [CHAT] Grim » ReymyPidoras failed PacketOrderO* (x164) type=PONG
[20:18:58] [Render thread/INFO] (Minecraft) [System] [CHAT] Grim » ReymyPidoras failed PacketOrderO* (x165) type=PONG
[20:18:58] [Render thread/INFO] (Minecraft) [System] [CHAT] Grim » ReymyPidoras failed PacketOrderO* (x166) type=PONG
[20:18:58] [Render thread/INFO] (Minecraft) [System] [CHAT] Grim » ReymyPidoras failed TickTimer (x7) type=flying, packets=7
[20:18:58] [Render thread/INFO] (Minecraft) [System] [CHAT] Grim » ReymyPidoras failed NegativeTimer* (x2) -3501
[20:18:58] [Render thread/INFO] (Minecraft) [System] [CHAT] Grim » ReymyPidoras failed PacketOrderO* (x167) type=PONG
[20:18:58] [Render thread/INFO] (Minecraft) [System] [CHAT] Grim » ReymyPidoras failed PacketOrderO* (x168) type=PONG
[20:18:58] [Render thread/INFO] (Minecraft) [System] [CHAT] Grim » ReymyPidoras failed PacketOrderO* (x169) type=TELEPORT_CONFIRM
[20:18:58] [Render thread/INFO] (Minecraft) [System] [CHAT] Grim » ReymyPidoras failed PacketOrderO* (x170) type=PLAYER_POSITION_AND_ROTATION
[20:18:58] [Render thread/INFO] (Minecraft) [System] [CHAT] Grim » ReymyPidoras failed PacketOrderO* (x170) type=PONG
[20:18:58] [Render thread/INFO] (Minecraft) [System] [CHAT] Grim » ReymyPidoras failed PacketOrderO* (x171) type=PONG
[20:18:58] [Render thread/INFO] (Minecraft) [System] [CHAT] Grim » ReymyPidoras failed PacketOrderO* (x172) type=PONG
[20:18:58] [Render thread/INFO] (Minecraft) [System] [CHAT] Grim » ReymyPidoras failed PacketOrderO* (x172) type=PONG
[20:18:58] [Render thread/INFO] (Minecraft) [System] [CHAT] Grim » ReymyPidoras failed PacketOrderO* (x173) type=PONG
[20:18:58] [Render thread/INFO] (Minecraft) [System] [CHAT] Grim » ReymyPidoras failed PacketOrderO* (x174) type=PONG
[20:18:58] [Render thread/INFO] (Minecraft) [System] [CHAT] Grim » ReymyPidoras failed PacketOrderO* (x175) type=PONG
[20:18:58] [Render thread/INFO] (Minecraft) [System] [CHAT] Grim » ReymyPidoras failed PacketOrderO* (x176) type=PONG
[20:18:58] [Render thread/INFO] (Minecraft) [System] [CHAT] Grim » ReymyPidoras failed PacketOrderO* (x177) type=PONG
[20:18:58] [Render thread/INFO] (Minecraft) [System] [CHAT] Grim » ReymyPidoras failed PacketOrderO* (x178) type=PONG
[20:18:58] [Render thread/INFO] (Minecraft) [System] [CHAT] Grim » ReymyPidoras failed PacketOrderO* (x179) type=PONG
[20:18:59] [Render thread/INFO] (Minecraft) [System] [CHAT] Grim » ReymyPidoras failed PacketOrderO* (x180) type=PONG
[20:18:59] [Render thread/INFO] (Minecraft) [System] [CHAT] Grim » ReymyPidoras failed PacketOrderO* (x181) type=PONG
[20:18:59] [Render thread/INFO] (Minecraft) [System] [CHAT] Grim » ReymyPidoras failed PacketOrderO* (x182) type=PONG
[20:18:59] [Render thread/INFO] (Minecraft) [System] [CHAT] Grim » ReymyPidoras failed PacketOrderO* (x183) type=PONG
[20:18:59] [Render thread/INFO] (Minecraft) [System] [CHAT] Grim » ReymyPidoras failed PacketOrderO* (x184) type=PONG
[20:18:59] [Render thread/INFO] (Minecraft) [System] [CHAT] Grim » ReymyPidoras failed PacketOrderO* (x185) type=PONG
[20:18:59] [Render thread/INFO] (Minecraft) [System] [CHAT] Grim » ReymyPidoras failed PacketOrderO* (x186) type=PONG
[20:18:59] [Render thread/INFO] (Minecraft) [System] [CHAT] Grim » ReymyPidoras failed PacketOrderO* (x187) type=PONG
[20:18:59] [Render thread/INFO] (Minecraft) [System] [CHAT] Grim » ReymyPidoras failed PacketOrderO* (x188) type=PONG
[20:18:59] [Render thread/INFO] (Minecraft) [System] [CHAT] Grim » ReymyPidoras failed PacketOrderO* (x189) type=PONG
[20:18:59] [Render thread/INFO] (Minecraft) [System] [CHAT] Grim » ReymyPidoras failed PacketOrderO* (x190) type=PONG
[20:18:59] [Render thread/INFO] (Minecraft) [System] [CHAT] Grim » ReymyPidoras failed PacketOrderO* (x191) type=PONG
[20:18:59] [Render thread/INFO] (Minecraft) [System] [CHAT] Grim » ReymyPidoras failed TickTimer (x8) type=flying, packets=8
[20:18:59] [Render thread/INFO] (Minecraft) [System] [CHAT] Grim » ReymyPidoras failed NegativeTimer* (x3) -4402
[20:18:59] [Render thread/INFO] (Minecraft) [System] [CHAT] Grim » ReymyPidoras failed PacketOrderO* (x192) type=PONG
[20:18:59] [Render thread/INFO] (Minecraft) [System] [CHAT] Grim » ReymyPidoras failed PacketOrderO* (x193) type=PONG
[20:18:59] [Render thread/INFO] (Minecraft) [System] [CHAT] Grim » ReymyPidoras failed PacketOrderO* (x194) type=TELEPORT_CONFIRM
[20:18:59] [Render thread/INFO] (Minecraft) [System] [CHAT] Grim » ReymyPidoras failed PacketOrderO* (x195) type=PLAYER_POSITION_AND_ROTATION
[20:18:59] [Render thread/INFO] (Minecraft) [System] [CHAT] Grim » ReymyPidoras failed PacketOrderO* (x196) type=PONG
[20:18:59] [Render thread/INFO] (Minecraft) [System] [CHAT] Grim » ReymyPidoras failed PacketOrderO* (x197) type=PONG
[20:18:59] [Render thread/INFO] (Minecraft) [System] [CHAT] Grim » ReymyPidoras failed PacketOrderO* (x198) type=PONG
[20:18:59] [Render thread/INFO] (Minecraft) [System] [CHAT] Grim » ReymyPidoras failed PacketOrderO* (x199) type=PONG
[20:18:59] [Render thread/INFO] (Minecraft) [System] [CHAT] Grim » ReymyPidoras failed PacketOrderO* (x200) type=PONG
[20:18:59] [Render thread/INFO] (Minecraft) [System] [CHAT] Grim » ReymyPidoras failed PacketOrderO* (x201) type=PONG
[20:18:59] [Render thread/INFO] (Minecraft) [System] [CHAT] Grim » ReymyPidoras failed PacketOrderO* (x202) type=PONG
[20:18:59] [Render thread/INFO] (Minecraft) [System] [CHAT] Grim » ReymyPidoras failed PacketOrderO* (x203) type=PONG
[20:18:59] [Render thread/INFO] (Minecraft) [System] [CHAT] Grim » ReymyPidoras failed PacketOrderO* (x204) type=PONG
[20:19:00] [Render thread/INFO] (Minecraft) [System] [CHAT] Grim » ReymyPidoras failed PacketOrderO* (x205) type=PONG
[20:19:00] [Render thread/INFO] (Minecraft) [System] [CHAT] Grim » ReymyPidoras failed PacketOrderO* (x206) type=PONG
[20:19:00] [Render thread/INFO] (Minecraft) [System] [CHAT] Grim » ReymyPidoras failed PacketOrderO* (x207) type=PONG
[20:19:00] [Render thread/INFO] (Minecraft) [System] [CHAT] Grim » ReymyPidoras failed PacketOrderO* (x208) type=PONG
[20:19:00] [Render thread/INFO] (Minecraft) [System] [CHAT] Grim » ReymyPidoras failed PacketOrderO* (x209) type=PONG
[20:19:00] [Render thread/INFO] (Minecraft) [System] [CHAT] Grim » ReymyPidoras failed PacketOrderO* (x210) type=PONG
[20:19:00] [Render thread/INFO] (Minecraft) [System] [CHAT] Grim » ReymyPidoras failed PacketOrderO* (x211) type=PONG
[20:19:00] [Render thread/INFO] (Minecraft) [System] [CHAT] Grim » ReymyPidoras failed PacketOrderO* (x212) type=PONG
[20:19:00] [Render thread/INFO] (Minecraft) [System] [CHAT] Grim » ReymyPidoras failed PacketOrderO* (x213) type=PONG
[20:19:00] [Render thread/INFO] (Minecraft) [System] [CHAT] Grim » ReymyPidoras failed PacketOrderO* (x214) type=PONG
[20:19:00] [Render thread/INFO] (Minecraft) [System] [CHAT] Grim » ReymyPidoras failed PacketOrderO* (x215) type=PONG
[20:19:00] [Render thread/INFO] (Minecraft) [System] [CHAT] Grim » ReymyPidoras failed PacketOrderO* (x216) type=PONG
[20:19:00] [Render thread/INFO] (Minecraft) [System] [CHAT] Grim » ReymyPidoras failed PacketOrderO* (x217) type=PONG
[20:19:00] [Render thread/INFO] (Minecraft) [System] [CHAT] Grim » ReymyPidoras failed TickTimer (x9) type=flying, packets=9
[20:19:00] [Render thread/INFO] (Minecraft) [System] [CHAT] Grim » ReymyPidoras failed NegativeTimer* (x4) -5302
[20:19:00] [Render thread/INFO] (Minecraft) [System] [CHAT] Grim » ReymyPidoras failed PacketOrderO* (x218) type=PONG
[20:19:00] [Render thread/INFO] (Minecraft) [System] [CHAT] Grim » ReymyPidoras failed PacketOrderO* (x219) type=PONG
[20:19:00] [Render thread/INFO] (Minecraft) [System] [CHAT] Grim » ReymyPidoras failed PacketOrderO* (x220) type=TELEPORT_CONFIRM
[20:19:00] [Render thread/INFO] (Minecraft) [System] [CHAT] Grim » ReymyPidoras failed PacketOrderO* (x221) type=PLAYER_POSITION_AND_ROTATION
[20:19:00] [Render thread/INFO] (Minecraft) [System] [CHAT] Grim » ReymyPidoras failed PacketOrderO* (x222) type=PONG
[20:19:00] [Render thread/INFO] (Minecraft) [System] [CHAT] Grim » ReymyPidoras failed PacketOrderO* (x222) type=PONG
[20:19:00] [Render thread/INFO] (Minecraft) [System] [CHAT] Grim » ReymyPidoras failed PacketOrderO* (x223) type=PONG
[20:19:00] [Render thread/INFO] (Minecraft) [System] [CHAT] Grim » ReymyPidoras failed PacketOrderO* (x224) type=PONG
[20:19:00] [Render thread/INFO] (Minecraft) [System] [CHAT] Grim » ReymyPidoras failed PacketOrderO* (x225) type=PONG
[20:19:00] [Render thread/INFO] (Minecraft) [System] [CHAT] Grim » ReymyPidoras failed PacketOrderO* (x226) type=PONG
[20:19:00] [Render thread/INFO] (Minecraft) [System] [CHAT] Grim » ReymyPidoras failed PacketOrderO* (x227) type=PONG
[20:19:00] [Render thread/INFO] (Minecraft) [System] [CHAT] Grim » ReymyPidoras failed PacketOrderO* (x228) type=PONG
[20:19:01] [Render thread/INFO] (Minecraft) [System] [CHAT] Grim » ReymyPidoras failed PacketOrderO* (x229) type=PONG
[20:19:01] [Render thread/INFO] (Minecraft) [System] [CHAT] Grim » ReymyPidoras failed PacketOrderO* (x230) type=PONG
[20:19:01] [Render thread/INFO] (Minecraft) [System] [CHAT] Grim » ReymyPidoras failed PacketOrderO* (x231) type=PONG
[20:19:01] [Render thread/INFO] (Minecraft) [System] [CHAT] Grim » ReymyPidoras failed PacketOrderO* (x232) type=PONG
[20:19:01] [Render thread/INFO] (Minecraft) [System] [CHAT] Grim » ReymyPidoras failed PacketOrderO* (x233) type=PONG
[20:19:01] [Render thread/INFO] (Minecraft) [System] [CHAT] Grim » ReymyPidoras failed PacketOrderO* (x234) type=PONG
[20:19:01] [Render thread/INFO] (Minecraft) [System] [CHAT] Grim » ReymyPidoras failed PacketOrderO* (x235) type=PONG
[20:19:01] [Render thread/INFO] (Minecraft) [System] [CHAT] Grim » ReymyPidoras failed PacketOrderO* (x236) type=PONG
[20:19:01] [Render thread/INFO] (Minecraft) [System] [CHAT] Grim » ReymyPidoras failed PacketOrderO* (x237) type=PONG
[20:19:01] [Render thread/INFO] (Minecraft) [System] [CHAT] Grim » ReymyPidoras failed PacketOrderO* (x238) type=PONG
[20:19:01] [Render thread/INFO] (Minecraft) [System] [CHAT] Grim » ReymyPidoras failed PacketOrderO* (x239) type=PONG
[20:19:01] [Render thread/INFO] (Minecraft) [System] [CHAT] Grim » ReymyPidoras failed PacketOrderO* (x240) type=PONG
[20:19:01] [Render thread/INFO] (Minecraft) [System] [CHAT] Grim » ReymyPidoras failed PacketOrderO* (x241) type=PONG
[20:19:01] [Render thread/INFO] (Minecraft) [System] [CHAT] Grim » ReymyPidoras failed PacketOrderO* (x242) type=PONG
[20:19:01] [Render thread/INFO] (Minecraft) [System] [CHAT] Grim » ReymyPidoras failed TickTimer (x10) type=flying, packets=10
[20:19:01] [Render thread/INFO] (Minecraft) [System] [CHAT] Grim » ReymyPidoras failed NegativeTimer* (x5) -6205
[20:19:01] [Render thread/INFO] (Minecraft) [System] [CHAT] Grim » ReymyPidoras failed PacketOrderO* (x243) type=PONG
[20:19:01] [Render thread/INFO] (Minecraft) [System] [CHAT] Grim » ReymyPidoras failed PacketOrderO* (x244) type=PONG
[20:19:01] [Render thread/INFO] (Minecraft) [System] [CHAT] Grim » ReymyPidoras failed PacketOrderO* (x245) type=TELEPORT_CONFIRM
[20:19:01] [Render thread/INFO] (Minecraft) [System] [CHAT] Grim » ReymyPidoras failed PacketOrderO* (x245) type=PLAYER_POSITION_AND_ROTATION
[20:19:01] [Render thread/INFO] (Minecraft) [System] [CHAT] Grim » ReymyPidoras failed PacketOrderO* (x246) type=PONG
[20:19:01] [Render thread/INFO] (Minecraft) [System] [CHAT] Grim » ReymyPidoras failed PacketOrderO* (x246) type=PONG
[20:19:01] [Render thread/INFO] (Minecraft) [System] [CHAT] Grim » ReymyPidoras failed PacketOrderO* (x247) type=PONG
[20:19:01] [Render thread/INFO] (Minecraft) [System] [CHAT] Grim » ReymyPidoras failed PacketOrderO* (x248) type=PONG
[20:19:01] [Render thread/INFO] (Minecraft) [System] [CHAT] Grim » ReymyPidoras failed PacketOrderO* (x249) type=PONG
[20:19:01] [Render thread/INFO] (Minecraft) [System] [CHAT] Grim » ReymyPidoras failed PacketOrderO* (x250) type=PONG
[20:19:01] [Render thread/INFO] (Minecraft) [System] [CHAT] Grim » ReymyPidoras failed PacketOrderO* (x251) type=PONG
[20:19:01] [Render thread/INFO] (Minecraft) [System] [CHAT] Grim » ReymyPidoras failed PacketOrderO* (x252) type=PONG
[20:19:02] [Render thread/INFO] (Minecraft) [System] [CHAT] Grim » ReymyPidoras failed PacketOrderO* (x253) type=PONG
[20:19:02] [Render thread/INFO] (Minecraft) [System] [CHAT] Grim » ReymyPidoras failed PacketOrderO* (x254) type=PONG
[20:19:02] [Render thread/INFO] (Minecraft) [System] [CHAT] Grim » ReymyPidoras failed PacketOrderO* (x255) type=PONG
[20:19:02] [Render thread/INFO] (Minecraft) [System] [CHAT] Grim » ReymyPidoras failed PacketOrderO* (x256) type=PONG
[20:19:02] [Render thread/INFO] (Minecraft) [System] [CHAT] Grim » ReymyPidoras failed PacketOrderO* (x257) type=PONG
[20:19:02] [Render thread/INFO] (Minecraft) [System] [CHAT] Grim » ReymyPidoras failed PacketOrderO* (x258) type=PONG
[20:19:02] [Render thread/INFO] (Minecraft) [System] [CHAT] Grim » ReymyPidoras failed PacketOrderO* (x259) type=PONG
[20:19:02] [Render thread/INFO] (Minecraft) [System] [CHAT] Grim » ReymyPidoras failed PacketOrderO* (x260) type=PONG
[20:19:02] [Render thread/INFO] (Minecraft) [System] [CHAT] Grim » ReymyPidoras failed PacketOrderO* (x261) type=PONG
[20:19:02] [Render thread/INFO] (Minecraft) [System] [CHAT] Grim » ReymyPidoras failed PacketOrderO* (x262) type=PONG
[20:19:02] [Render thread/INFO] (Minecraft) [System] [CHAT] Grim » ReymyPidoras failed PacketOrderO* (x263) type=PONG
[20:19:02] [Render thread/INFO] (Minecraft) [System] [CHAT] Grim » ReymyPidoras failed PacketOrderO* (x264) type=PONG
[20:19:02] [Render thread/INFO] (Minecraft) [System] [CHAT] Grim » ReymyPidoras failed PacketOrderO* (x265) type=PONG
[20:19:02] [Render thread/INFO] (Minecraft) [System] [CHAT] Grim » ReymyPidoras failed PacketOrderO* (x266) type=PONG
[20:19:02] [Render thread/INFO] (Minecraft) [System] [CHAT] Grim » ReymyPidoras failed TickTimer (x11) type=flying, packets=11
[20:19:02] [Render thread/INFO] (Minecraft) [System] [CHAT] Grim » ReymyPidoras failed NegativeTimer* (x6) -7103
[20:19:02] [Render thread/INFO] (Minecraft) [System] [CHAT] Grim » ReymyPidoras failed PacketOrderO* (x267) type=PONG
[20:19:02] [Render thread/INFO] (Minecraft) [System] [CHAT] Grim » ReymyPidoras failed PacketOrderO* (x268) type=PONG
[20:19:02] [Render thread/INFO] (Minecraft) [System] [CHAT] Grim » ReymyPidoras failed PacketOrderO* (x269) type=TELEPORT_CONFIRM
[20:19:02] [Render thread/INFO] (Minecraft) [System] [CHAT] Grim » ReymyPidoras failed PacketOrderO* (x269) type=PLAYER_POSITION_AND_ROTATION
[20:19:02] [Render thread/INFO] (Minecraft) [System] [CHAT] Grim » ReymyPidoras failed PacketOrderO* (x270) type=PONG
[20:19:02] [Render thread/INFO] (Minecraft) [System] [CHAT] Grim » ReymyPidoras failed PacketOrderO* (x270) type=PONG
[20:19:02] [Render thread/INFO] (Minecraft) [System] [CHAT] Grim » ReymyPidoras failed PacketOrderO* (x271) type=PONG
[20:19:02] [Render thread/INFO] (Minecraft) [System] [CHAT] Grim » ReymyPidoras failed PacketOrderO* (x272) type=PONG
[20:19:02] [Render thread/INFO] (Minecraft) [System] [CHAT] Grim » ReymyPidoras failed PacketOrderO* (x273) type=PONG
[20:19:02] [Render thread/INFO] (Minecraft) [System] [CHAT] Grim » ReymyPidoras failed PacketOrderO* (x274) type=PONG
[20:19:02] [Render thread/INFO] (Minecraft) [System] [CHAT] Grim » ReymyPidoras failed PacketOrderO* (x275) type=PONG
[20:19:02] [Render thread/INFO] (Minecraft) [System] [CHAT] Grim » ReymyPidoras failed PacketOrderO* (x276) type=PONG
[20:19:03] [Render thread/INFO] (Minecraft) [System] [CHAT] Grim » ReymyPidoras failed PacketOrderO* (x277) type=PONG
[20:19:03] [Render thread/INFO] (Minecraft) [System] [CHAT] Grim » ReymyPidoras failed PacketOrderO* (x278) type=PONG
[20:19:03] [Render thread/INFO] (Minecraft) [System] [CHAT] Grim » ReymyPidoras failed PacketOrderO* (x279) type=PONG
[20:19:03] [Render thread/INFO] (Minecraft) [System] [CHAT] Grim » ReymyPidoras failed PacketOrderO* (x280) type=PONG
[20:19:03] [Render thread/INFO] (Minecraft) [System] [CHAT] Grim » ReymyPidoras failed PacketOrderO* (x281) type=PONG
[20:19:03] [Render thread/INFO] (Minecraft) [System] [CHAT] Grim » ReymyPidoras failed PacketOrderO* (x282) type=PONG
[20:19:03] [Render thread/INFO] (Minecraft) [System] [CHAT] Grim » ReymyPidoras failed PacketOrderO* (x283) type=PONG
[20:19:03] [Render thread/INFO] (Minecraft) [System] [CHAT] Grim » ReymyPidoras failed PacketOrderO* (x284) type=PONG
[20:19:03] [Render thread/INFO] (Minecraft) [System] [CHAT] Grim » ReymyPidoras failed PacketOrderO* (x285) type=PONG
[20:19:03] [Render thread/INFO] (Minecraft) [System] [CHAT] Grim » ReymyPidoras failed PacketOrderO* (x286) type=PONG
[20:19:03] [Render thread/INFO] (Minecraft) [System] [CHAT] Grim » ReymyPidoras failed PacketOrderO* (x287) type=PONG
[20:19:03] [Render thread/INFO] (Minecraft) [System] [CHAT] Grim » ReymyPidoras failed PacketOrderO* (x288) type=PONG
[20:19:03] [Render thread/INFO] (Minecraft) [System] [CHAT] Grim » ReymyPidoras failed PacketOrderO* (x289) type=PONG
[20:19:03] [Render thread/INFO] (Minecraft) [System] [CHAT] Grim » ReymyPidoras failed PacketOrderO* (x290) type=PONG
[20:19:03] [Render thread/INFO] (Minecraft) [System] [CHAT] Grim » ReymyPidoras failed TickTimer (x12) type=flying, packets=12
[20:19:03] [Render thread/INFO] (Minecraft) [System] [CHAT] Grim » ReymyPidoras failed NegativeTimer* (x7) -7997
[20:19:03] [Render thread/INFO] (Minecraft) [System] [CHAT] Grim » ReymyPidoras failed PacketOrderO* (x291) type=PONG
[20:19:03] [Render thread/INFO] (Minecraft) [System] [CHAT] Grim » ReymyPidoras failed PacketOrderO* (x292) type=PONG
[20:19:03] [Render thread/INFO] (Minecraft) [System] [CHAT] Grim » ReymyPidoras failed PacketOrderO* (x293) type=TELEPORT_CONFIRM
[20:19:03] [Render thread/INFO] (Minecraft) [System] [CHAT] Grim » ReymyPidoras failed PacketOrderO* (x294) type=PLAYER_POSITION_AND_ROTATION
[20:19:03] [Render thread/INFO] (Minecraft) [System] [CHAT] Grim » ReymyPidoras failed PacketOrderO* (x295) type=PONG
[20:19:03] [Render thread/INFO] (Minecraft) [System] [CHAT] Grim » ReymyPidoras failed PacketOrderO* (x295) type=PONG
[20:19:03] [Render thread/INFO] (Minecraft) [System] [CHAT] Grim » ReymyPidoras failed PacketOrderO* (x296) type=PONG
[20:19:03] [Render thread/INFO] (Minecraft) [System] [CHAT] Grim » ReymyPidoras failed PacketOrderO* (x297) type=PONG
[20:19:03] [Render thread/INFO] (Minecraft) [System] [CHAT] Grim » ReymyPidoras failed PacketOrderO* (x298) type=PONG
[20:19:03] [Render thread/INFO] (Minecraft) [System] [CHAT] Grim » ReymyPidoras failed PacketOrderO* (x299) type=PONG
[20:19:03] [Render thread/INFO] (Minecraft) [System] [CHAT] Grim » ReymyPidoras failed PacketOrderO* (x300) type=PONG
[20:19:03] [Render thread/INFO] (Minecraft) [System] [CHAT] Grim » ReymyPidoras failed PacketOrderO* (x301) type=PONG
[20:19:04] [Render thread/INFO] (Minecraft) [System] [CHAT] Grim » ReymyPidoras failed PacketOrderO* (x302) type=PONG
[20:19:04] [Render thread/INFO] (Minecraft) [System] [CHAT] Grim » ReymyPidoras failed PacketOrderO* (x303) type=PONG
[20:19:04] [Render thread/INFO] (Minecraft) [System] [CHAT] Grim » ReymyPidoras failed PacketOrderO* (x304) type=PONG
[20:19:04] [Render thread/INFO] (Minecraft) [System] [CHAT] Grim » ReymyPidoras failed PacketOrderO* (x304) type=PONG
[20:19:04] [Render thread/INFO] (Minecraft) [System] [CHAT] Grim » ReymyPidoras failed PacketOrderO* (x305) type=PONG
[20:19:04] [Render thread/INFO] (Minecraft) [System] [CHAT] Grim » ReymyPidoras failed PacketOrderO* (x306) type=PONG
[20:19:04] [Render thread/INFO] (Minecraft) [System] [CHAT] Grim » ReymyPidoras failed PacketOrderO* (x307) type=PONG
[20:19:04] [Render thread/INFO] (Minecraft) [System] [CHAT] Grim » ReymyPidoras failed PacketOrderO* (x308) type=PONG
[20:19:04] [Render thread/INFO] (Minecraft) [System] [CHAT] Grim » ReymyPidoras failed PacketOrderO* (x309) type=PONG
[20:19:04] [Render thread/INFO] (Minecraft) [System] [CHAT] Grim » ReymyPidoras failed PacketOrderO* (x310) type=PONG
[20:19:04] [Render thread/INFO] (Minecraft) [System] [CHAT] Grim » ReymyPidoras failed PacketOrderO* (x311) type=PONG
[20:19:04] [Render thread/INFO] (Minecraft) [System] [CHAT] ReymyPidoras left the game
[20:19:05] [Render thread/INFO] (Minecraft) [System] [CHAT] MlPancake left the game
[20:19:21] [Render thread/INFO] (Minecraft) [System] [CHAT] Grim » Player529 failed BadPacketsZ* (x1) 
[20:19:21] [Render thread/INFO] (Minecraft) [System] [CHAT] Grim » Player529 failed BadPacketsZ* (x2) 
[20:19:27] [Render thread/INFO] (Minecraft) [System] [CHAT] Player529 left the game
[20:19:35] [Render thread/INFO] (Minecraft) [System] [CHAT] Player529 joined the game
[20:19:36] [Render thread/INFO] (Minecraft) [System] [CHAT] Grim » Player529 failed Simulation (x1) 284.039898 /gl 99
[20:19:54] [Render thread/INFO] (Minecraft) [System] [CHAT] ReymyPidor joined the game
[20:19:57] [Render thread/INFO] (Minecraft) [System] [CHAT] Grim » Player529 failed Simulation (x2) .030000 /gl 100
[20:19:57] [Render thread/INFO] (Minecraft) [System] [CHAT] Grim » Player529 failed Simulation (x3) .046380 /gl 101
[20:20:01] [Render thread/INFO] (Minecraft) [System] [CHAT] Grim » Player529 failed PacketOrderF* (x1) action=interact, sprinting=true, sneaking=false
[20:20:10] [Render thread/INFO] (Minecraft) [System] [CHAT] Grim » Player529 failed PacketOrderF* (x2) action=interact, sprinting=true, sneaking=false
[20:20:10] [Render thread/INFO] (Minecraft) [System] [CHAT] Grim » Player529 failed PacketOrderF* (x3) action=interact, sprinting=true, sneaking=false
[20:20:25] [Render thread/INFO] (Minecraft) [System] [CHAT] Grim » Player529 failed PacketOrderF* (x4) action=interact, sprinting=true, sneaking=false
[20:20:27] [Render thread/INFO] (Minecraft) [System] [CHAT] The scaffold area is going to be cleared in 60 seconds
[20:20:28] [Render thread/INFO] (Minecraft) [System] [CHAT] Grim » Player529 failed PacketOrderF* (x5) action=interact, sprinting=true, sneaking=false
[20:20:28] [Render thread/INFO] (Minecraft) [System] [CHAT] Grim » Player529 failed PacketOrderF* (x6) action=interact, sprinting=true, sneaking=false
[20:20:50] [Render thread/INFO] (Minecraft) [System] [CHAT] Player690 joined the game
[20:20:50] [Render thread/INFO] (Minecraft) [System] [CHAT] Player690 left the game
[20:20:57] [Render thread/INFO] (Minecraft) [System] [CHAT] The scaffold area is going to be cleared in 30 seconds
[20:21:01] [Render thread/INFO] (Minecraft) [System] [CHAT] Grim » Player529 failed PacketOrderF* (x7) action=interact, sprinting=true, sneaking=false
[20:21:03] [Render thread/INFO] (Minecraft) [System] [CHAT] Grim » Player529 failed PacketOrderF* (x8) action=interact, sprinting=true, sneaking=false
[20:21:04] [Render thread/INFO] (Minecraft) [System] [CHAT] Grim » Player529 failed PacketOrderF* (x9) action=interact, sprinting=true, sneaking=false
[20:21:04] [Render thread/INFO] (Minecraft) [System] [CHAT] Grim » Player529 failed PacketOrderF* (x10) action=interact, sprinting=true, sneaking=false
[20:21:09] [Render thread/INFO] (Minecraft) [System] [CHAT] MoKayiiDia joined the game
[20:21:15] [Render thread/INFO] (Minecraft) [System] [CHAT] Grim » MoKayiiDia failed AimModulo360 (x1) 
[20:21:16] [Render thread/INFO] (Minecraft) [System] [CHAT] Grim » MoKayiiDia failed AimModulo360 (x2) 
[20:21:17] [Render thread/INFO] (Minecraft) [System] [CHAT] The scaffold area is going to be cleared in 10 seconds
[20:21:17] [Render thread/INFO] (Minecraft) [System] [CHAT] Grim » MoKayiiDia failed AimModulo360 (x3) 
[20:21:19] [Render thread/INFO] (Minecraft) [System] [CHAT] Grim » MoKayiiDia failed AimModulo360 (x4) 
[20:21:20] [Render thread/INFO] (Minecraft) [System] [CHAT] Grim » MoKayiiDia failed AimModulo360 (x5) 
[20:21:21] [Render thread/INFO] (Minecraft) [System] [CHAT] Grim » MoKayiiDia failed AimModulo360 (x6) 
[20:21:22] [Render thread/INFO] (Minecraft) [System] [CHAT] Grim » MoKayiiDia failed AimModulo360 (x7) 
[20:21:27] [Render thread/INFO] (Minecraft) [System] [CHAT] The scaffold area has been cleared
[20:21:41] [Render thread/INFO] (Minecraft) [System] [CHAT] Grim » MoKayiiDia failed AimModulo360 (x8) 
[20:21:44] [Render thread/INFO] (Minecraft) [System] [CHAT] Grim » MoKayiiDia failed AimModulo360 (x9) 
[20:21:45] [Render thread/INFO] (Minecraft) [System] [CHAT] Grim » MoKayiiDia failed AimModulo360 (x10) 
[20:21:54] [Render thread/INFO] (Minecraft) [System] [CHAT] Grim » MoKayiiDia failed AimModulo360 (x11) 
[20:22:05] [Render thread/INFO] (Minecraft) [System] [CHAT] Grim » MoKayiiDia failed AimModulo360 (x12) 
[20:22:09] [Render thread/INFO] (Minecraft) [System] [CHAT] Grim » MoKayiiDia failed AimModulo360 (x13) 
[20:22:11] [Render thread/INFO] (Minecraft) [System] [CHAT] Grim » MoKayiiDia failed AimModulo360 (x14) 
[20:22:11] [Render thread/INFO] (Minecraft) [System] [CHAT] Grim » MoKayiiDia failed AimModulo360 (x15) 
[20:22:13] [Render thread/INFO] (Minecraft) [System] [CHAT] Grim » MoKayiiDia failed AimModulo360 (x16) 
[20:22:17] [Render thread/INFO] (Minecraft) [System] [CHAT] Grim » MoKayiiDia failed AimModulo360 (x17) 
[20:22:20] [Render thread/INFO] (Minecraft) [System] [CHAT] Grim » MoKayiiDia failed AimModulo360 (x18) 
[20:22:22] [Render thread/INFO] (Minecraft) [System] [CHAT] Grim » MoKayiiDia failed AimModulo360 (x19) 
[20:22:25] [Render thread/INFO] (Minecraft) [System] [CHAT] Grim » MoKayiiDia failed AimModulo360 (x20) 
[20:22:28] [Render thread/INFO] (Minecraft) [System] [CHAT] Grim » MoKayiiDia failed AimModulo360 (x21) 
[20:22:33] [Render thread/INFO] (Minecraft) [System] [CHAT] D0x0RSwaT joined the game
[20:22:39] [Render thread/INFO] (Minecraft) [System] [CHAT] RTqyiw joined the game
[20:22:39] [Render thread/INFO] (Minecraft) [System] [CHAT] Grim » MoKayiiDia failed AimModulo360 (x22) 
[20:22:50] [Render thread/INFO] (Minecraft) [System] [CHAT] dsfauweaf left the game
[20:23:17] [Render thread/INFO] (Minecraft) [System] [CHAT] Grim » Player529 failed PacketOrderF* (x11) action=interact, sprinting=true, sneaking=false
[20:23:19] [Render thread/INFO] (Minecraft) [System] [CHAT] Grim » Player529 failed PacketOrderF* (x12) action=interact, sprinting=true, sneaking=false
[20:23:19] [Render thread/INFO] (Minecraft) [System] [CHAT] Grim » Player529 failed PacketOrderF* (x13) action=interact, sprinting=true, sneaking=false
[20:23:20] [Render thread/INFO] (Minecraft) [System] [CHAT] Grim » Player529 failed PacketOrderF* (x14) action=interact, sprinting=true, sneaking=false
[20:23:28] [Render thread/INFO] (Minecraft) [System] [CHAT] mishanyakras12 joined the game
[20:23:30] [Render thread/INFO] (Minecraft) [System] [CHAT] Grim » mishanyakras12 failed MultiActionsC (x1) input
[20:23:30] [Render thread/INFO] (Minecraft) [System] [CHAT] Grim » mishanyakras12 failed PacketOrderO* (x1) type=CLICK_WINDOW
[20:23:30] [Render thread/INFO] (Minecraft) [System] [CHAT] Grim » mishanyakras12 failed PacketOrderO* (x2) type=USE_ITEM
[20:23:30] [Render thread/INFO] (Minecraft) [System] [CHAT] Grim » mishanyakras12 failed Post (x1) use item v1.21.4
[20:23:30] [Render thread/INFO] (Minecraft) [System] [CHAT] Grim » mishanyakras12 failed MultiActionsC (x2) input
[20:23:30] [Render thread/INFO] (Minecraft) [System] [CHAT] Grim » mishanyakras12 failed PacketOrderO* (x3) type=CLICK_WINDOW
[20:23:30] [Render thread/INFO] (Minecraft) [System] [CHAT] Grim » mishanyakras12 failed MultiActionsC (x3) input
[20:23:30] [Render thread/INFO] (Minecraft) [System] [CHAT] Grim » mishanyakras12 failed PacketOrderO* (x4) type=CLICK_WINDOW
[20:23:32] [Render thread/INFO] (Minecraft) [System] [CHAT] Grim » mishanyakras12 failed MultiActionsC (x4) input
[20:23:32] [Render thread/INFO] (Minecraft) [System] [CHAT] Grim » mishanyakras12 failed PacketOrderO* (x5) type=CLICK_WINDOW
[20:23:32] [Render thread/INFO] (Minecraft) [System] [CHAT] Grim » mishanyakras12 failed PacketOrderO* (x6) type=USE_ITEM
[20:23:32] [Render thread/INFO] (Minecraft) [System] [CHAT] Grim » mishanyakras12 failed MultiActionsC (x5) input
[20:23:32] [Render thread/INFO] (Minecraft) [System] [CHAT] Grim » mishanyakras12 failed PacketOrderO* (x7) type=CLICK_WINDOW
[20:23:32] [Render thread/INFO] (Minecraft) [System] [CHAT] Grim » mishanyakras12 failed MultiActionsC (x6) input
[20:23:32] [Render thread/INFO] (Minecraft) [System] [CHAT] Grim » mishanyakras12 failed PacketOrderO* (x8) type=CLICK_WINDOW
[20:23:33] [Render thread/INFO] (Minecraft) [System] [CHAT] Grim » mishanyakras12 failed MultiActionsC (x7) input
[20:23:33] [Render thread/INFO] (Minecraft) [System] [CHAT] Grim » mishanyakras12 failed PacketOrderO* (x9) type=CLICK_WINDOW
[20:23:33] [Render thread/INFO] (Minecraft) [System] [CHAT] Grim » mishanyakras12 failed PacketOrderO* (x10) type=USE_ITEM
[20:23:33] [Render thread/INFO] (Minecraft) [System] [CHAT] Grim » mishanyakras12 failed Post (x2) use item v1.21.4
[20:23:33] [Render thread/INFO] (Minecraft) [System] [CHAT] Grim » mishanyakras12 failed MultiActionsC (x8) input
[20:23:33] [Render thread/INFO] (Minecraft) [System] [CHAT] Grim » mishanyakras12 failed PacketOrderO* (x11) type=CLICK_WINDOW
[20:23:33] [Render thread/INFO] (Minecraft) [System] [CHAT] Grim » mishanyakras12 failed MultiActionsC (x9) input
[20:23:33] [Render thread/INFO] (Minecraft) [System] [CHAT] Grim » mishanyakras12 failed PacketOrderO* (x12) type=CLICK_WINDOW
[20:23:34] [Render thread/INFO] (Minecraft) [System] [CHAT] Grim » mishanyakras12 failed MultiActionsC (x10) input
[20:23:34] [Render thread/INFO] (Minecraft) [System] [CHAT] Grim » mishanyakras12 failed PacketOrderO* (x13) type=CLICK_WINDOW
[20:23:34] [Render thread/INFO] (Minecraft) [System] [CHAT] Grim » mishanyakras12 failed PacketOrderO* (x14) type=USE_ITEM
[20:23:34] [Render thread/INFO] (Minecraft) [System] [CHAT] Grim » mishanyakras12 failed Post (x3) use item v1.21.4
[20:23:34] [Render thread/INFO] (Minecraft) [System] [CHAT] Grim » mishanyakras12 failed MultiActionsC (x11) input
[20:23:34] [Render thread/INFO] (Minecraft) [System] [CHAT] Grim » mishanyakras12 failed PacketOrderO* (x15) type=CLICK_WINDOW
[20:23:34] [Render thread/INFO] (Minecraft) [System] [CHAT] Grim » mishanyakras12 failed MultiActionsC (x12) input
[20:23:34] [Render thread/INFO] (Minecraft) [System] [CHAT] Grim » mishanyakras12 failed PacketOrderO* (x16) type=CLICK_WINDOW
[20:23:35] [Render thread/INFO] (Minecraft) [System] [CHAT] Grim » Player529 failed BadPacketsL (x1) pos=0, 0, 0, face=NORTH, sequence=0, action=drop_item_stack
[20:23:35] [Render thread/INFO] (Minecraft) [System] [CHAT] Grim » Player529 failed PacketOrderG* (x1) action=drop, attacking=false, releasing=false, rightClicking=true, picking=false, digging=false
[20:23:36] [Render thread/INFO] (Minecraft) [System] [CHAT] ItzMvl1xr joined the game
[20:23:37] [Render thread/INFO] (Minecraft) [System] [CHAT] Grim » mishanyakras12 failed PacketOrderO* (x17) type=USE_ITEM
[20:23:37] [Render thread/INFO] (Minecraft) [System] [CHAT] Grim » mishanyakras12 failed Post (x4) use item v1.21.4
[20:23:39] [Render thread/INFO] (Minecraft) [System] [CHAT] Grim » mishanyakras12 failed PacketOrderO* (x18) type=USE_ITEM
[20:23:39] [Render thread/INFO] (Minecraft) [System] [CHAT] Grim » mishanyakras12 failed Post (x5) use item v1.21.4
[20:23:40] [Render thread/INFO] (Minecraft) [System] [CHAT] Grim » Player529 failed BadPacketsL (x2) pos=0, 0, 0, face=WEST, sequence=0, action=drop_item_stack
[20:23:40] [Render thread/INFO] (Minecraft) [System] [CHAT] Grim » Player529 failed PacketOrderG* (x2) action=drop, attacking=false, releasing=false, rightClicking=true, picking=false, digging=false
[20:23:40] [Render thread/INFO] (Minecraft) [System] [CHAT] Grim » mishanyakras12 failed PacketOrderO* (x19) type=USE_ITEM
[20:23:42] [Render thread/INFO] (Minecraft) [System] [CHAT] Grim » mishanyakras12 failed PacketOrderO* (x20) type=USE_ITEM
[20:23:42] [Render thread/INFO] (Minecraft) [System] [CHAT] Grim » mishanyakras12 failed Post (x6) use item v1.21.4
[20:23:42] [Render thread/INFO] (Minecraft) [System] [CHAT] Grim » mishanyakras12 failed BadPacketsJ (x1) 
[20:23:43] [Render thread/INFO] (Minecraft) [System] [CHAT] Grim » Player529 failed BadPacketsL (x3) pos=0, 0, 0, face=SOUTH, sequence=0, action=drop_item_stack
[20:23:43] [Render thread/INFO] (Minecraft) [System] [CHAT] Grim » Player529 failed PacketOrderG* (x3) action=drop, attacking=false, releasing=false, rightClicking=true, picking=false, digging=false
[20:23:45] [Render thread/INFO] (Minecraft) [System] [CHAT] Grim » Player529 failed BadPacketsL (x4) pos=0, 0, 0, face=SOUTH, sequence=0, action=drop_item_stack
[20:23:45] [Render thread/INFO] (Minecraft) [System] [CHAT] Grim » Player529 failed PacketOrderG* (x4) action=drop, attacking=false, releasing=false, rightClicking=true, picking=false, digging=false
[20:23:46] [Render thread/INFO] (Minecraft) [System] [CHAT] Grim » mishanyakras12 failed MultiActionsC (x13) input
[20:23:46] [Render thread/INFO] (Minecraft) [System] [CHAT] Grim » mishanyakras12 failed PacketOrderO* (x21) type=CLICK_WINDOW
[20:23:46] [Render thread/INFO] (Minecraft) [System] [CHAT] Grim » mishanyakras12 failed PacketOrderO* (x22) type=USE_ITEM
[20:23:46] [Render thread/INFO] (Minecraft) [System] [CHAT] Grim » mishanyakras12 failed BadPacketsJ (x2) 
[20:23:46] [Render thread/INFO] (Minecraft) [System] [CHAT] Grim » mishanyakras12 failed MultiActionsC (x14) input
[20:23:46] [Render thread/INFO] (Minecraft) [System] [CHAT] Grim » mishanyakras12 failed PacketOrderO* (x23) type=CLICK_WINDOW
[20:23:46] [Render thread/INFO] (Minecraft) [System] [CHAT] Grim » mishanyakras12 failed MultiActionsC (x15) input
[20:23:46] [Render thread/INFO] (Minecraft) [System] [CHAT] Grim » mishanyakras12 failed PacketOrderO* (x24) type=CLICK_WINDOW
[20:23:47] [Render thread/INFO] (Minecraft) [System] [CHAT] Grim » mishanyakras12 failed MultiActionsC (x16) input
[20:23:47] [Render thread/INFO] (Minecraft) [System] [CHAT] Grim » mishanyakras12 failed PacketOrderO* (x25) type=CLICK_WINDOW
[20:23:47] [Render thread/INFO] (Minecraft) [System] [CHAT] Grim » mishanyakras12 failed PacketOrderO* (x26) type=USE_ITEM
[20:23:47] [Render thread/INFO] (Minecraft) [System] [CHAT] Grim » mishanyakras12 failed Post (x7) use item v1.21.4
[20:23:47] [Render thread/INFO] (Minecraft) [System] [CHAT] Grim » mishanyakras12 failed BadPacketsJ (x3) 
[20:23:47] [Render thread/INFO] (Minecraft) [System] [CHAT] Grim » mishanyakras12 failed PacketOrderO* (x27) type=CLICK_WINDOW
[20:23:47] [Render thread/INFO] (Minecraft) [System] [CHAT] Grim » mishanyakras12 failed PacketOrderO* (x28) type=CLICK_WINDOW
[20:23:48] [Render thread/INFO] (Minecraft) [System] [CHAT] Grim » mishanyakras12 failed PacketOrderO* (x29) type=USE_ITEM
[20:23:51] [Render thread/INFO] (Minecraft) [System] [CHAT] Grim » Player529 failed BadPacketsL (x5) pos=0, 0, 0, face=SOUTH, sequence=0, action=drop_item_stack
[20:23:53] [Render thread/INFO] (Minecraft) [System] [CHAT] Grim » mishanyakras12 failed MultiActionsC (x17) input
[20:23:53] [Render thread/INFO] (Minecraft) [System] [CHAT] Grim » mishanyakras12 failed PacketOrderO* (x30) type=CLICK_WINDOW
[20:23:53] [Render thread/INFO] (Minecraft) [System] [CHAT] Grim » mishanyakras12 failed PacketOrderO* (x31) type=USE_ITEM
[20:23:53] [Render thread/INFO] (Minecraft) [System] [CHAT] Grim » mishanyakras12 failed MultiActionsC (x18) input
[20:23:53] [Render thread/INFO] (Minecraft) [System] [CHAT] Grim » mishanyakras12 failed PacketOrderO* (x32) type=CLICK_WINDOW
[20:23:53] [Render thread/INFO] (Minecraft) [System] [CHAT] Grim » mishanyakras12 failed MultiActionsC (x19) input
[20:23:53] [Render thread/INFO] (Minecraft) [System] [CHAT] Grim » mishanyakras12 failed PacketOrderO* (x33) type=CLICK_WINDOW
[20:23:54] [Render thread/INFO] (Minecraft) [System] [CHAT] Grim » Player529 failed BadPacketsL (x6) pos=0, 0, 0, face=EAST, sequence=0, action=drop_item_stack
[20:23:54] [Render thread/INFO] (Minecraft) [System] [CHAT] Grim » Player529 failed PacketOrderG* (x5) action=drop, attacking=false, releasing=false, rightClicking=true, picking=false, digging=false
[20:23:54] [Render thread/INFO] (Minecraft) [System] [CHAT] Grim » mishanyakras12 failed MultiActionsC (x20) input
[20:23:54] [Render thread/INFO] (Minecraft) [System] [CHAT] Grim » mishanyakras12 failed PacketOrderO* (x34) type=CLICK_WINDOW
[20:23:54] [Render thread/INFO] (Minecraft) [System] [CHAT] Grim » mishanyakras12 failed PacketOrderO* (x35) type=USE_ITEM
[20:23:54] [Render thread/INFO] (Minecraft) [System] [CHAT] Grim » mishanyakras12 failed MultiActionsC (x21) input
[20:23:54] [Render thread/INFO] (Minecraft) [System] [CHAT] Grim » mishanyakras12 failed PacketOrderO* (x36) type=CLICK_WINDOW
[20:23:54] [Render thread/INFO] (Minecraft) [System] [CHAT] Grim » mishanyakras12 failed MultiActionsC (x22) input
[20:23:54] [Render thread/INFO] (Minecraft) [System] [CHAT] Grim » mishanyakras12 failed PacketOrderO* (x37) type=CLICK_WINDOW
[20:23:55] [Render thread/INFO] (Minecraft) [System] [CHAT] Grim » Player529 failed BadPacketsL (x7) pos=0, 0, 0, face=WEST, sequence=0, action=drop_item_stack
[20:23:55] [Render thread/INFO] (Minecraft) [System] [CHAT] Grim » Player529 failed PacketOrderG* (x6) action=drop, attacking=false, releasing=false, rightClicking=true, picking=false, digging=false
[20:23:55] [Render thread/INFO] (Minecraft) [System] [CHAT] Grim » mishanyakras12 failed MultiActionsC (x23) input
[20:23:55] [Render thread/INFO] (Minecraft) [System] [CHAT] Grim » mishanyakras12 failed PacketOrderO* (x38) type=CLICK_WINDOW
[20:23:55] [Render thread/INFO] (Minecraft) [System] [CHAT] Grim » mishanyakras12 failed PacketOrderO* (x39) type=USE_ITEM
[20:23:55] [Render thread/INFO] (Minecraft) [System] [CHAT] Grim » mishanyakras12 failed Post (x8) use item v1.21.4
[20:23:55] [Render thread/INFO] (Minecraft) [System] [CHAT] Grim » mishanyakras12 failed MultiActionsC (x24) input
[20:23:55] [Render thread/INFO] (Minecraft) [System] [CHAT] Grim » mishanyakras12 failed PacketOrderO* (x40) type=CLICK_WINDOW
[20:23:55] [Render thread/INFO] (Minecraft) [System] [CHAT] Grim » mishanyakras12 failed MultiActionsC (x25) input
[20:23:55] [Render thread/INFO] (Minecraft) [System] [CHAT] Grim » mishanyakras12 failed PacketOrderO* (x41) type=CLICK_WINDOW
[20:23:56] [Render thread/INFO] (Minecraft) [System] [CHAT] Grim » Player529 failed BadPacketsL (x8) pos=0, 0, 0, face=EAST, sequence=0, action=drop_item_stack
[20:23:56] [Render thread/INFO] (Minecraft) [System] [CHAT] Grim » Player529 failed PacketOrderG* (x7) action=drop, attacking=false, releasing=false, rightClicking=true, picking=false, digging=false
[20:23:56] [Render thread/INFO] (Minecraft) [System] [CHAT] Grim » Player529 failed BadPacketsL (x9) pos=0, 0, 0, face=EAST, sequence=0, action=drop_item_stack
[20:23:56] [Render thread/INFO] (Minecraft) [System] [CHAT] Grim » Player529 failed PacketOrderG* (x8) action=drop, attacking=false, releasing=false, rightClicking=true, picking=false, digging=false
[20:23:57] [Render thread/INFO] (Minecraft) [System] [CHAT] mishanyakras12 left the game
[20:23:57] [Render thread/INFO] (Minecraft) [System] [CHAT] Grim » Player529 failed BadPacketsL (x10) pos=0, 0, 0, face=SOUTH, sequence=0, action=drop_item_stack
[20:23:57] [Render thread/INFO] (Minecraft) [System] [CHAT] Grim » Player529 failed BadPacketsL (x11) pos=0, 0, 0, face=SOUTH, sequence=0, action=drop_item_stack
[20:24:06] [Render thread/INFO] (Minecraft) [System] [CHAT] mishanyakras12 joined the game
[20:24:07] [Render thread/INFO] (Minecraft) [System] [CHAT] Grim » mishanyakras12 failed Simulation (x1) 311.949478 /gl 102
[20:24:08] [Render thread/INFO] (Minecraft) [System] [CHAT] Grim » mishanyakras12 failed Post (x1) use item v1.20
[20:24:09] [Render thread/INFO] (Minecraft) [System] [CHAT] ItzMvl1xr left the game
[20:24:11] [Render thread/INFO] (Minecraft) [System] [CHAT] Grim » mishanyakras12 failed Hitboxes (x1) type=end_crystal
[20:24:11] [Render thread/INFO] (Minecraft) [System] [CHAT] Grim » mishanyakras12 failed PacketOrderB (x1) post-attack
[20:24:11] [Render thread/INFO] (Minecraft) [System] [CHAT] Grim » mishanyakras12 failed Post (x2) interact entity v1.20
[20:24:11] [Render thread/INFO] (Minecraft) [System] [CHAT] Grim » Player529 failed AirLiquidPlace (x1) 
[20:24:11] [Render thread/INFO] (Minecraft) [System] [CHAT] mishanyakras12 left the game
[20:24:11] [Render thread/INFO] (Minecraft) [System] [CHAT] MoKayiiDia was blown up by Player529
[20:24:11] [Render thread/INFO] (Minecraft) [System] [CHAT] Grim » Player529 failed AirLiquidPlace (x2) 
[20:24:17] [Render thread/WARN] (Minecraft) Missing resource minecraft:textures/entity/elytra.png referenced from minecraft:textures/entity/elytra.png
[20:24:19] [Render thread/INFO] (Minecraft) [System] [CHAT] mishanyakras12 joined the game
[20:24:26] [Render thread/INFO] (Minecraft) [System] [CHAT] Grim » mishanyakras12 failed PacketOrderB (x1) post-attack
[20:24:26] [Render thread/INFO] (Minecraft) [System] [CHAT] Grim » mishanyakras12 failed Hitboxes (x1) type=end_crystal
[20:24:26] [Render thread/INFO] (Minecraft) [System] [CHAT] Grim » mishanyakras12 failed PacketOrderB (x2) pre-attack
[20:24:26] [Render thread/INFO] (Minecraft) [System] [CHAT] Grim » mishanyakras12 failed Hitboxes (x2) type=end_crystal
[20:24:26] [Render thread/INFO] (Minecraft) [System] [CHAT] Grim » mishanyakras12 failed Post (x1) interact entity v1.17.1
[20:24:26] [Render thread/INFO] (Minecraft) [System] [CHAT] Grim » mishanyakras12 failed PacketOrderB (x3) pre-attack
[20:24:26] [Render thread/INFO] (Minecraft) [System] [CHAT] Grim » mishanyakras12 failed Hitboxes (x3) type=end_crystal
[20:24:27] [Render thread/INFO] (Minecraft) [System] [CHAT] Grim » mishanyakras12 failed PacketOrderB (x4) pre-attack
[20:24:27] [Render thread/INFO] (Minecraft) [System] [CHAT] Grim » mishanyakras12 failed Hitboxes (x4) type=end_crystal
[20:24:27] [Render thread/INFO] (Minecraft) [System] [CHAT] Grim » mishanyakras12 failed Post (x2) interact entity v1.17.1
[20:24:28] [Render thread/INFO] (Minecraft) [System] [CHAT] Grim » mishanyakras12 failed PacketOrderB (x5) pre-attack
[20:24:28] [Render thread/INFO] (Minecraft) [System] [CHAT] Grim » mishanyakras12 failed Post (x3) use item v1.17.1
[20:24:28] [Render thread/INFO] (Minecraft) [System] [CHAT] Grim » mishanyakras12 failed PacketOrderI* (x1) type=attack, rightClicking=true, picking=false, releasing=false, digging=false
[20:24:28] [Render thread/INFO] (Minecraft) [System] [CHAT] Grim » mishanyakras12 failed Hitboxes (x5) type=end_crystal
[20:24:28] [Render thread/INFO] (Minecraft) [System] [CHAT] Grim » mishanyakras12 failed PacketOrderB (x6) pre-attack
[20:24:28] [Render thread/INFO] (Minecraft) [System] [CHAT] Grim » mishanyakras12 failed Hitboxes (x6) type=end_crystal
[20:24:28] [Render thread/INFO] (Minecraft) [System] [CHAT] Grim » mishanyakras12 failed Post (x4) interact entity v1.17.1
[20:24:28] [Render thread/INFO] (Minecraft) [System] [CHAT] Grim » mishanyakras12 failed PacketOrderB (x7) pre-attack
[20:24:28] [Render thread/INFO] (Minecraft) [System] [CHAT] Grim » mishanyakras12 failed Hitboxes (x7) type=end_crystal
[20:24:28] [Render thread/INFO] (Minecraft) [System] [CHAT] Grim » mishanyakras12 failed Post (x5) interact entity v1.17.1
[20:24:28] [Render thread/INFO] (Minecraft) [System] [CHAT] Grim » Player529 failed AirLiquidPlace (x3) 
[20:24:29] [Render thread/INFO] (Minecraft) [System] [CHAT] Grim » mishanyakras12 failed PacketOrderB (x8) pre-attack
[20:24:29] [Render thread/INFO] (Minecraft) [System] [CHAT] Grim » mishanyakras12 failed Hitboxes (x8) type=end_crystal
[20:24:29] [Render thread/INFO] (Minecraft) [System] [CHAT] Grim » mishanyakras12 failed Post (x6) interact entity v1.17.1
[20:24:30] [Render thread/INFO] (Minecraft) [System] [CHAT] Grim » mishanyakras12 failed Post (x7) use item v1.17.1
[20:24:30] [Render thread/INFO] (Minecraft) [System] [CHAT] Grim » mishanyakras12 failed PacketOrderB (x9) pre-attack
[20:24:30] [Render thread/INFO] (Minecraft) [System] [CHAT] Grim » mishanyakras12 failed Hitboxes (x9) type=end_crystal
[20:24:30] [Render thread/INFO] (Minecraft) [System] [CHAT] Grim » mishanyakras12 failed Post (x8) interact entity v1.17.1
[20:24:31] [Render thread/INFO] (Minecraft) [System] [CHAT] Grim » Player529 failed Simulation (x4) .050878 /gl 103
[20:24:31] [Render thread/INFO] (Minecraft) [System] [CHAT] Grim » Player529 failed Simulation (x5) .132173 /gl 104
[20:24:46] [Render thread/INFO] (Minecraft) [System] [CHAT] MoKayiiDia left the game
[20:24:48] [Render thread/INFO] (Minecraft) [System] [CHAT] hsdzghfsddsdf joined the game
[20:24:49] [Render thread/INFO] (Minecraft) [System] [CHAT] Grim » mishanyakras12 failed Post (x9) use item v1.17.1
[20:24:53] [Render thread/INFO] (Minecraft) [System] [CHAT] Grim » Player529 failed MultiActionsF* (x1) dig
[20:24:53] [Render thread/INFO] (Minecraft) [System] [CHAT] Grim » mishanyakras12 failed Hitboxes (x10) type=end_crystal
[20:24:53] [Render thread/INFO] (Minecraft) [System] [CHAT] Grim » mishanyakras12 failed PacketOrderB (x10) post-attack
[20:24:53] [Render thread/INFO] (Minecraft) [System] [CHAT] Grim » mishanyakras12 failed PacketOrderB (x11) pre-attack
[20:24:53] [Render thread/INFO] (Minecraft) [System] [CHAT] Grim » mishanyakras12 failed Hitboxes (x11) type=end_crystal
[20:24:54] [Render thread/INFO] (Minecraft) [System] [CHAT] Grim » mishanyakras12 failed PacketOrderB (x12) pre-attack
[20:24:54] [Render thread/INFO] (Minecraft) [System] [CHAT] Grim » mishanyakras12 failed Hitboxes (x12) type=end_crystal
[20:24:54] [Render thread/INFO] (Minecraft) [System] [CHAT] Grim » mishanyakras12 failed PacketOrderB (x13) pre-attack
[20:24:54] [Render thread/INFO] (Minecraft) [System] [CHAT] Grim » mishanyakras12 failed Hitboxes (x13) type=end_crystal
[20:24:54] [Render thread/INFO] (Minecraft) [System] [CHAT] Grim » mishanyakras12 failed PacketOrderB (x14) pre-attack
[20:24:54] [Render thread/INFO] (Minecraft) [System] [CHAT] Grim » mishanyakras12 failed Hitboxes (x14) type=end_crystal
[20:24:55] [Render thread/INFO] (Minecraft) [System] [CHAT] Grim » mishanyakras12 failed PacketOrderB (x15) pre-attack
[20:24:55] [Render thread/INFO] (Minecraft) [System] [CHAT] Grim » mishanyakras12 failed Hitboxes (x15) type=end_crystal
[20:24:55] [Render thread/INFO] (Minecraft) [System] [CHAT] Grim » mishanyakras12 failed PacketOrderB (x16) pre-attack
[20:24:55] [Render thread/INFO] (Minecraft) [System] [CHAT] Grim » mishanyakras12 failed Hitboxes (x16) type=end_crystal
[20:24:55] [Render thread/INFO] (Minecraft) [System] [CHAT] Grim » mishanyakras12 failed PacketOrderB (x17) pre-attack
[20:24:55] [Render thread/INFO] (Minecraft) [System] [CHAT] Grim » mishanyakras12 failed Hitboxes (x17) type=end_crystal
[20:24:55] [Render thread/INFO] (Minecraft) [System] [CHAT] Grim » mishanyakras12 failed PacketOrderB (x18) pre-attack
[20:24:55] [Render thread/INFO] (Minecraft) [System] [CHAT] Grim » mishanyakras12 failed Hitboxes (x18) type=end_crystal
[20:24:55] [Render thread/INFO] (Minecraft) [System] [CHAT] Grim » mishanyakras12 failed PacketOrderB (x19) pre-attack
[20:24:55] [Render thread/INFO] (Minecraft) [System] [CHAT] Grim » mishanyakras12 failed Hitboxes (x19) type=end_crystal
[20:24:56] [Render thread/INFO] (Minecraft) [System] [CHAT] Grim » mishanyakras12 failed PacketOrderB (x20) pre-attack
[20:24:56] [Render thread/INFO] (Minecraft) [System] [CHAT] Grim » mishanyakras12 failed Hitboxes (x20) type=end_crystal
[20:24:56] [Render thread/INFO] (Minecraft) [System] [CHAT] Grim » mishanyakras12 failed PacketOrderB (x21) pre-attack
[20:24:56] [Render thread/INFO] (Minecraft) [System] [CHAT] Grim » mishanyakras12 failed Hitboxes (x21) type=end_crystal
[20:24:56] [Render thread/INFO] (Minecraft) [System] [CHAT] Grim » mishanyakras12 failed PacketOrderB (x22) pre-attack
[20:24:56] [Render thread/INFO] (Minecraft) [System] [CHAT] Grim » mishanyakras12 failed Hitboxes (x22) type=end_crystal
[20:24:56] [Render thread/INFO] (Minecraft) [System] [CHAT] Grim » mishanyakras12 failed PacketOrderB (x23) pre-attack
[20:24:56] [Render thread/INFO] (Minecraft) [System] [CHAT] Grim » mishanyakras12 failed Hitboxes (x23) type=end_crystal
[20:24:56] [Render thread/INFO] (Minecraft) [System] [CHAT] Grim » mishanyakras12 failed PacketOrderB (x24) pre-attack
[20:24:56] [Render thread/INFO] (Minecraft) [System] [CHAT] Grim » mishanyakras12 failed Hitboxes (x24) type=end_crystal
[20:24:57] [Render thread/INFO] (Minecraft) [System] [CHAT] Grim » mishanyakras12 failed PacketOrderB (x25) pre-attack
[20:24:57] [Render thread/INFO] (Minecraft) [System] [CHAT] Grim » Player529 failed MultiActionsF* (x2) place
[20:24:57] [Render thread/INFO] (Minecraft) [System] [CHAT] Grim » mishanyakras12 failed Hitboxes (x25) type=end_crystal
[20:24:57] [Render thread/INFO] (Minecraft) [System] [CHAT] Grim » mishanyakras12 failed PacketOrderB (x26) pre-attack
[20:24:57] [Render thread/INFO] (Minecraft) [System] [CHAT] Grim » Player529 failed MultiActionsF* (x3) place
[20:24:57] [Render thread/INFO] (Minecraft) [System] [CHAT] Grim » mishanyakras12 failed Hitboxes (x26) type=end_crystal
[20:24:57] [Render thread/INFO] (Minecraft) [System] [CHAT] Grim » Player529 failed PacketOrderJ* (x1) 
[20:24:57] [Render thread/INFO] (Minecraft) [System] [CHAT] Grim » Player529 failed MultiActionsF* (x4) place
[20:24:57] [Render thread/INFO] (Minecraft) [System] [CHAT] Grim » Player529 failed PacketOrderJ* (x2) 
[20:24:57] [Render thread/INFO] (Minecraft) [System] [CHAT] Grim » Player529 failed MultiActionsF* (x5) place
[20:24:57] [Render thread/INFO] (Minecraft) [System] [CHAT] Grim » mishanyakras12 failed PacketOrderB (x27) pre-attack
[20:24:57] [Render thread/INFO] (Minecraft) [System] [CHAT] Grim » mishanyakras12 failed Hitboxes (x27) type=end_crystal
[20:24:57] [Render thread/INFO] (Minecraft) [System] [CHAT] Grim » Player529 failed PacketOrderJ* (x3) 
[20:24:57] [Render thread/INFO] (Minecraft) [System] [CHAT] Grim » Player529 failed MultiActionsF* (x6) place
[20:24:57] [Render thread/INFO] (Minecraft) [System] [CHAT] Grim » mishanyakras12 failed PacketOrderB (x28) pre-attack
[20:24:57] [Render thread/INFO] (Minecraft) [System] [CHAT] Grim » mishanyakras12 failed Hitboxes (x28) type=end_crystal
[20:24:58] [Render thread/INFO] (Minecraft) [System] [CHAT] Grim » Player529 failed PacketOrderJ* (x4) 
[20:24:58] [Render thread/INFO] (Minecraft) [System] [CHAT] Grim » Player529 failed MultiActionsF* (x7) place
[20:24:58] [Render thread/INFO] (Minecraft) [System] [CHAT] Grim » Player529 failed PacketOrderJ* (x5) 
[20:24:58] [Render thread/INFO] (Minecraft) [System] [CHAT] Grim » Player529 failed MultiActionsF* (x8) place
[20:24:58] [Render thread/INFO] (Minecraft) [System] [CHAT] Grim » mishanyakras12 failed PacketOrderB (x29) pre-attack
[20:24:58] [Render thread/INFO] (Minecraft) [System] [CHAT] Grim » mishanyakras12 failed Hitboxes (x29) type=end_crystal
[20:24:58] [Render thread/INFO] (Minecraft) [System] [CHAT] Grim » mishanyakras12 failed PacketOrderB (x30) pre-attack
[20:24:58] [Render thread/INFO] (Minecraft) [System] [CHAT] Grim » mishanyakras12 failed Hitboxes (x30) type=end_crystal
[20:24:59] [Render thread/INFO] (Minecraft) [System] [CHAT] Grim » mishanyakras12 failed PacketOrderB (x31) pre-attack
[20:24:59] [Render thread/INFO] (Minecraft) [System] [CHAT] Grim » mishanyakras12 failed Hitboxes (x31) type=end_crystal
[20:24:59] [Render thread/INFO] (Minecraft) [System] [CHAT] Grim » mishanyakras12 failed PacketOrderB (x32) pre-attack
[20:24:59] [Render thread/INFO] (Minecraft) [System] [CHAT] Grim » mishanyakras12 failed Hitboxes (x32) type=end_crystal
[20:24:59] [Render thread/INFO] (Minecraft) [System] [CHAT] Grim » mishanyakras12 failed PacketOrderB (x33) pre-attack
[20:24:59] [Render thread/INFO] (Minecraft) [System] [CHAT] Grim » mishanyakras12 failed Hitboxes (x33) type=end_crystal
[20:24:59] [Render thread/INFO] (Minecraft) [System] [CHAT] Grim » mishanyakras12 failed PacketOrderB (x34) pre-attack
[20:24:59] [Render thread/INFO] (Minecraft) [System] [CHAT] Grim » mishanyakras12 failed Hitboxes (x34) type=end_crystal
[20:24:59] [Render thread/INFO] (Minecraft) [System] [CHAT] Grim » mishanyakras12 failed PacketOrderB (x35) pre-attack
[20:25:00] [Render thread/INFO] (Minecraft) [System] [CHAT] Grim » mishanyakras12 failed Hitboxes (x35) type=end_crystal
[20:25:00] [Render thread/INFO] (Minecraft) [System] [CHAT] Grim » mishanyakras12 failed PacketOrderB (x36) pre-attack
[20:25:00] [Render thread/INFO] (Minecraft) [System] [CHAT] Grim » mishanyakras12 failed Hitboxes (x36) type=end_crystal
[20:25:00] [Render thread/INFO] (Minecraft) [System] [CHAT] Grim » mishanyakras12 failed PacketOrderB (x37) pre-attack
[20:25:00] [Render thread/INFO] (Minecraft) [System] [CHAT] Grim » mishanyakras12 failed Hitboxes (x37) type=end_crystal
[20:25:00] [Render thread/INFO] (Minecraft) [System] [CHAT] Grim » mishanyakras12 failed PacketOrderB (x38) pre-attack
[20:25:00] [Render thread/INFO] (Minecraft) [System] [CHAT] Grim » mishanyakras12 failed Hitboxes (x38) type=end_crystal
[20:25:00] [Render thread/INFO] (Minecraft) [System] [CHAT] Grim » mishanyakras12 failed PacketOrderB (x39) pre-attack
[20:25:00] [Render thread/INFO] (Minecraft) [System] [CHAT] Grim » mishanyakras12 failed Hitboxes (x39) type=end_crystal
[20:25:04] [Render thread/INFO] (Minecraft) [System] [CHAT] Grim » mishanyakras12 failed PacketOrderB (x40) pre-attack
[20:25:04] [Render thread/INFO] (Minecraft) [System] [CHAT] Grim » mishanyakras12 failed Hitboxes (x40) type=end_crystal
[20:25:04] [Render thread/INFO] (Minecraft) [System] [CHAT] Grim » mishanyakras12 failed PacketOrderB (x41) pre-attack
[20:25:04] [Render thread/INFO] (Minecraft) [System] [CHAT] Grim » mishanyakras12 failed Hitboxes (x41) type=end_crystal
[20:25:05] [Render thread/INFO] (Minecraft) [System] [CHAT] Grim » mishanyakras12 failed PacketOrderB (x42) pre-attack
[20:25:05] [Render thread/INFO] (Minecraft) [System] [CHAT] Grim » mishanyakras12 failed Hitboxes (x42) type=end_crystal
[20:25:05] [Render thread/INFO] (Minecraft) [System] [CHAT] Grim » mishanyakras12 failed PacketOrderB (x43) pre-attack
[20:25:05] [Render thread/INFO] (Minecraft) [System] [CHAT] Grim » mishanyakras12 failed Hitboxes (x43) type=end_crystal
[20:25:06] [Render thread/INFO] (Minecraft) [System] [CHAT] D0x0RSwaT left the game
[20:25:07] [Render thread/INFO] (Minecraft) [System] [CHAT] RTqyiw left the game
[20:25:08] [Render thread/INFO] (Minecraft) [System] [CHAT] mishanyakras12 left the game
[20:25:11] [Render thread/INFO] (Minecraft) [System] [CHAT] Grim » Player529 failed PacketOrderJ* (x6) 
[20:25:11] [Render thread/INFO] (Minecraft) [System] [CHAT] Grim » Player529 failed MultiActionsF* (x9) place
[20:25:11] [Render thread/INFO] (Minecraft) [System] [CHAT] Grim » Player529 failed PacketOrderJ* (x7) 
[20:25:11] [Render thread/INFO] (Minecraft) [System] [CHAT] Grim » Player529 failed MultiActionsF* (x10) place
[20:25:11] [Render thread/INFO] (Minecraft) [System] [CHAT] Grim » Player529 failed PacketOrderJ* (x8) 
[20:25:11] [Render thread/INFO] (Minecraft) [System] [CHAT] Grim » Player529 failed MultiActionsF* (x11) place
[20:25:11] [Render thread/INFO] (Minecraft) [System] [CHAT] Grim » Player529 failed PacketOrderJ* (x9) 
[20:25:11] [Render thread/INFO] (Minecraft) [System] [CHAT] Grim » Player529 failed PacketOrderJ* (x10) 
[20:25:11] [Render thread/INFO] (Minecraft) [System] [CHAT] Grim » Player529 failed PacketOrderJ* (x11) 
[20:25:11] [Render thread/INFO] (Minecraft) [System] [CHAT] Grim » Player529 failed MultiActionsF* (x12) place
[20:25:11] [Render thread/INFO] (Minecraft) [System] [CHAT] Grim » Player529 failed MultiActionsF* (x13) place
[20:25:16] [Render thread/INFO] (Minecraft) [System] [CHAT] mishanyakras12 joined the game
[20:25:18] [Render thread/INFO] (Minecraft) [System] [CHAT] Grim » mishanyakras12 failed MultiActionsC (x1) input
[20:25:18] [Render thread/INFO] (Minecraft) [System] [CHAT] Grim » mishanyakras12 failed PacketOrderO* (x1) type=CLICK_WINDOW
[20:25:18] [Render thread/INFO] (Minecraft) [System] [CHAT] Grim » mishanyakras12 failed PacketOrderO* (x2) type=USE_ITEM
[20:25:18] [Render thread/INFO] (Minecraft) [System] [CHAT] Grim » mishanyakras12 failed MultiActionsC (x2) input
[20:25:18] [Render thread/INFO] (Minecraft) [System] [CHAT] Grim » mishanyakras12 failed PacketOrderO* (x3) type=CLICK_WINDOW
[20:25:18] [Render thread/INFO] (Minecraft) [System] [CHAT] Grim » mishanyakras12 failed MultiActionsC (x3) input
[20:25:18] [Render thread/INFO] (Minecraft) [System] [CHAT] Grim » mishanyakras12 failed PacketOrderO* (x4) type=CLICK_WINDOW
[20:25:18] [Render thread/INFO] (Minecraft) [System] [CHAT] Grim » Player529 failed BadPacketsL (x12) pos=0, 0, 0, face=WEST, sequence=0, action=drop_item_stack
[20:25:18] [Render thread/INFO] (Minecraft) [System] [CHAT] Grim » Player529 failed PacketOrderG* (x9) action=drop, attacking=false, releasing=false, rightClicking=true, picking=false, digging=false
[20:25:20] [Render thread/INFO] (Minecraft) [System] [CHAT] Grim » Player529 failed BadPacketsL (x13) pos=0, 0, 0, face=WEST, sequence=0, action=drop_item_stack
[20:25:20] [Render thread/INFO] (Minecraft) [System] [CHAT] Grim » Player529 failed PacketOrderG* (x10) action=drop, attacking=false, releasing=false, rightClicking=true, picking=false, digging=false
[20:25:20] [Render thread/INFO] (Minecraft) [System] [CHAT] Grim » Player529 failed BadPacketsL (x14) pos=0, 0, 0, face=WEST, sequence=0, action=drop_item_stack
[20:25:20] [Render thread/INFO] (Minecraft) [System] [CHAT] Grim » Player529 failed BadPacketsL (x15) pos=0, 0, 0, face=WEST, sequence=0, action=drop_item_stack
[20:25:20] [Render thread/INFO] (Minecraft) [System] [CHAT] Grim » Player529 failed BadPacketsL (x16) pos=0, 0, 0, face=WEST, sequence=0, action=drop_item_stack
[20:25:20] [Render thread/INFO] (Minecraft) [System] [CHAT] Grim » Player529 failed PacketOrderG* (x11) action=drop, attacking=false, releasing=false, rightClicking=true, picking=false, digging=false
[20:25:21] [Render thread/INFO] (Minecraft) [System] [CHAT] Grim » Player529 failed BadPacketsL (x17) pos=0, 0, 0, face=WEST, sequence=0, action=drop_item_stack
[20:25:21] [Render thread/INFO] (Minecraft) [System] [CHAT] Grim » Player529 failed PacketOrderG* (x12) action=drop, attacking=false, releasing=false, rightClicking=true, picking=false, digging=false
[20:25:22] [Render thread/INFO] (Minecraft) [System] [CHAT] Grim » mishanyakras12 failed MultiActionsC (x4) input
[20:25:22] [Render thread/INFO] (Minecraft) [System] [CHAT] Grim » mishanyakras12 failed PacketOrderO* (x5) type=CLICK_WINDOW
[20:25:22] [Render thread/INFO] (Minecraft) [System] [CHAT] Grim » mishanyakras12 failed PacketOrderO* (x6) type=USE_ITEM
[20:25:22] [Render thread/INFO] (Minecraft) [System] [CHAT] Grim » mishanyakras12 failed Post (x1) use item v1.21.4
[20:25:22] [Render thread/INFO] (Minecraft) [System] [CHAT] Grim » mishanyakras12 failed MultiActionsC (x5) input
[20:25:22] [Render thread/INFO] (Minecraft) [System] [CHAT] Grim » mishanyakras12 failed PacketOrderO* (x7) type=CLICK_WINDOW
[20:25:22] [Render thread/INFO] (Minecraft) [System] [CHAT] Grim » mishanyakras12 failed MultiActionsC (x6) input
[20:25:22] [Render thread/INFO] (Minecraft) [System] [CHAT] Grim » mishanyakras12 failed PacketOrderO* (x8) type=CLICK_WINDOW
[20:25:22] [Render thread/INFO] (Minecraft) [System] [CHAT] Grim » Player529 failed BadPacketsL (x18) pos=0, 0, 0, face=WEST, sequence=0, action=drop_item_stack
[20:25:22] [Render thread/INFO] (Minecraft) [System] [CHAT] Grim » Player529 failed PacketOrderG* (x13) action=drop, attacking=false, releasing=false, rightClicking=true, picking=false, digging=false
[20:25:23] [Render thread/INFO] (Minecraft) [System] [CHAT] Grim » Player529 failed BadPacketsL (x19) pos=0, 0, 0, face=EAST, sequence=0, action=drop_item_stack
[20:25:23] [Render thread/INFO] (Minecraft) [System] [CHAT] Grim » Player529 failed PacketOrderG* (x14) action=drop, attacking=false, releasing=false, rightClicking=true, picking=false, digging=false
[20:25:25] [Render thread/INFO] (Minecraft) [System] [CHAT] Grim » Player529 failed BadPacketsL (x20) pos=0, 0, 0, face=EAST, sequence=0, action=drop_item_stack
[20:25:25] [Render thread/INFO] (Minecraft) [System] [CHAT] Grim » Player529 failed PacketOrderG* (x15) action=drop, attacking=false, releasing=false, rightClicking=true, picking=false, digging=false
[20:25:26] [Render thread/INFO] (Minecraft) [System] [CHAT] Grim » Player529 failed BadPacketsL (x20) pos=0, 0, 0, face=SOUTH, sequence=0, action=drop_item_stack
[20:25:26] [Render thread/INFO] (Minecraft) [System] [CHAT] Grim » Player529 failed PacketOrderG* (x16) action=drop, attacking=false, releasing=false, rightClicking=true, picking=false, digging=false
[20:25:30] [Render thread/INFO] (Minecraft) [System] [CHAT] Grim » mishanyakras12 failed Hitboxes (x1) type=end_crystal
[20:25:30] [Render thread/INFO] (Minecraft) [System] [CHAT] Grim » mishanyakras12 failed PacketOrderB (x1) post-attack
[20:25:31] [Render thread/INFO] (Minecraft) [System] [CHAT] Grim » mishanyakras12 failed PacketOrderB (x2) pre-attack
[20:25:31] [Render thread/INFO] (Minecraft) [System] [CHAT] Grim » mishanyakras12 failed Hitboxes (x2) type=end_crystal
[20:25:31] [Render thread/INFO] (Minecraft) [System] [CHAT] Grim » mishanyakras12 failed Post (x2) interact entity v1.21.4
[20:25:31] [Render thread/INFO] (Minecraft) [System] [CHAT] Grim » mishanyakras12 failed PacketOrderB (x3) pre-attack
[20:25:31] [Render thread/INFO] (Minecraft) [System] [CHAT] Grim » mishanyakras12 failed Hitboxes (x3) type=end_crystal
[20:25:31] [Render thread/INFO] (Minecraft) [System] [CHAT] Grim » mishanyakras12 failed PacketOrderB (x4) pre-attack
[20:25:31] [Render thread/INFO] (Minecraft) [System] [CHAT] Grim » mishanyakras12 failed Hitboxes (x4) type=end_crystal
[20:25:33] [Render thread/INFO] (Minecraft) [System] [CHAT] Grim » Player529 failed PacketOrderJ* (x12) 
[20:25:33] [Render thread/INFO] (Minecraft) [System] [CHAT] Grim » Player529 failed PacketOrderJ* (x13) 
[20:25:33] [Render thread/INFO] (Minecraft) [System] [CHAT] Grim » mishanyakras12 failed PacketOrderB (x5) pre-attack
[20:25:33] [Render thread/INFO] (Minecraft) [System] [CHAT] Grim » mishanyakras12 failed Hitboxes (x5) type=end_crystal
[20:25:33] [Render thread/INFO] (Minecraft) [System] [CHAT] 1NeverCry joined the game
[20:25:34] [Render thread/INFO] (Minecraft) [System] [CHAT] Player841 was blown up by Player529
[20:25:34] [Render thread/INFO] (Minecraft) Loaded 45 advancements
[20:25:34] [Render thread/INFO] (Minecraft) [System] [CHAT] Grim » mishanyakras12 failed PacketOrderB (x6) pre-attack
[20:25:34] [Render thread/INFO] (Minecraft) [System] [CHAT] Grim » mishanyakras12 failed Hitboxes (x6) type=end_crystal
[20:25:34] [Render thread/INFO] (Minecraft) [System] [CHAT] Grim » mishanyakras12 failed PacketOrderB (x7) pre-attack
[20:25:34] [Render thread/INFO] (Minecraft) [System] [CHAT] Grim » mishanyakras12 failed Hitboxes (x7) type=end_crystal
[20:25:34] [Render thread/INFO] (Minecraft) [System] [CHAT] Grim » mishanyakras12 failed PacketOrderB (x8) pre-attack
[20:25:34] [Render thread/INFO] (Minecraft) [System] [CHAT] Grim » mishanyakras12 failed Hitboxes (x8) type=end_crystal
[20:25:34] [Render thread/INFO] (Minecraft) [System] [CHAT] Grim » mishanyakras12 failed PacketOrderB (x9) pre-attack
[20:25:34] [Render thread/INFO] (Minecraft) [System] [CHAT] Grim » mishanyakras12 failed Hitboxes (x9) type=end_crystal
[20:25:35] [Render thread/INFO] (Minecraft) [System] [CHAT] Grim » mishanyakras12 failed PacketOrderB (x10) pre-attack
[20:25:35] [Render thread/INFO] (Minecraft) [System] [CHAT] Grim » mishanyakras12 failed Hitboxes (x10) type=end_crystal
[20:25:35] [Render thread/INFO] (Minecraft) [System] [CHAT] Grim » Player529 failed AirLiquidPlace (x4) 
[20:25:36] [Render thread/INFO] (Minecraft) [System] [CHAT] Grim » mishanyakras12 failed PacketOrderB (x11) pre-attack
[20:25:36] [Render thread/INFO] (Minecraft) [System] [CHAT] Grim » mishanyakras12 failed Hitboxes (x11) type=end_crystal
[20:25:36] [Render thread/INFO] (Minecraft) [System] [CHAT] Grim » Player529 failed AirLiquidPlace (x5) 
[20:25:36] [Render thread/INFO] (Minecraft) [System] [CHAT] Grim » Player529 failed Simulation (x3) .067944 /gl 105
[20:25:36] [Render thread/INFO] (Minecraft) [System] [CHAT] Grim » mishanyakras12 failed PacketOrderB (x12) pre-attack
[20:25:36] [Render thread/INFO] (Minecraft) [System] [CHAT] Grim » mishanyakras12 failed Hitboxes (x12) type=end_crystal
[20:25:37] [Render thread/INFO] (Minecraft) [System] [CHAT] You are now invulnerable
[20:25:38] [Render thread/INFO] (Minecraft) [System] [CHAT] Grim » mishanyakras12 failed PacketOrderB (x13) pre-attack
[20:25:38] [Render thread/INFO] (Minecraft) [System] [CHAT] Grim » mishanyakras12 failed Hitboxes (x13) type=end_crystal
[20:25:38] [Render thread/INFO] (Minecraft) [System] [CHAT] Grim » mishanyakras12 failed Post (x3) interact entity v1.21.4
[20:25:40] [Render thread/INFO] (Minecraft) [System] [CHAT] D0x0RSwaT joined the game
[20:25:54] [Render thread/INFO] (Minecraft) [System] [CHAT] hsdzghfsddsdf left the game
[20:25:58] [Render thread/INFO] (Minecraft) [System] [CHAT] Grim » Player529 failed PacketOrderJ* (x14) 
[20:25:58] [Render thread/INFO] (Minecraft) [System] [CHAT] Grim » Player529 failed MultiActionsF* (x14) place
[20:25:58] [Render thread/INFO] (Minecraft) [System] [CHAT] Grim » mishanyakras12 failed PacketOrderB (x14) pre-attack
[20:25:58] [Render thread/INFO] (Minecraft) [System] [CHAT] Grim » mishanyakras12 failed Hitboxes (x14) type=end_crystal
[20:25:58] [Render thread/INFO] (Minecraft) [System] [CHAT] Grim » Player529 failed PacketOrderJ* (x15) 
[20:25:58] [Render thread/INFO] (Minecraft) [System] [CHAT] Grim » Player529 failed MultiActionsF* (x15) place
[20:25:58] [Render thread/INFO] (Minecraft) [System] [CHAT] Grim » Player529 failed PacketOrderJ* (x16) 
[20:25:58] [Render thread/INFO] (Minecraft) [System] [CHAT] Grim » Player529 failed MultiActionsF* (x16) place
[20:25:58] [Render thread/INFO] (Minecraft) [System] [CHAT] Grim » mishanyakras12 failed PacketOrderB (x15) pre-attack
[20:25:58] [Render thread/INFO] (Minecraft) [System] [CHAT] Grim » mishanyakras12 failed Hitboxes (x15) type=end_crystal
[20:25:59] [Render thread/INFO] (Minecraft) [System] [CHAT] Grim » Player529 failed PacketOrderJ* (x17) 
[20:25:59] [Render thread/INFO] (Minecraft) [System] [CHAT] Grim » Player529 failed MultiActionsF* (x17) place
[20:25:59] [Render thread/INFO] (Minecraft) [System] [CHAT] Grim » mishanyakras12 failed Post (x4) interact entity v1.21.4
[20:25:59] [Render thread/INFO] (Minecraft) [System] [CHAT] Grim » Player529 failed PacketOrderJ* (x18) 
[20:25:59] [Render thread/INFO] (Minecraft) [System] [CHAT] Grim » Player529 failed MultiActionsF* (x18) place
[20:25:59] [Render thread/INFO] (Minecraft) [System] [CHAT] Grim » mishanyakras12 failed PacketOrderB (x16) pre-attack
[20:25:59] [Render thread/INFO] (Minecraft) [System] [CHAT] Grim » mishanyakras12 failed Hitboxes (x16) type=end_crystal
[20:25:59] [Render thread/INFO] (Minecraft) [System] [CHAT] Grim » Player529 failed PacketOrderJ* (x19) 
[20:25:59] [Render thread/INFO] (Minecraft) [System] [CHAT] Grim » Player529 failed MultiActionsF* (x19) place
[20:25:59] [Render thread/INFO] (Minecraft) [System] [CHAT] Grim » Player529 failed PacketOrderJ* (x20) 
[20:25:59] [Render thread/INFO] (Minecraft) [System] [CHAT] Grim » Player529 failed MultiActionsF* (x20) place
[20:25:59] [Render thread/INFO] (Minecraft) [System] [CHAT] Grim » mishanyakras12 failed PacketOrderB (x17) pre-attack
[20:25:59] [Render thread/INFO] (Minecraft) [System] [CHAT] Grim » mishanyakras12 failed Hitboxes (x17) type=end_crystal
[20:25:59] [Render thread/INFO] (Minecraft) [System] [CHAT] Grim » mishanyakras12 failed PacketOrderB (x18) pre-attack
[20:25:59] [Render thread/INFO] (Minecraft) [System] [CHAT] Grim » mishanyakras12 failed Hitboxes (x18) type=end_crystal
[20:26:01] [Render thread/INFO] (Minecraft) [System] [CHAT] Grim » mishanyakras12 failed PacketOrderB (x19) pre-attack
[20:26:01] [Render thread/INFO] (Minecraft) [System] [CHAT] Grim » mishanyakras12 failed Hitboxes (x19) type=end_crystal
[20:26:01] [Render thread/INFO] (Minecraft) [System] [CHAT] Grim » mishanyakras12 failed PacketOrderB (x20) pre-attack
[20:26:01] [Render thread/INFO] (Minecraft) [System] [CHAT] Grim » mishanyakras12 failed Hitboxes (x20) type=end_crystal
[20:26:01] [Render thread/INFO] (Minecraft) [System] [CHAT] Grim » mishanyakras12 failed PacketOrderB (x21) pre-attack
[20:26:01] [Render thread/INFO] (Minecraft) [System] [CHAT] Grim » mishanyakras12 failed Hitboxes (x21) type=end_crystal
[20:26:02] [Render thread/INFO] (Minecraft) [System] [CHAT] Grim » mishanyakras12 failed Post (x5) interact entity v1.21.4
[20:26:02] [Render thread/INFO] (Minecraft) [System] [CHAT] Grim » mishanyakras12 failed Post (x6) interact entity v1.21.4
[20:26:02] [Render thread/INFO] (Minecraft) [System] [CHAT] Grim » mishanyakras12 failed Post (x7) interact entity v1.21.4
[20:26:35] [Render thread/INFO] (Minecraft) [System] [CHAT] Grim » mishanyakras12 failed PacketOrderO* (x9) type=USE_ITEM
[20:26:35] [Render thread/INFO] (Minecraft) [System] [CHAT] Grim » mishanyakras12 failed Post (x8) use item v1.21.4
[20:26:37] [Render thread/INFO] (Minecraft) [System] [CHAT] Grim » mishanyakras12 failed PacketOrderO* (x10) type=USE_ITEM
[20:26:37] [Render thread/INFO] (Minecraft) [System] [CHAT] Grim » mishanyakras12 failed Post (x9) use item v1.21.4
[20:26:38] [Render thread/INFO] (Minecraft) Stopping!
